;generated by ffslicer 2.4.4 07/16/26 09:42:43
;gcode_flavor: flashforge
;machine_type: Creator 4
;right_extruder_material: ABS
;right_extruder_material_density: 1.04
;filament_diameter0: 1.75
;right_extruder_temperature: 230
;layer_height: 0.18
;perimeter_shells: 3
;top_solid_layers: 4
;bottom_solid_layers: 3
;fill_density: 20%
;fill_pattern: hexagon
;base_print_speed: 50
;travel_speed: 80
;platform_temperature: 110
;right_extruder_temperature_raft0: 235
;right_extruder_temperature_reset: 
;left_extruder_temperature_reset: 
;layer_total_count: 115
;start gcode
M118 X16.63 Y16.63 Z21.22 T0
M140 S110 T0
M104 S235 T0
M104 S0 T1
M654 P60
M653 S55
M656 S300
M107 T0
M107 T1
M204 S1000
M900 K0.000 T0
G90
G1 Z50.000 F420
M7 T0
M6 T0
M652
;layer_count: 115
M108 T0
G1 X11.88 Y-16.38 F4800
;preExtrude:0.20
G1 Z0.200 F420
;structure:pre-extrude
G1 X11.88 Y-16.38 F4800
G1 X13.58 Y-15.61 E0.2359 F1200
G1 X15.00 Y-14.40 E0.4717
G1 X16.02 Y-12.84 E0.7072
G1 X16.55 Y-11.10 E0.9371
G1 X16.63 Y-10.09 E1.0652
G1 X16.63 Y10.14 E3.6220
G1 X16.38 Y11.88 E3.8442
G1 X15.61 Y13.58 E4.0801
G1 X14.40 Y15.00 E4.3159
G1 X12.84 Y16.02 E4.5514
G1 X11.10 Y16.55 E4.7813
G1 X10.09 Y16.63 E4.9094
G1 X-10.14 Y16.63 E7.4662
G1 X-11.88 Y16.38 E7.6884
G1 X-13.58 Y15.61 E7.9243
G1 X-15.00 Y14.40 E8.1601
G1 X-16.02 Y12.84 E8.3956
G1 X-16.55 Y11.10 E8.6255
G1 X-16.63 Y10.09 E8.7536
G1 X-16.63 Y-10.14 E11.3104
G1 X-16.38 Y-11.88 E11.5326
G1 X-15.61 Y-13.58 E11.7685
G1 X-14.40 Y-15.00 E12.0042
G1 X-12.84 Y-16.02 E12.2398
G1 X-11.10 Y-16.55 E12.4697
G1 X-10.09 Y-16.63 E12.5978
G1 X10.14 Y-16.63 E15.1546
G1 X11.88 Y-16.38 E15.3768
;raft
;layer:0.40
;support-start
G1 E15.0768 F1800
G1 Z0.400 F420
G1 X11.43 Y-14.83 F4800
G1 E15.3768 F1800
;structure:raft
G1 X11.43 Y-14.83 F4200
G1 X12.71 Y-14.25 E15.7320 F900
G1 X13.78 Y-13.33 E16.0887
G1 X14.56 Y-12.15 E16.4463
G1 X14.97 Y-10.80 E16.8029
G1 X15.03 Y-10.03 E16.9981
G1 X15.03 Y10.03 E22.0688
G1 X14.83 Y11.43 E22.4263
G1 X14.25 Y12.71 E22.7815
G1 X13.33 Y13.78 E23.1382
G1 X12.15 Y14.56 E23.4958
G1 X10.80 Y14.97 E23.8524
G1 X10.03 Y15.03 E24.0477
G1 X-10.03 Y15.03 E29.1184
G1 X-11.43 Y14.83 E29.4758
G1 X-12.71 Y14.25 E29.8311
G1 X-13.78 Y13.33 E30.1878
G1 X-14.56 Y12.15 E30.5453
G1 X-14.97 Y10.80 E30.9020
G1 X-15.03 Y10.03 E31.0972
G1 X-15.03 Y-10.03 E36.1679
G1 X-14.83 Y-11.43 E36.5254
G1 X-14.25 Y-12.71 E36.8806
G1 X-13.33 Y-13.78 E37.2373
G1 X-12.15 Y-14.56 E37.5948
G1 X-10.80 Y-14.97 E37.9515
G1 X-10.03 Y-15.03 E38.1467
G1 X10.03 Y-15.03 E43.2174
G1 X11.43 Y-14.83 E43.5749
G1 E43.2749 F1800
G1 X14.23 Y-9.87 F4800
G1 E43.5749 F1800
G1 X14.23 Y-9.87 F4200
G1 X9.87 Y-14.23 E45.1335 F900
G1 X3.85 Y-14.23 E46.6552
G1 X14.23 Y-3.85 E50.3659
G1 X14.23 Y2.18 E51.8901
G1 X-2.17 Y-14.23 E57.7546
G1 X-8.20 Y-14.23 E59.2789
G1 X14.23 Y8.20 E67.2971
G1 X14.23 Y9.97 E67.7446
G1 X14.06 Y11.20 E68.0584
G1 X13.57 Y12.28 E68.3582
G1 X12.97 Y12.97 E68.5893
G1 X-12.97 Y-12.97 E77.8624
G1 X-13.57 Y-12.28 E78.0935
G1 X-14.05 Y-11.20 E78.3923
G1 X-14.23 Y-9.97 E78.7065
G1 X-14.23 Y-8.21 E79.1514
G1 X8.21 Y14.23 E87.1733
G1 X2.18 Y14.23 E88.6975
G1 X-14.23 Y-2.18 E94.5638
G1 X-14.23 Y3.84 E96.0855
G1 X-3.84 Y14.23 E99.7997
G1 X-9.86 Y14.23 E101.3214
G1 X-14.23 Y9.86 E102.8836
;support-end
;layer:0.30
;support-start
M104 S230 T0
G1 E102.5836 F1800
G1 Z0.700 F420
G1 X11.43 Y-14.83 F4800
G1 E102.8836 F1800
G1 X11.43 Y-14.83 F4800
G1 X12.71 Y-14.25 E102.9502 F2100
G1 X13.78 Y-13.33 E103.0171
G1 X14.56 Y-12.15 E103.0841
G1 X14.97 Y-10.80 E103.1510
G1 X15.03 Y-10.03 E103.1876
G1 X15.03 Y10.03 E104.1384
G1 X14.83 Y11.43 E104.2054
G1 X14.25 Y12.71 E104.2720
G1 X13.33 Y13.78 E104.3389
G1 X12.15 Y14.56 E104.4059
G1 X10.80 Y14.97 E104.4728
G1 X10.03 Y15.03 E104.5094
G1 X-10.03 Y15.03 E105.4601
G1 X-11.43 Y14.83 E105.5272
G1 X-12.71 Y14.25 E105.5938
G1 X-13.78 Y13.33 E105.6607
G1 X-14.56 Y12.15 E105.7277
G1 X-14.97 Y10.80 E105.7946
G1 X-15.03 Y10.03 E105.8312
G1 X-15.03 Y-10.03 E106.7819
G1 X-14.83 Y-11.43 E106.8490
G1 X-14.25 Y-12.71 E106.9156
G1 X-13.33 Y-13.78 E106.9824
G1 X-12.15 Y-14.56 E107.0495
G1 X-10.80 Y-14.97 E107.1163
G1 X-10.03 Y-15.03 E107.1529
G1 X10.03 Y-15.03 E108.1037
G1 X11.43 Y-14.83 E108.1707
G1 E107.8707 F1800
G1 X-14.53 Y-11.59 F4800
G1 E108.1707 F1800
G1 X-14.53 Y-11.59 F4800
G1 X-11.62 Y-14.51 E108.3661 F2100
G1 X-10.76 Y-14.77 E108.4087
G1 X-10.03 Y-14.83 E108.4434
G1 X-9.36 Y-14.83 E108.4752
G1 X-14.83 Y-9.36 E108.8418
G1 X-14.83 Y-7.43 E108.9333
G1 X-7.43 Y-14.83 E109.4293
G1 X-5.49 Y-14.83 E109.5212
G1 X-14.83 Y-5.49 E110.1473
G1 X-14.83 Y-3.56 E110.2388
G1 X-3.56 Y-14.83 E110.9942
G1 X-1.62 Y-14.83 E111.0861
G1 X-14.83 Y-1.62 E111.9715
G1 X-14.83 Y0.32 E112.0635
G1 X0.32 Y-14.83 E113.0790
G1 X2.25 Y-14.83 E113.1704
G1 X-14.83 Y2.25 E114.3153
G1 X-14.83 Y4.19 E114.4072
G1 X4.19 Y-14.83 E115.6821
G1 X6.12 Y-14.83 E115.7736
G1 X-14.83 Y6.12 E117.1778
G1 X-14.83 Y8.06 E117.2697
G1 X8.06 Y-14.83 E118.8040
G1 X10.00 Y-14.83 E118.8959
G1 X-14.83 Y10.00 E120.5602
G1 X-14.77 Y10.77 E120.5968
G1 X-14.51 Y11.61 E120.6385
G1 X11.63 Y-14.52 E122.3903
G1 X12.60 Y-14.08 E122.4408
G1 X12.88 Y-13.84 E122.4582
G1 X-13.84 Y12.88 E124.2492
G1 X-13.63 Y13.20 E124.2674
G1 X-12.87 Y13.85 E124.3148
G1 X13.85 Y-12.87 E126.1057
G1 X14.37 Y-12.07 E126.1510
G1 X14.51 Y-11.60 E126.1742
G1 X-11.61 Y14.53 E127.9253
G1 X-11.37 Y14.64 E127.9378
G1 X-9.98 Y14.83 E128.0043
G1 X14.83 Y-9.98 E129.6673
G1 X14.83 Y-8.04 E129.7592
G1 X-8.04 Y14.83 E131.2921
G1 X-6.11 Y14.83 E131.3836
G1 X14.83 Y-6.11 E132.7872
G1 X14.83 Y-4.17 E132.8791
G1 X-4.17 Y14.83 E134.1526
G1 X-2.23 Y14.83 E134.2446
G1 X14.83 Y-2.23 E135.3881
G1 X14.83 Y-0.30 E135.4796
G1 X-0.30 Y14.83 E136.4937
G1 X1.64 Y14.83 E136.5856
G1 X14.83 Y1.64 E137.4697
G1 X14.83 Y3.57 E137.5612
G1 X3.57 Y14.83 E138.3159
G1 X5.51 Y14.83 E138.4079
G1 X14.83 Y5.51 E139.0326
G1 X14.83 Y7.45 E139.1245
G1 X7.44 Y14.83 E139.6195
G1 X9.38 Y14.83 E139.7115
G1 X14.83 Y9.38 E140.0768
G1 X14.83 Y10.02 E140.1071
G1 X14.64 Y11.37 E140.1717
G1 X14.52 Y11.62 E140.1849
G1 X11.64 Y14.50 E140.3779
;support-end
;layer:0.20
;support-start
M106 S77 T0
G1 E140.0779 F1800
G1 X11.43 Y-14.83 F4800
G1 Z0.900 F420
G1 E140.3779 F1800
G1 X11.43 Y-14.83 F4800
G1 X12.71 Y-14.25 E140.4223 F2100
G1 X13.78 Y-13.33 E140.4669
G1 X14.56 Y-12.15 E140.5116
G1 X14.97 Y-10.80 E140.5562
G1 X15.03 Y-10.03 E140.5806
G1 X15.03 Y10.03 E141.2144
G1 X14.83 Y11.43 E141.2591
G1 X14.25 Y12.71 E141.3035
G1 X13.33 Y13.78 E141.3481
G1 X12.15 Y14.56 E141.3928
G1 X10.80 Y14.97 E141.4374
G1 X10.03 Y15.03 E141.4618
G1 X-10.03 Y15.03 E142.0956
G1 X-11.43 Y14.83 E142.1403
G1 X-12.71 Y14.25 E142.1847
G1 X-13.78 Y13.33 E142.2293
G1 X-14.56 Y12.15 E142.2740
G1 X-14.97 Y10.80 E142.3186
G1 X-15.03 Y10.03 E142.3430
G1 X-15.03 Y-10.03 E142.9768
G1 X-14.83 Y-11.43 E143.0215
G1 X-14.25 Y-12.71 E143.0659
G1 X-13.33 Y-13.78 E143.1105
G1 X-12.15 Y-14.56 E143.1552
G1 X-10.80 Y-14.97 E143.1998
G1 X-10.03 Y-15.03 E143.2242
G1 X10.03 Y-15.03 E143.8580
G1 X11.43 Y-14.83 E143.9027
G1 E143.6027 F1800
G1 X13.74 Y-13.03 F4800
G1 E143.9027 F1800
G1 X13.74 Y-13.03 F4800
G1 X13.22 Y-13.55 E143.9259 F2100
G1 X12.60 Y-14.08 E143.9517
G1 X11.68 Y-14.50 E143.9837
G1 X14.49 Y-11.68 E144.1095
G1 X14.75 Y-10.82 E144.1378
G1 X10.87 Y-14.71 E144.3114
G1 X10.18 Y-14.81 E144.3335
G1 X14.82 Y-10.16 E144.5410
G1 X14.83 Y-9.56 E144.5600
G1 X9.56 Y-14.83 E144.7955
G1 X8.96 Y-14.83 E144.8144
G1 X14.83 Y-8.96 E145.0767
G1 X14.83 Y-8.37 E145.0954
G1 X8.37 Y-14.83 E145.3840
G1 X7.77 Y-14.83 E145.4030
G1 X14.83 Y-7.77 E145.7185
G1 X14.83 Y-7.18 E145.7371
G1 X7.18 Y-14.83 E146.0790
G1 X6.58 Y-14.83 E146.0979
G1 X14.83 Y-6.58 E146.4666
G1 X14.83 Y-5.99 E146.4852
G1 X5.99 Y-14.83 E146.8802
G1 X5.39 Y-14.83 E146.8992
G1 X14.83 Y-5.39 E147.3210
G1 X14.83 Y-4.80 E147.3397
G1 X4.80 Y-14.83 E147.7878
G1 X4.20 Y-14.83 E147.8068
G1 X14.83 Y-4.20 E148.2818
G1 X14.83 Y-3.61 E148.3004
G1 X3.61 Y-14.83 E148.8018
G1 X3.01 Y-14.83 E148.8208
G1 X14.83 Y-3.01 E149.3489
G1 X14.83 Y-2.41 E149.3679
G1 X2.41 Y-14.83 E149.9229
G1 X1.82 Y-14.83 E149.9415
G1 X14.83 Y-1.82 E150.5229
G1 X14.83 Y-1.22 E150.5418
G1 X1.22 Y-14.83 E151.1500
G1 X0.63 Y-14.83 E151.1686
G1 X14.83 Y-0.63 E151.8031
G1 X14.83 Y-0.03 E151.8221
G1 X0.03 Y-14.83 E152.4834
G1 X-0.56 Y-14.83 E152.5021
G1 X14.83 Y0.56 E153.1898
G1 X14.83 Y1.16 E153.2087
G1 X-1.16 Y-14.83 E153.9232
G1 X-1.75 Y-14.83 E153.9419
G1 X14.83 Y1.75 E154.6828
G1 X14.83 Y2.35 E154.7017
G1 X-2.35 Y-14.83 E155.4694
G1 X-2.94 Y-14.83 E155.4881
G1 X14.83 Y2.94 E156.2821
G1 X14.83 Y3.54 E156.3010
G1 X-3.54 Y-14.83 E157.1219
G1 X-4.13 Y-14.83 E157.1405
G1 X14.83 Y4.13 E157.9878
G1 X14.83 Y4.73 E158.0067
G1 X-4.73 Y-14.83 E158.8808
G1 X-5.32 Y-14.83 E158.8994
G1 X14.83 Y5.32 E159.7998
G1 X14.83 Y5.92 E159.8188
G1 X-5.92 Y-14.83 E160.7460
G1 X-6.51 Y-14.83 E160.7646
G1 X14.83 Y6.51 E161.7182
G1 X14.83 Y7.11 E161.7372
G1 X-7.11 Y-14.83 E162.7176
G1 X-7.71 Y-14.83 E162.7365
G1 X14.83 Y7.71 E163.7437
G1 X14.83 Y8.30 E163.7624
G1 X-8.30 Y-14.83 E164.7959
G1 X-8.90 Y-14.83 E164.8149
G1 X14.83 Y8.90 E165.8752
G1 X14.83 Y9.49 E165.8939
G1 X-9.49 Y-14.83 E166.9806
G1 X-10.08 Y-14.82 E166.9993
G1 X14.82 Y10.08 E168.1119
G1 X14.75 Y10.60 E168.1285
G1 X-10.64 Y-14.78 E169.2628
G1 X-10.76 Y-14.77 E169.2666
G1 X-11.11 Y-14.66 E169.2782
G1 X14.67 Y11.12 E170.4302
G1 X14.64 Y11.37 E170.4382
G1 X14.54 Y11.59 E170.4458
G1 X-11.57 Y-14.52 E171.6125
G1 X-12.02 Y-14.38 E171.6274
G1 X14.35 Y11.99 E172.8058
G1 X14.17 Y12.40 E172.8199
G1 X-12.39 Y-14.16 E174.0067
G1 X-12.75 Y-13.92 E174.0204
G1 X13.94 Y12.77 E175.2131
G1 X13.66 Y13.09 E175.2265
G1 X-13.11 Y-13.69 E176.4229
G1 X-13.41 Y-13.38 E176.4366
G1 X13.39 Y13.41 E177.6339
G1 X13.20 Y13.63 E177.6431
G1 X13.09 Y13.70 E177.6472
G1 X-13.68 Y-13.06 E178.8432
G1 X-13.96 Y-12.74 E178.8567
G1 X12.73 Y13.94 E180.0491
G1 X12.37 Y14.18 E180.0627
G1 X-14.18 Y-12.37 E181.2491
G1 X-14.37 Y-11.96 E181.2634
G1 X11.99 Y14.40 E182.4413
G1 X11.54 Y14.53 E182.4561
G1 X-14.55 Y-11.55 E183.6217
G1 X-14.64 Y-11.37 E183.6281
G1 X-14.68 Y-11.08 E183.6373
G1 X11.08 Y14.68 E184.7884
G1 X10.77 Y14.77 E184.7986
G1 X10.60 Y14.78 E184.8040
G1 X-14.75 Y-10.56 E185.9366
G1 X-14.82 Y-10.04 E185.9531
G1 X10.04 Y14.83 E187.0642
G1 X9.45 Y14.83 E187.0829
G1 X-14.83 Y-9.45 E188.1678
G1 X-14.83 Y-8.85 E188.1868
G1 X8.85 Y14.83 E189.2449
G1 X8.26 Y14.83 E189.2636
G1 X-14.83 Y-8.26 E190.2953
G1 X-14.83 Y-7.66 E190.3143
G1 X7.66 Y14.83 E191.3193
G1 X7.07 Y14.83 E191.3379
G1 X-14.83 Y-7.07 E192.3165
G1 X-14.83 Y-6.47 E192.3355
G1 X6.47 Y14.83 E193.2873
G1 X5.88 Y14.83 E193.3059
G1 X-14.83 Y-5.87 E194.2311
G1 X-14.83 Y-5.28 E194.2498
G1 X5.28 Y14.83 E195.1484
G1 X4.68 Y14.83 E195.1673
G1 X-14.83 Y-4.68 E196.0391
G1 X-14.83 Y-4.09 E196.0578
G1 X4.09 Y14.83 E196.9032
G1 X3.49 Y14.83 E196.9221
G1 X-14.83 Y-3.49 E197.7408
G1 X-14.83 Y-2.90 E197.7594
G1 X2.90 Y14.83 E198.5517
G1 X2.30 Y14.83 E198.5706
G1 X-14.83 Y-2.30 E199.3361
G1 X-14.83 Y-1.71 E199.3547
G1 X1.71 Y14.83 E200.0938
G1 X1.11 Y14.83 E200.1128
G1 X-14.83 Y-1.11 E200.8251
G1 X-14.83 Y-0.52 E200.8437
G1 X0.52 Y14.83 E201.5296
G1 X-0.08 Y14.83 E201.5486
G1 X-14.83 Y0.08 E202.2077
G1 X-14.83 Y0.67 E202.2263
G1 X-0.67 Y14.83 E202.8591
G1 X-1.27 Y14.83 E202.8780
G1 X-14.83 Y1.27 E203.4839
G1 X-14.83 Y1.87 E203.5029
G1 X-1.86 Y14.83 E204.0822
G1 X-2.46 Y14.83 E204.1012
G1 X-14.83 Y2.46 E204.6539
G1 X-14.83 Y3.06 E204.6729
G1 X-3.05 Y14.83 E205.1991
G1 X-3.65 Y14.83 E205.2180
G1 X-14.83 Y3.65 E205.7176
G1 X-14.83 Y4.25 E205.7366
G1 X-4.24 Y14.83 E206.2095
G1 X-4.84 Y14.83 E206.2285
G1 X-14.83 Y4.84 E206.6749
G1 X-14.83 Y5.44 E206.6939
G1 X-5.44 Y14.83 E207.1134
G1 X-6.03 Y14.83 E207.1321
G1 X-14.83 Y6.03 E207.5253
G1 X-14.83 Y6.63 E207.5443
G1 X-6.63 Y14.83 E207.9107
G1 X-7.22 Y14.83 E207.9293
G1 X-14.83 Y7.22 E208.2694
G1 X-14.83 Y7.82 E208.2883
G1 X-7.82 Y14.83 E208.6016
G1 X-8.41 Y14.83 E208.6202
G1 X-14.83 Y8.41 E208.9071
G1 X-14.83 Y9.01 E208.9261
G1 X-9.01 Y14.83 E209.1861
G1 X-9.60 Y14.83 E209.2048
G1 X-14.83 Y9.60 E209.4385
G1 X-14.81 Y10.22 E209.4581
G1 X-10.23 Y14.80 E209.6627
G1 X-10.92 Y14.70 E209.6848
G1 X-14.73 Y10.89 E209.8550
G1 X-14.47 Y11.75 E209.8834
G1 X-11.76 Y14.46 E210.0045
G1 X-12.60 Y14.08 E210.0336
G1 X-13.53 Y13.28 E210.0724
G1 X-13.66 Y13.16 E210.0780
;support-end
;layer:0.20
;support-start
G1 E209.7780 F1800
G1 X11.43 Y-14.83 F4800
G1 Z1.100 F420
G1 E210.0780 F1800
G1 X11.43 Y-14.83 F4800
G1 X12.71 Y-14.25 E210.1224 F2100
G1 X13.78 Y-13.33 E210.1670
G1 X14.56 Y-12.15 E210.2117
G1 X14.97 Y-10.80 E210.2562
G1 X15.03 Y-10.03 E210.2806
G1 X15.03 Y10.03 E210.9145
G1 X14.83 Y11.43 E210.9592
G1 X14.25 Y12.71 E211.0036
G1 X13.33 Y13.78 E211.0482
G1 X12.15 Y14.56 E211.0929
G1 X10.80 Y14.97 E211.1374
G1 X10.03 Y15.03 E211.1618
G1 X-10.03 Y15.03 E211.7957
G1 X-11.43 Y14.83 E211.8404
G1 X-12.71 Y14.25 E211.8848
G1 X-13.78 Y13.33 E211.9294
G1 X-14.56 Y12.15 E211.9741
G1 X-14.97 Y10.80 E212.0186
G1 X-15.03 Y10.03 E212.0430
G1 X-15.03 Y-10.03 E212.6769
G1 X-14.83 Y-11.43 E212.7216
G1 X-14.25 Y-12.71 E212.7660
G1 X-13.33 Y-13.78 E212.8106
G1 X-12.15 Y-14.56 E212.8553
G1 X-10.80 Y-14.97 E212.8998
G1 X-10.03 Y-15.03 E212.9243
G1 X10.03 Y-15.03 E213.5581
G1 X11.43 Y-14.83 E213.6028
G1 E213.3028 F1800
G1 X-13.02 Y-13.74 F4800
G1 E213.6028 F1800
G1 X-13.02 Y-13.74 F4800
G1 X-13.55 Y-13.22 E213.6262 F2100
G1 X-14.08 Y-12.60 E213.6520
G1 X-14.50 Y-11.68 E213.6840
G1 X-11.68 Y-14.49 E213.8097
G1 X-10.82 Y-14.75 E213.8381
G1 X-14.71 Y-10.87 E214.0117
G1 X-14.81 Y-10.18 E214.0338
G1 X-10.16 Y-14.82 E214.2413
G1 X-9.56 Y-14.83 E214.2603
G1 X-14.83 Y-9.56 E214.4958
G1 X-14.83 Y-8.96 E214.5147
G1 X-8.96 Y-14.83 E214.7770
G1 X-8.37 Y-14.83 E214.7957
G1 X-14.83 Y-8.37 E215.0843
G1 X-14.83 Y-7.77 E215.1033
G1 X-7.77 Y-14.83 E215.4188
G1 X-7.18 Y-14.83 E215.4374
G1 X-14.83 Y-7.18 E215.7793
G1 X-14.83 Y-6.58 E215.7982
G1 X-6.58 Y-14.83 E216.1669
G1 X-5.99 Y-14.83 E216.1855
G1 X-14.83 Y-5.99 E216.5805
G1 X-14.83 Y-5.39 E216.5995
G1 X-5.39 Y-14.83 E217.0213
G1 X-4.80 Y-14.83 E217.0399
G1 X-14.83 Y-4.80 E217.4881
G1 X-14.83 Y-4.20 E217.5071
G1 X-4.20 Y-14.83 E217.9821
G1 X-3.60 Y-14.83 E218.0010
G1 X-14.83 Y-3.60 E218.5028
G1 X-14.83 Y-3.01 E218.5215
G1 X-3.01 Y-14.83 E219.0497
G1 X-2.41 Y-14.83 E219.0686
G1 X-14.83 Y-2.41 E219.6236
G1 X-14.83 Y-1.82 E219.6422
G1 X-1.82 Y-14.83 E220.2236
G1 X-1.22 Y-14.83 E220.2426
G1 X-14.83 Y-1.22 E220.8507
G1 X-14.83 Y-0.63 E220.8694
G1 X-0.63 Y-14.83 E221.5039
G1 X-0.03 Y-14.83 E221.5228
G1 X-14.83 Y-0.03 E222.1842
G1 X-14.83 Y0.56 E222.2028
G1 X0.56 Y-14.83 E222.8905
G1 X1.16 Y-14.83 E222.9095
G1 X-14.83 Y1.16 E223.6240
G1 X-14.83 Y1.75 E223.6426
G1 X1.75 Y-14.83 E224.3835
G1 X2.35 Y-14.83 E224.4025
G1 X-14.83 Y2.35 E225.1702
G1 X-14.83 Y2.94 E225.1888
G1 X2.94 Y-14.83 E225.9828
G1 X3.54 Y-14.83 E226.0018
G1 X-14.83 Y3.54 E226.8227
G1 X-14.83 Y4.14 E226.8416
G1 X4.14 Y-14.83 E227.6893
G1 X4.73 Y-14.83 E227.7079
G1 X-14.83 Y4.73 E228.5820
G1 X-14.83 Y5.32 E228.6006
G1 X5.32 Y-14.83 E229.5010
G1 X5.92 Y-14.83 E229.5200
G1 X-14.83 Y5.92 E230.4472
G1 X-14.83 Y6.52 E230.4661
G1 X6.52 Y-14.83 E231.4202
G1 X7.11 Y-14.83 E231.4388
G1 X-14.83 Y7.11 E232.4192
G1 X-14.83 Y7.71 E232.4382
G1 X7.71 Y-14.83 E233.4454
G1 X8.30 Y-14.83 E233.4640
G1 X-14.83 Y8.30 E234.4976
G1 X-14.83 Y8.90 E234.5165
G1 X8.90 Y-14.83 E235.5769
G1 X9.49 Y-14.83 E235.5955
G1 X-14.83 Y9.49 E236.6823
G1 X-14.82 Y10.08 E236.7009
G1 X10.08 Y-14.82 E237.8136
G1 X10.60 Y-14.74 E237.8302
G1 X-14.78 Y10.64 E238.9643
G1 X-14.77 Y10.77 E238.9684
G1 X-14.66 Y11.11 E238.9797
G1 X11.12 Y-14.67 E240.1317
G1 X11.37 Y-14.64 E240.1397
G1 X11.59 Y-14.54 E240.1473
G1 X-14.52 Y11.57 E241.3140
G1 X-14.38 Y12.03 E241.3292
G1 X11.99 Y-14.35 E242.5078
G1 X12.40 Y-14.17 E242.5219
G1 X-14.16 Y12.39 E243.7088
G1 X-13.92 Y12.75 E243.7224
G1 X12.77 Y-13.94 E244.9151
G1 X13.09 Y-13.66 E244.9285
G1 X-13.69 Y13.11 E246.1249
G1 X-13.38 Y13.41 E246.1386
G1 X13.41 Y-13.39 E247.3359
G1 X13.63 Y-13.20 E247.3451
G1 X13.70 Y-13.09 E247.3492
G1 X-13.06 Y13.68 E248.5452
G1 X-12.74 Y13.96 E248.5587
G1 X13.94 Y-12.73 E249.7511
G1 X14.18 Y-12.36 E249.7650
G1 X-12.37 Y14.18 E250.9512
G1 X-11.96 Y14.37 E250.9655
G1 X14.40 Y-11.99 E252.1434
G1 X14.53 Y-11.53 E252.1585
G1 X-11.55 Y14.55 E253.3239
G1 X-11.37 Y14.64 E253.3302
G1 X-11.08 Y14.68 E253.3395
G1 X14.68 Y-11.08 E254.4906
G1 X14.77 Y-10.76 E254.5011
G1 X14.78 Y-10.59 E254.5065
G1 X-10.56 Y14.75 E255.6388
G1 X-10.04 Y14.82 E255.6553
G1 X14.83 Y-10.04 E256.7664
G1 X14.83 Y-9.45 E256.7851
G1 X-9.45 Y14.83 E257.8700
G1 X-8.85 Y14.83 E257.8890
G1 X14.83 Y-8.85 E258.9471
G1 X14.83 Y-8.26 E258.9658
G1 X-8.26 Y14.83 E259.9976
G1 X-7.66 Y14.83 E260.0165
G1 X14.83 Y-7.66 E261.0215
G1 X14.83 Y-7.06 E261.0404
G1 X-7.07 Y14.83 E262.0188
G1 X-6.47 Y14.83 E262.0378
G1 X14.83 Y-6.47 E262.9895
G1 X14.83 Y-5.87 E263.0085
G1 X-5.87 Y14.83 E263.9335
G1 X-5.28 Y14.83 E263.9521
G1 X14.83 Y-5.28 E264.8507
G1 X14.83 Y-4.68 E264.8697
G1 X-4.68 Y14.83 E265.7415
G1 X-4.09 Y14.83 E265.7602
G1 X14.83 Y-4.09 E266.6056
G1 X14.83 Y-3.49 E266.6246
G1 X-3.49 Y14.83 E267.4432
G1 X-2.90 Y14.83 E267.4619
G1 X14.83 Y-2.90 E268.2542
G1 X14.83 Y-2.30 E268.2731
G1 X-2.30 Y14.83 E269.0386
G1 X-1.71 Y14.83 E269.0573
G1 X14.83 Y-1.71 E269.7964
G1 X14.83 Y-1.11 E269.8153
G1 X-1.11 Y14.83 E270.5276
G1 X-0.52 Y14.83 E270.5463
G1 X14.83 Y-0.51 E271.2319
G1 X14.83 Y0.08 E271.2506
G1 X0.08 Y14.83 E271.9097
G1 X0.67 Y14.83 E271.9283
G1 X14.83 Y0.68 E272.5609
G1 X14.83 Y1.27 E272.5795
G1 X1.27 Y14.83 E273.1855
G1 X1.87 Y14.83 E273.2044
G1 X14.83 Y1.87 E273.7836
G1 X14.83 Y2.46 E273.8022
G1 X2.46 Y14.83 E274.3550
G1 X3.06 Y14.83 E274.3739
G1 X14.83 Y3.06 E274.8999
G1 X14.83 Y3.65 E274.9185
G1 X3.65 Y14.83 E275.4181
G1 X4.25 Y14.83 E275.4371
G1 X14.83 Y4.25 E275.9099
G1 X14.83 Y4.84 E275.9285
G1 X4.84 Y14.83 E276.3749
G1 X5.44 Y14.83 E276.3939
G1 X14.83 Y5.44 E276.8135
G1 X14.83 Y6.03 E276.8322
G1 X6.03 Y14.83 E277.2254
G1 X6.63 Y14.83 E277.2444
G1 X14.83 Y6.63 E277.6107
G1 X14.83 Y7.22 E277.6294
G1 X7.22 Y14.83 E277.9695
G1 X7.82 Y14.83 E277.9884
G1 X14.83 Y7.82 E278.3017
G1 X14.83 Y8.41 E278.3203
G1 X8.41 Y14.83 E278.6072
G1 X9.01 Y14.83 E278.6262
G1 X14.83 Y9.01 E278.8863
G1 X14.83 Y9.61 E278.9052
G1 X9.60 Y14.83 E279.1387
G1 X10.22 Y14.81 E279.1583
G1 X14.80 Y10.23 E279.3629
G1 X14.70 Y10.93 E279.3853
G1 X10.89 Y14.73 E279.5553
G1 X11.75 Y14.47 E279.5837
G1 X14.46 Y11.76 E279.7048
G1 X14.08 Y12.60 E279.7339
G1 X13.28 Y13.53 E279.7726
G1 X13.16 Y13.66 E279.7783
;support-end
;layer:0.23
G1 Z1.320 F420
G1 E279.4782 F1800
G1 Z1.550 F420
G1 X9.03 Y-9.03 F4200
G1 E279.7783 F1800
;structure:shell-inner
G1 X9.03 Y-9.03 F4200
G1 X9.03 Y0.97 E280.1416 F900
G1 X9.03 Y9.03 E280.4345
G1 X7.09 Y9.03 E280.5050
G1 X-2.91 Y9.03 E280.8684
G1 X-9.03 Y9.03 E281.0908
G1 X-9.03 Y5.15 E281.2318
G1 X-9.03 Y-4.85 E281.5951
G1 X-9.03 Y-9.03 E281.7470
G1 X9.03 Y-9.03 E282.4033
G1 E282.1032 F1800
G1 X9.43 Y-9.43 F4200
G1 E282.4033 F1800
G1 X9.43 Y-9.43 F4200
G1 X9.43 Y9.43 E283.0886 F900
G1 X-9.43 Y9.43 E283.7739
G1 X-9.43 Y-9.43 E284.4592
G1 X9.43 Y-9.43 E285.1445
G1 E284.8445 F1800
G1 X9.83 Y-9.83 F4200
G1 E285.1445 F1800
;structure:shell-outer
G1 X9.83 Y-9.83 F4200
M204 S500
G1 X9.83 Y9.83 E285.8589 F900
G1 X-9.83 Y9.83 E286.5732
G1 X-9.83 Y-9.83 E287.2876
G1 X9.83 Y-9.83 E288.0020
G1 E287.7020 F1800
M204 S1000
G1 X8.69 Y-8.31 F4200
G1 E288.0020 F1800
;structure:infill-solid
;extrude_ratio:0.947368
G1 X8.69 Y-8.31 F4200
M204 S500
G1 X8.31 Y-8.69 E288.0205 F900
;extrude_ratio:1
G1 X7.73 Y-8.69 E288.0416
;extrude_ratio:0.947368
G1 X8.69 Y-7.73 E288.0883
;extrude_ratio:1
G1 X8.69 Y-7.16 E288.1090
;extrude_ratio:0.947368
G1 X7.16 Y-8.69 E288.1835
;extrude_ratio:1
G1 X6.59 Y-8.69 E288.2043
;extrude_ratio:0.947368
G1 X8.69 Y-6.59 E288.3065
;extrude_ratio:1
G1 X8.69 Y-6.01 E288.3276
;extrude_ratio:0.947368
G1 X6.01 Y-8.69 E288.4580
;extrude_ratio:1
G1 X5.44 Y-8.69 E288.4788
;extrude_ratio:0.947368
G1 X8.69 Y-5.44 E288.6370
;extrude_ratio:1
G1 X8.69 Y-4.87 E288.6577
;extrude_ratio:0.947368
G1 X4.87 Y-8.69 E288.8437
;extrude_ratio:1
G1 X4.30 Y-8.69 E288.8644
;extrude_ratio:0.947368
G1 X8.69 Y-4.30 E289.0781
;extrude_ratio:1
G1 X8.69 Y-3.72 E289.0992
;extrude_ratio:0.947368
G1 X3.72 Y-8.69 E289.3411
;extrude_ratio:1
G1 X3.15 Y-8.69 E289.3618
;extrude_ratio:0.947368
G1 X8.69 Y-3.15 E289.6316
;extrude_ratio:1
G1 X8.69 Y-2.58 E289.6523
;extrude_ratio:0.947368
G1 X2.58 Y-8.69 E289.9497
;extrude_ratio:1
G1 X2.01 Y-8.69 E289.9705
;extrude_ratio:0.947368
G1 X8.69 Y-2.01 E290.2957
;extrude_ratio:1
G1 X8.69 Y-1.43 E290.3167
;extrude_ratio:0.947368
G1 X1.43 Y-8.69 E290.6702
;extrude_ratio:1
G1 X0.86 Y-8.69 E290.6909
;extrude_ratio:0.947368
G1 X8.69 Y-0.86 E291.0721
;extrude_ratio:1
G1 X8.69 Y-0.29 E291.0928
;extrude_ratio:0.947368
G1 X0.29 Y-8.69 E291.5017
;extrude_ratio:1
G1 X-0.28 Y-8.69 E291.5225
;extrude_ratio:0.947368
G1 X8.69 Y0.28 E291.9592
;extrude_ratio:1
G1 X8.69 Y0.86 E291.9802
;extrude_ratio:0.947368
G1 X-0.86 Y-8.69 E292.4452
;extrude_ratio:1
G1 X-1.43 Y-8.69 E292.4659
;extrude_ratio:0.947368
G1 X8.69 Y1.43 E292.9586
;extrude_ratio:1
G1 X8.69 Y2.00 E292.9793
;extrude_ratio:0.947368
G1 X-2.00 Y-8.69 E293.4997
;extrude_ratio:1
G1 X-2.58 Y-8.69 E293.5208
;extrude_ratio:0.947368
G1 X8.69 Y2.58 E294.0694
;extrude_ratio:1
G1 X8.69 Y3.15 E294.0901
;extrude_ratio:0.947368
G1 X-3.15 Y-8.69 E294.6666
;extrude_ratio:1
G1 X-3.72 Y-8.69 E294.6873
;extrude_ratio:0.947368
G1 X8.69 Y3.72 E295.2914
;extrude_ratio:1
G1 X8.69 Y4.29 E295.3122
;extrude_ratio:0.947368
G1 X-4.29 Y-8.69 E295.9441
;extrude_ratio:1
G1 X-4.87 Y-8.69 E295.9651
;extrude_ratio:0.947368
G1 X8.69 Y4.87 E296.6253
;extrude_ratio:1
G1 X8.69 Y5.44 E296.6460
;extrude_ratio:0.947368
G1 X-5.44 Y-8.69 E297.3339
;extrude_ratio:1
G1 X-6.01 Y-8.69 E297.3546
;extrude_ratio:0.947368
G1 X8.69 Y6.01 E298.0703
;extrude_ratio:1
G1 X8.69 Y6.59 E298.0913
;extrude_ratio:0.947368
G1 X-6.59 Y-8.69 E298.8352
;extrude_ratio:1
G1 X-7.16 Y-8.69 E298.8559
;extrude_ratio:0.947368
G1 X8.69 Y7.16 E299.6276
;extrude_ratio:1
G1 X8.69 Y7.73 E299.6483
;extrude_ratio:0.947368
G1 X-7.73 Y-8.69 E300.4477
;extrude_ratio:1
G1 X-8.30 Y-8.69 E300.4684
;extrude_ratio:0.947368
G1 X8.69 Y8.30 E301.2955
;extrude_ratio:1
G1 X8.69 Y8.69 E301.3097
G1 X8.50 Y8.69 E301.3166
;extrude_ratio:0.947368
G1 X-8.69 Y-8.50 E302.1534
;extrude_ratio:1
G1 X-8.69 Y-7.93 E302.1742
;extrude_ratio:0.947368
G1 X7.93 Y8.69 E302.9833
;extrude_ratio:1
G1 X7.36 Y8.69 E303.0040
;extrude_ratio:0.947368
G1 X-8.69 Y-7.36 E303.7854
;extrude_ratio:1
G1 X-8.69 Y-6.78 E303.8064
;extrude_ratio:0.947368
G1 X6.78 Y8.69 E304.5596
;extrude_ratio:1
G1 X6.21 Y8.69 E304.5803
;extrude_ratio:0.947368
G1 X-8.69 Y-6.21 E305.3057
;extrude_ratio:1
G1 X-8.69 Y-5.64 E305.3264
;extrude_ratio:0.947368
G1 X5.64 Y8.69 E306.0240
;extrude_ratio:1
G1 X5.06 Y8.69 E306.0451
;extrude_ratio:0.947368
G1 X-8.69 Y-5.06 E306.7145
;extrude_ratio:1
G1 X-8.69 Y-4.49 E306.7352
;extrude_ratio:0.947368
G1 X4.49 Y8.69 E307.3768
;extrude_ratio:1
G1 X3.92 Y8.69 E307.3976
;extrude_ratio:0.947368
G1 X-8.69 Y-3.92 E308.0115
;extrude_ratio:1
G1 X-8.69 Y-3.35 E308.0322
;extrude_ratio:0.947368
G1 X3.35 Y8.69 E308.6183
;extrude_ratio:1
G1 X2.77 Y8.69 E308.6394
;extrude_ratio:0.947368
G1 X-8.69 Y-2.77 E309.1973
;extrude_ratio:1
G1 X-8.69 Y-2.20 E309.2180
;extrude_ratio:0.947368
G1 X2.20 Y8.69 E309.7482
;extrude_ratio:1
G1 X1.63 Y8.69 E309.7689
;extrude_ratio:0.947368
G1 X-8.69 Y-1.63 E310.2713
;extrude_ratio:1
G1 X-8.69 Y-1.05 E310.2924
;extrude_ratio:0.947368
G1 X1.05 Y8.69 E310.7666
;extrude_ratio:1
G1 X0.48 Y8.69 E310.7873
;extrude_ratio:0.947368
G1 X-8.69 Y-0.48 E311.2337
;extrude_ratio:1
G1 X-8.69 Y0.09 E311.2544
;extrude_ratio:0.947368
G1 X-0.09 Y8.69 E311.6731
;extrude_ratio:1
G1 X-0.66 Y8.69 E311.6938
;extrude_ratio:0.947368
G1 X-8.69 Y0.66 E312.0848
;extrude_ratio:1
G1 X-8.69 Y1.24 E312.1058
;extrude_ratio:0.947368
G1 X-1.24 Y8.69 E312.4685
;extrude_ratio:1
G1 X-1.81 Y8.69 E312.4893
;extrude_ratio:0.947368
G1 X-8.69 Y1.81 E312.8242
;extrude_ratio:1
G1 X-8.69 Y2.38 E312.8449
;extrude_ratio:0.947368
G1 X-2.38 Y8.69 E313.1521
;extrude_ratio:1
G1 X-2.95 Y8.69 E313.1728
;extrude_ratio:0.947368
G1 X-8.69 Y2.95 E313.4522
;extrude_ratio:1
G1 X-8.69 Y3.53 E313.4733
;extrude_ratio:0.947368
G1 X-3.53 Y8.69 E313.7245
;extrude_ratio:1
G1 X-4.10 Y8.69 E313.7452
;extrude_ratio:0.947368
G1 X-8.69 Y4.10 E313.9687
;extrude_ratio:1
G1 X-8.69 Y4.67 E313.9894
;extrude_ratio:0.947368
G1 X-4.67 Y8.69 E314.1852
;extrude_ratio:1
G1 X-5.24 Y8.69 E314.2059
;extrude_ratio:0.947368
G1 X-8.69 Y5.24 E314.3738
;extrude_ratio:1
G1 X-8.69 Y5.82 E314.3949
;extrude_ratio:0.947368
G1 X-5.82 Y8.69 E314.5346
;extrude_ratio:1
G1 X-6.39 Y8.69 E314.5554
;extrude_ratio:0.947368
G1 X-8.69 Y6.39 E314.6673
;extrude_ratio:1
G1 X-8.69 Y6.96 E314.6880
;extrude_ratio:0.947368
G1 X-6.96 Y8.69 E314.7722
;extrude_ratio:1
G1 X-7.54 Y8.69 E314.7933
;extrude_ratio:0.947368
G1 X-8.69 Y7.54 E314.8493
;extrude_ratio:1
G1 X-8.69 Y8.11 E314.8700
;extrude_ratio:0.947368
G1 X-8.11 Y8.69 E314.8983
;extrude_ratio:1
G1 X-8.69 Y8.68 E314.9194
G1 Z1.330 F420
;layer:0.18
G1 E314.6194 F1800
G1 Z1.510 F420
M204 S1000
G1 X9.03 Y-9.03 F4800
G1 E314.9194 F1800
;structure:shell-inner
G1 X9.03 Y-9.03 F4800
G1 X9.03 Y0.97 E315.2037 F1680
G1 X9.03 Y9.03 E315.4330 F1764
G1 X7.09 Y9.03 E315.4881
G1 X-2.91 Y9.03 E315.7725 F1848
G1 X-9.03 Y9.03 E315.9465 F1932
G1 X-9.03 Y5.15 E316.0569
G1 X-9.03 Y-4.85 E316.3412 F2016
G1 X-9.03 Y-9.03 E316.4601 F2100
G1 X9.03 Y-9.03 E316.9737
G1 E316.6737 F1800
G1 X9.43 Y-9.43 F4800
G1 E316.9737 F1800
G1 X9.43 Y-9.43 F4800
G1 X9.43 Y9.43 E317.5101 F2100
G1 X-9.43 Y9.43 E318.0464
G1 X-9.43 Y-9.43 E318.5828
G1 X9.43 Y-9.43 E319.1191
G1 E318.8191 F1800
G1 X9.83 Y-9.83 F4800
G1 E319.1191 F1800
;structure:shell-outer
G1 X9.83 Y-9.83 F4800
M204 S500
G1 X9.83 Y9.83 E319.6782 F1500
G1 X-9.83 Y9.83 E320.2373
G1 X-9.83 Y-9.83 E320.7964
G1 X9.83 Y-9.83 E321.3555
G1 E321.0555 F1800
M204 S1000
G1 X-8.30 Y-8.69 F4800
G1 E321.3555 F1800
;structure:infill-solid
G1 X-8.30 Y-8.69 F4800
M204 S500
G1 X-8.69 Y-8.30 E321.3712 F1800
G1 X-8.69 Y-7.73 E321.3874
G1 X-7.73 Y-8.69 E321.4260
G1 X-7.16 Y-8.69 E321.4422
G1 X-8.69 Y-7.16 E321.5037
G1 X-8.69 Y-6.59 E321.5199
G1 X-6.59 Y-8.69 E321.6044
G1 X-6.01 Y-8.69 E321.6209
G1 X-8.69 Y-6.01 E321.7287
G1 X-8.69 Y-5.44 E321.7449
G1 X-5.44 Y-8.69 E321.8756
G1 X-4.87 Y-8.69 E321.8918
G1 X-8.69 Y-4.87 E322.0455
G1 X-8.69 Y-4.29 E322.0620
G1 X-4.29 Y-8.69 E322.2389
G1 X-3.72 Y-8.69 E322.2551
G1 X-8.69 Y-3.72 E322.4550
G1 X-8.69 Y-3.15 E322.4712
G1 X-3.15 Y-8.69 E322.6940
G1 X-2.58 Y-8.69 E322.7102
G1 X-8.69 Y-2.58 E322.9560
G1 X-8.69 Y-2.00 E322.9725
G1 X-2.00 Y-8.69 E323.2415
G1 X-1.43 Y-8.69 E323.2578
G1 X-8.69 Y-1.43 E323.5497
G1 X-8.69 Y-0.86 E323.5659
G1 X-0.86 Y-8.69 E323.8808
G1 X-0.28 Y-8.69 E323.8973
G1 X-8.69 Y-0.28 E324.2356
G1 X-8.69 Y0.29 E324.2518
G1 X0.29 Y-8.69 E324.6129
G1 X0.86 Y-8.69 E324.6292
G1 X-8.69 Y0.86 E325.0132
G1 X-8.69 Y1.43 E325.0294
G1 X1.43 Y-8.69 E325.4364
G1 X2.01 Y-8.69 E325.4529
G1 X-8.69 Y2.01 E325.8832
G1 X-8.69 Y2.58 E325.8995
G1 X2.58 Y-8.69 E326.3527
G1 X3.15 Y-8.69 E326.3689
G1 X-8.69 Y3.15 E326.8451
G1 X-8.69 Y3.72 E326.8613
G1 X3.72 Y-8.69 E327.3604
G1 X4.30 Y-8.69 E327.3769
G1 X-8.69 Y4.30 E327.8993
G1 X-8.69 Y4.87 E327.9155
G1 X4.87 Y-8.69 E328.4609
G1 X5.44 Y-8.69 E328.4771
G1 X-8.69 Y5.44 E329.0453
G1 X-8.69 Y6.01 E329.0616
G1 X6.01 Y-8.69 E329.6527
G1 X6.59 Y-8.69 E329.6693
G1 X-8.69 Y6.59 E330.2838
G1 X-8.69 Y7.16 E330.3000
G1 X7.16 Y-8.69 E330.9374
G1 X7.73 Y-8.69 E330.9536
G1 X-8.69 Y7.73 E331.6140
G1 X-8.69 Y8.31 E331.6305
G1 X8.31 Y-8.69 E332.3141
G1 X8.69 Y-8.69 E332.3250
G1 X8.69 Y-8.50 E332.3304
G1 X-8.50 Y8.69 E333.0217
G1 X-7.93 Y8.69 E333.0379
G1 X8.69 Y-7.93 E333.7063
G1 X8.69 Y-7.35 E333.7228
G1 X-7.35 Y8.69 E334.3679
G1 X-6.78 Y8.69 E334.3841
G1 X8.69 Y-6.78 E335.0063
G1 X8.69 Y-6.21 E335.0225
G1 X-6.21 Y8.69 E335.6217
G1 X-5.64 Y8.69 E335.6379
G1 X8.69 Y-5.64 E336.2142
G1 X8.69 Y-5.06 E336.2307
G1 X-5.06 Y8.69 E336.7837
G1 X-4.49 Y8.69 E336.7999
G1 X8.69 Y-4.49 E337.3300
G1 X8.69 Y-3.92 E337.3462
G1 X-3.92 Y8.69 E337.8533
G1 X-3.34 Y8.69 E337.8698
G1 X8.69 Y-3.34 E338.3536
G1 X8.69 Y-2.77 E338.3698
G1 X-2.77 Y8.69 E338.8307
G1 X-2.20 Y8.69 E338.8469
G1 X8.69 Y-2.20 E339.2849
G1 X8.69 Y-1.63 E339.3011
G1 X-1.63 Y8.69 E339.7162
G1 X-1.05 Y8.69 E339.7327
G1 X8.69 Y-1.05 E340.1244
G1 X8.69 Y-0.48 E340.1406
G1 X-0.48 Y8.69 E340.5094
G1 X0.09 Y8.69 E340.5256
G1 X8.69 Y0.09 E340.8715
G1 X8.69 Y0.66 E340.8877
G1 X0.66 Y8.69 E341.2106
G1 X1.24 Y8.69 E341.2271
G1 X8.69 Y1.24 E341.5268
G1 X8.69 Y1.81 E341.5430
G1 X1.81 Y8.69 E341.8196
G1 X2.38 Y8.69 E341.8359
G1 X8.69 Y2.38 E342.0897
G1 X8.69 Y2.95 E342.1059
G1 X2.95 Y8.69 E342.3367
G1 X3.53 Y8.69 E342.3532
G1 X8.69 Y3.53 E342.5608
G1 X8.69 Y4.10 E342.5770
G1 X4.10 Y8.69 E342.7616
G1 X4.67 Y8.69 E342.7778
G1 X8.69 Y4.67 E342.9394
G1 X8.69 Y5.25 E342.9559
G1 X5.25 Y8.69 E343.0943
G1 X5.82 Y8.69 E343.1105
G1 X8.69 Y5.82 E343.2259
G1 X8.69 Y6.39 E343.2421
G1 X6.39 Y8.69 E343.3346
G1 X6.97 Y8.69 E343.3511
G1 X8.69 Y6.97 E343.4203
G1 X8.69 Y7.54 E343.4365
G1 X7.54 Y8.69 E343.4828
G1 X8.11 Y8.69 E343.4990
G1 X8.69 Y8.11 E343.5223
G1 X8.68 Y8.69 E343.5388
;layer:0.18
G1 E343.2388
M204 S1000
G1 X9.03 Y-9.03 F4800
G1 Z1.690 F420
G1 E343.5388 F1800
;structure:shell-inner
G1 X9.03 Y-9.03 F4800
G1 X9.03 Y0.97 E343.8232 F1680
G1 X9.03 Y9.03 E344.0524 F1764
G1 X7.09 Y9.03 E344.1076
G1 X-2.91 Y9.03 E344.3919 F1848
G1 X-9.03 Y9.03 E344.5660 F1932
G1 X-9.03 Y5.15 E344.6763
G1 X-9.03 Y-4.85 E344.9607 F2016
G1 X-9.03 Y-9.03 E345.0796 F2100
G1 X9.03 Y-9.03 E345.5932
G1 E345.2932 F1800
G1 X9.43 Y-9.43 F4800
G1 E345.5932 F1800
G1 X9.43 Y-9.43 F4800
G1 X9.43 Y9.43 E346.1295 F2100
G1 X-9.43 Y9.43 E346.6658
G1 X-9.43 Y-9.43 E347.2022
G1 X9.43 Y-9.43 E347.7385
G1 E347.4385 F1800
G1 X9.83 Y-9.83 F4800
G1 E347.7385 F1800
;structure:shell-outer
G1 X9.83 Y-9.83 F4800
M204 S500
G1 X9.83 Y9.83 E348.2976 F1500
G1 X-9.83 Y9.83 E348.8567
G1 X-9.83 Y-9.83 E349.4158
G1 X9.83 Y-9.83 E349.9749
G1 E349.6749 F1800
M204 S1000
G1 X8.69 Y-8.31 F4800
G1 E349.9749 F1800
;structure:infill-solid
G1 X8.69 Y-8.31 F4800
M204 S500
G1 X8.31 Y-8.69 E349.9902 F1800
G1 X7.73 Y-8.69 E350.0067
G1 X8.69 Y-7.73 E350.0453
G1 X8.69 Y-7.16 E350.0615
G1 X7.16 Y-8.69 E350.1230
G1 X6.59 Y-8.69 E350.1393
G1 X8.69 Y-6.59 E350.2237
G1 X8.69 Y-6.01 E350.2402
G1 X6.01 Y-8.69 E350.3480
G1 X5.44 Y-8.69 E350.3642
G1 X8.69 Y-5.44 E350.4949
G1 X8.69 Y-4.87 E350.5112
G1 X4.87 Y-8.69 E350.6648
G1 X4.30 Y-8.69 E350.6810
G1 X8.69 Y-4.30 E350.8576
G1 X8.69 Y-3.72 E350.8741
G1 X3.72 Y-8.69 E351.0739
G1 X3.15 Y-8.69 E351.0901
G1 X8.69 Y-3.15 E351.3130
G1 X8.69 Y-2.58 E351.3292
G1 X2.58 Y-8.69 E351.5749
G1 X2.01 Y-8.69 E351.5911
G1 X8.69 Y-2.01 E351.8598
G1 X8.69 Y-1.43 E351.8763
G1 X1.43 Y-8.69 E352.1682
G1 X0.86 Y-8.69 E352.1845
G1 X8.69 Y-0.86 E352.4994
G1 X8.69 Y-0.29 E352.5156
G1 X0.29 Y-8.69 E352.8534
G1 X-0.28 Y-8.69 E352.8696
G1 X8.69 Y0.28 E353.2304
G1 X8.69 Y0.86 E353.2469
G1 X-0.86 Y-8.69 E353.6310
G1 X-1.43 Y-8.69 E353.6472
G1 X8.69 Y1.43 E354.0542
G1 X8.69 Y2.00 E354.0704
G1 X-2.00 Y-8.69 E354.5003
G1 X-2.58 Y-8.69 E354.5168
G1 X8.69 Y2.58 E354.9700
G1 X8.69 Y3.15 E354.9862
G1 X-3.15 Y-8.69 E355.4624
G1 X-3.72 Y-8.69 E355.4786
G1 X8.69 Y3.72 E355.9777
G1 X8.69 Y4.29 E355.9939
G1 X-4.29 Y-8.69 E356.5159
G1 X-4.87 Y-8.69 E356.5324
G1 X8.69 Y4.87 E357.0778
G1 X8.69 Y5.44 E357.0940
G1 X-5.44 Y-8.69 E357.6623
G1 X-6.01 Y-8.69 E357.6785
G1 X8.69 Y6.01 E358.2697
G1 X8.69 Y6.59 E358.2862
G1 X-6.59 Y-8.69 E358.9007
G1 X-7.16 Y-8.69 E358.9169
G1 X8.69 Y7.16 E359.5543
G1 X8.69 Y7.73 E359.5705
G1 X-7.73 Y-8.69 E360.2309
G1 X-8.30 Y-8.69 E360.2471
G1 X8.69 Y8.30 E360.9304
G1 X8.69 Y8.69 E360.9415
G1 X8.50 Y8.69 E360.9469
G1 X-8.69 Y-8.50 E361.6382
G1 X-8.69 Y-7.93 E361.6544
G1 X7.93 Y8.69 E362.3228
G1 X7.36 Y8.69 E362.3390
G1 X-8.69 Y-7.36 E362.9845
G1 X-8.69 Y-6.78 E363.0010
G1 X6.78 Y8.69 E363.6232
G1 X6.21 Y8.69 E363.6394
G1 X-8.69 Y-6.21 E364.2386
G1 X-8.69 Y-5.64 E364.2548
G1 X5.64 Y8.69 E364.8311
G1 X5.06 Y8.69 E364.8476
G1 X-8.69 Y-5.06 E365.4006
G1 X-8.69 Y-4.49 E365.4168
G1 X4.49 Y8.69 E365.9469
G1 X3.92 Y8.69 E365.9631
G1 X-8.69 Y-3.92 E366.4702
G1 X-8.69 Y-3.35 E366.4865
G1 X3.35 Y8.69 E366.9706
G1 X2.77 Y8.69 E366.9872
G1 X-8.69 Y-2.77 E367.4480
G1 X-8.69 Y-2.20 E367.4643
G1 X2.20 Y8.69 E367.9022
G1 X1.63 Y8.69 E367.9184
G1 X-8.69 Y-1.63 E368.3335
G1 X-8.69 Y-1.05 E368.3500
G1 X1.05 Y8.69 E368.7417
G1 X0.48 Y8.69 E368.7579
G1 X-8.69 Y-0.48 E369.1267
G1 X-8.69 Y0.09 E369.1429
G1 X-0.09 Y8.69 E369.4888
G1 X-0.66 Y8.69 E369.5050
G1 X-8.69 Y0.66 E369.8279
G1 X-8.69 Y1.24 E369.8445
G1 X-1.24 Y8.69 E370.1441
G1 X-1.81 Y8.69 E370.1603
G1 X-8.69 Y1.81 E370.4370
G1 X-8.69 Y2.38 E370.4532
G1 X-2.38 Y8.69 E370.7070
G1 X-2.95 Y8.69 E370.7232
G1 X-8.69 Y2.95 E370.9540
G1 X-8.69 Y3.53 E370.9705
G1 X-3.53 Y8.69 E371.1781
G1 X-4.10 Y8.69 E371.1943
G1 X-8.69 Y4.10 E371.3789
G1 X-8.69 Y4.67 E371.3951
G1 X-4.67 Y8.69 E371.5568
G1 X-5.24 Y8.69 E371.5730
G1 X-8.69 Y5.24 E371.7117
G1 X-8.69 Y5.82 E371.7282
G1 X-5.82 Y8.69 E371.8436
G1 X-6.39 Y8.69 E371.8598
G1 X-8.69 Y6.39 E371.9523
G1 X-8.69 Y6.96 E371.9686
G1 X-6.96 Y8.69 E372.0381
G1 X-7.54 Y8.69 E372.0546
G1 X-8.69 Y7.54 E372.1009
G1 X-8.69 Y8.11 E372.1171
G1 X-8.11 Y8.69 E372.1404
G1 X-8.69 Y8.68 E372.1569
;layer:0.18
G1 E371.8569
M204 S1000
G1 X9.03 Y-9.03 F4800
G1 Z1.870 F420
G1 E372.1569 F1800
;structure:shell-inner
G1 X9.03 Y-9.03 F4800
G1 X9.03 Y0.97 E372.4413 F1680
G1 X9.03 Y9.03 E372.6705 F1764
G1 X7.09 Y9.03 E372.7256
G1 X-2.91 Y9.03 E373.0100 F1848
G1 X-9.03 Y9.03 E373.1841 F1932
G1 X-9.03 Y5.15 E373.2944
G1 X-9.03 Y-4.85 E373.5788 F2016
G1 X-9.03 Y-9.03 E373.6977 F2100
G1 X9.03 Y-9.03 E374.2112
G1 E373.9113 F1800
G1 X9.43 Y-9.43 F4800
G1 E374.2112 F1800
G1 X9.43 Y-9.43 F4800
G1 X9.43 Y9.43 E374.7476 F2100
G1 X-9.43 Y9.43 E375.2839
G1 X-9.43 Y-9.43 E375.8203
G1 X9.43 Y-9.43 E376.3566
G1 E376.0566 F1800
G1 X9.83 Y-9.83 F4800
G1 E376.3566 F1800
;structure:shell-outer
G1 X9.83 Y-9.83 F4800
M204 S500
G1 X9.83 Y9.83 E376.9157 F1500
G1 X-9.83 Y9.83 E377.4748
G1 X-9.83 Y-9.83 E378.0339
G1 X9.83 Y-9.83 E378.5930
G1 E378.2930 F1800
M204 S1000
G1 X8.69 Y-6.08 F4800
G1 E378.5930 F1800
;structure:infill-sparse
G1 X8.69 Y-6.08 F4800
G1 X7.64 Y-5.47 E378.6275 F3000
G1 X7.64 Y-2.68 E378.7069
G1 X8.69 Y-2.07 E378.7414
G1 X8.69 Y2.07 E378.8591
G1 X7.64 Y2.68 E378.8936
G1 X7.64 Y5.47 E378.9730
G1 X8.69 Y6.08 E379.0075
G1 X8.69 Y8.69 E379.0818
G1 X5.14 Y8.69 E379.1827
G1 X5.14 Y6.75 E379.2379
G1 X7.36 Y5.47 E379.3107
G1 X7.36 Y2.68 E379.3901
G1 X5.14 Y1.40 E379.4630
G1 X5.14 Y-1.40 E379.5426
G1 X7.36 Y-2.68 E379.6154
G1 X7.36 Y-5.47 E379.6948
G1 X5.14 Y-6.75 E379.7677
G1 X5.14 Y-8.69 E379.8228
G1 X4.86 Y-8.69 E379.8308
G1 X4.86 Y-6.75 E379.8859
G1 X2.64 Y-5.47 E379.9588
G1 X2.64 Y-2.68 E380.0381
G1 X4.86 Y-1.40 E380.1110
G1 X4.86 Y1.40 E380.1906
G1 X2.64 Y2.68 E380.2635
G1 X2.64 Y5.47 E380.3429
G1 X4.86 Y6.75 E380.4157
G1 X4.86 Y8.69 E380.4709
G1 X0.14 Y8.69 E380.6051
G1 X0.14 Y6.75 E380.6603
G1 X2.36 Y5.47 E380.7332
G1 X2.36 Y2.68 E380.8125
G1 X0.14 Y1.40 E380.8854
G1 X0.14 Y-1.40 E380.9650
G1 X2.36 Y-2.68 E381.0379
G1 X2.36 Y-5.47 E381.1172
G1 X0.14 Y-6.75 E381.1901
G1 X0.14 Y-8.69 E381.2452
G1 X-0.14 Y-8.69 E381.2532
G1 X-0.14 Y-6.75 E381.3084
G1 X-2.36 Y-5.47 E381.3813
G1 X-2.36 Y-2.68 E381.4606
G1 X-0.14 Y-1.40 E381.5335
G1 X-0.14 Y1.40 E381.6131
G1 X-2.36 Y2.68 E381.6860
G1 X-2.36 Y5.47 E381.7653
G1 X-0.14 Y6.75 E381.8382
G1 X-0.14 Y8.69 E381.8933
G1 X-4.86 Y8.69 E382.0276
G1 X-4.86 Y6.75 E382.0827
G1 X-2.64 Y5.47 E382.1556
G1 X-2.64 Y2.68 E382.2349
G1 X-4.86 Y1.40 E382.3078
G1 X-4.86 Y-1.40 E382.3875
G1 X-2.64 Y-2.68 E382.4603
G1 X-2.64 Y-5.47 E382.5396
G1 X-4.86 Y-6.75 E382.6125
G1 X-4.86 Y-8.69 E382.6677
G1 X-5.14 Y-8.69 E382.6757
G1 X-5.14 Y-6.75 E382.7308
G1 X-7.36 Y-5.47 E382.8037
G1 X-7.36 Y-2.68 E382.8830
G1 X-5.14 Y-1.40 E382.9559
G1 X-5.14 Y1.40 E383.0355
G1 X-7.36 Y2.68 E383.1084
G1 X-7.36 Y5.47 E383.1877
G1 X-5.14 Y6.75 E383.2606
G1 X-5.14 Y8.69 E383.3158
G1 X-8.69 Y8.69 E383.4167
G1 X-8.69 Y6.08 E383.4909
G1 X-7.64 Y5.47 E383.5255
G1 X-7.64 Y2.68 E383.6048
G1 X-8.69 Y2.07 E383.6393
G1 X-8.69 Y-2.07 E383.7570
G1 X-7.64 Y-2.68 E383.7916
G1 X-7.64 Y-5.47 E383.8709
G1 X-8.69 Y-6.08 E383.9055
;layer:0.18
G1 E383.6055 F1800
G1 X9.03 Y-9.03 F4800
G1 Z2.050 F420
G1 E383.9055 F1800
;structure:shell-inner
G1 X9.03 Y-9.03 F4800
G1 X9.03 Y0.97 E384.1898 F1680
G1 X9.03 Y9.03 E384.4191 F1764
G1 X7.09 Y9.03 E384.4742
G1 X-2.91 Y9.03 E384.7586 F1848
G1 X-9.03 Y9.03 E384.9326 F1932
G1 X-9.03 Y5.15 E385.0430
G1 X-9.03 Y-4.85 E385.3273 F2016
G1 X-9.03 Y-9.03 E385.4462 F2100
G1 X9.03 Y-9.03 E385.9598
G1 E385.6598 F1800
G1 X9.43 Y-9.43 F4800
G1 E385.9598 F1800
G1 X9.43 Y-9.43 F4800
G1 X9.43 Y9.43 E386.4962 F2100
G1 X-9.43 Y9.43 E387.0325
G1 X-9.43 Y-9.43 E387.5688
G1 X9.43 Y-9.43 E388.1052
G1 E387.8052 F1800
G1 X9.83 Y-9.83 F4800
G1 E388.1052 F1800
;structure:shell-outer
G1 X9.83 Y-9.83 F4800
M204 S500
G1 X9.83 Y9.83 E388.6643 F1500
G1 X-9.83 Y9.83 E389.2234
G1 X-9.83 Y-9.83 E389.7825
G1 X9.83 Y-9.83 E390.3416
G1 E390.0416 F1800
M204 S1000
G1 X8.69 Y-6.08 F4800
G1 E390.3416 F1800
;structure:infill-sparse
G1 X8.69 Y-6.08 F4800
G1 X7.64 Y-5.47 E390.3761 F3000
G1 X7.64 Y-2.68 E390.4554
G1 X8.69 Y-2.07 E390.4900
G1 X8.69 Y2.07 E390.6077
G1 X7.64 Y2.68 E390.6422
G1 X7.64 Y5.47 E390.7216
G1 X8.69 Y6.08 E390.7561
G1 X8.69 Y8.69 E390.8303
G1 X5.14 Y8.69 E390.9312
G1 X5.14 Y6.75 E390.9864
G1 X7.36 Y5.47 E391.0593
G1 X7.36 Y2.68 E391.1386
G1 X5.14 Y1.40 E391.2115
G1 X5.14 Y-1.40 E391.2911
G1 X7.36 Y-2.68 E391.3640
G1 X7.36 Y-5.47 E391.4433
G1 X5.14 Y-6.75 E391.5162
G1 X5.14 Y-8.69 E391.5714
G1 X4.86 Y-8.69 E391.5793
G1 X4.86 Y-6.75 E391.6345
G1 X2.64 Y-5.47 E391.7074
G1 X2.64 Y-2.68 E391.7867
G1 X4.86 Y-1.40 E391.8596
G1 X4.86 Y1.40 E391.9392
G1 X2.64 Y2.68 E392.0121
G1 X2.64 Y5.47 E392.0914
G1 X4.86 Y6.75 E392.1643
G1 X4.86 Y8.69 E392.2195
G1 X0.14 Y8.69 E392.3537
G1 X0.14 Y6.75 E392.4088
G1 X2.36 Y5.47 E392.4817
G1 X2.36 Y2.68 E392.5611
G1 X0.14 Y1.40 E392.6339
G1 X0.14 Y-1.40 E392.7136
G1 X2.36 Y-2.68 E392.7864
G1 X2.36 Y-5.47 E392.8658
G1 X0.14 Y-6.75 E392.9387
G1 X0.14 Y-8.69 E392.9938
G1 X-0.14 Y-8.69 E393.0018
G1 X-0.14 Y-6.75 E393.0569
G1 X-2.36 Y-5.47 E393.1298
G1 X-2.36 Y-2.68 E393.2092
G1 X-0.14 Y-1.40 E393.2820
G1 X-0.14 Y1.40 E393.3617
G1 X-2.36 Y2.68 E393.4345
G1 X-2.36 Y5.47 E393.5139
G1 X-0.14 Y6.75 E393.5868
G1 X-0.14 Y8.69 E393.6419
G1 X-4.86 Y8.69 E393.7761
G1 X-4.86 Y6.75 E393.8313
G1 X-2.64 Y5.47 E393.9041
G1 X-2.64 Y2.68 E393.9835
G1 X-4.86 Y1.40 E394.0564
G1 X-4.86 Y-1.40 E394.1360
G1 X-2.64 Y-2.68 E394.2089
G1 X-2.64 Y-5.47 E394.2882
G1 X-4.86 Y-6.75 E394.3611
G1 X-4.86 Y-8.69 E394.4163
G1 X-5.14 Y-8.69 E394.4242
G1 X-5.14 Y-6.75 E394.4794
G1 X-7.36 Y-5.47 E394.5522
G1 X-7.36 Y-2.68 E394.6316
G1 X-5.14 Y-1.40 E394.7045
G1 X-5.14 Y1.40 E394.7841
G1 X-7.36 Y2.68 E394.8570
G1 X-7.36 Y5.47 E394.9363
G1 X-5.14 Y6.75 E395.0092
G1 X-5.14 Y8.69 E395.0643
G1 X-8.69 Y8.69 E395.1653
G1 X-8.69 Y6.08 E395.2395
G1 X-7.64 Y5.47 E395.2740
G1 X-7.64 Y2.68 E395.3534
G1 X-8.69 Y2.07 E395.3879
G1 X-8.69 Y-2.07 E395.5056
G1 X-7.64 Y-2.68 E395.5402
G1 X-7.64 Y-5.47 E395.6195
G1 X-8.69 Y-6.08 E395.6540
;layer:0.18
G1 E395.3540 F1800
G1 X9.03 Y-9.03 F4800
G1 Z2.230 F420
G1 E395.6540 F1800
;structure:shell-inner
G1 X9.03 Y-9.03 F4800
G1 X9.03 Y0.97 E395.9384 F1680
G1 X9.03 Y9.03 E396.1676 F1764
G1 X7.09 Y9.03 E396.2228
G1 X-2.91 Y9.03 E396.5071 F1848
G1 X-9.03 Y9.03 E396.6812 F1932
G1 X-9.03 Y5.15 E396.7915
G1 X-9.03 Y-4.85 E397.0759 F2016
G1 X-9.03 Y-9.03 E397.1948 F2100
G1 X9.03 Y-9.03 E397.7084
G1 E397.4084 F1800
G1 X9.43 Y-9.43 F4800
G1 E397.7084 F1800
G1 X9.43 Y-9.43 F4800
G1 X9.43 Y9.43 E398.2447 F2100
G1 X-9.43 Y9.43 E398.7811
G1 X-9.43 Y-9.43 E399.3174
G1 X9.43 Y-9.43 E399.8538
G1 E399.5537 F1800
G1 X9.83 Y-9.83 F4800
G1 E399.8538 F1800
;structure:shell-outer
G1 X9.83 Y-9.83 F4800
M204 S500
G1 X9.83 Y9.83 E400.4128 F1500
G1 X-9.83 Y9.83 E400.9719
G1 X-9.83 Y-9.83 E401.5310
G1 X9.83 Y-9.83 E402.0901
G1 E401.7901 F1800
M204 S1000
G1 X8.69 Y-6.08 F4800
G1 E402.0901 F1800
;structure:infill-sparse
G1 X8.69 Y-6.08 F4800
G1 X7.64 Y-5.47 E402.1247 F3000
G1 X7.64 Y-2.68 E402.2040
G1 X8.69 Y-2.07 E402.2385
G1 X8.69 Y2.07 E402.3563
G1 X7.64 Y2.68 E402.3908
G1 X7.64 Y5.47 E402.4701
G1 X8.69 Y6.08 E402.5047
G1 X8.69 Y8.69 E402.5789
G1 X5.14 Y8.69 E402.6798
G1 X5.14 Y6.75 E402.7350
G1 X7.36 Y5.47 E402.8078
G1 X7.36 Y2.68 E402.8872
G1 X5.14 Y1.40 E402.9601
G1 X5.14 Y-1.40 E403.0397
G1 X7.36 Y-2.68 E403.1125
G1 X7.36 Y-5.47 E403.1919
G1 X5.14 Y-6.75 E403.2648
G1 X5.14 Y-8.69 E403.3199
G1 X4.86 Y-8.69 E403.3279
G1 X4.86 Y-6.75 E403.3831
G1 X2.64 Y-5.47 E403.4559
G1 X2.64 Y-2.68 E403.5353
G1 X4.86 Y-1.40 E403.6082
G1 X4.86 Y1.40 E403.6878
G1 X2.64 Y2.68 E403.7607
G1 X2.64 Y5.47 E403.8400
G1 X4.86 Y6.75 E403.9129
G1 X4.86 Y8.69 E403.9680
G1 X0.14 Y8.69 E404.1023
G1 X0.14 Y6.75 E404.1574
G1 X2.36 Y5.47 E404.2303
G1 X2.36 Y2.68 E404.3096
G1 X0.14 Y1.40 E404.3825
G1 X0.14 Y-1.40 E404.4621
G1 X2.36 Y-2.68 E404.5350
G1 X2.36 Y-5.47 E404.6143
G1 X0.14 Y-6.75 E404.6872
G1 X0.14 Y-8.69 E404.7424
G1 X-0.14 Y-8.69 E404.7503
G1 X-0.14 Y-6.75 E404.8055
G1 X-2.36 Y-5.47 E404.8784
G1 X-2.36 Y-2.68 E404.9577
G1 X-0.14 Y-1.40 E405.0306
G1 X-0.14 Y1.40 E405.1102
G1 X-2.36 Y2.68 E405.1831
G1 X-2.36 Y5.47 E405.2625
G1 X-0.14 Y6.75 E405.3353
G1 X-0.14 Y8.69 E405.3905
G1 X-4.86 Y8.69 E405.5247
G1 X-4.86 Y6.75 E405.5798
G1 X-2.64 Y5.47 E405.6527
G1 X-2.64 Y2.68 E405.7321
G1 X-4.86 Y1.40 E405.8049
G1 X-4.86 Y-1.40 E405.8846
G1 X-2.64 Y-2.68 E405.9574
G1 X-2.64 Y-5.47 E406.0368
G1 X-4.86 Y-6.75 E406.1096
G1 X-4.86 Y-8.69 E406.1648
G1 X-5.14 Y-8.69 E406.1728
G1 X-5.14 Y-6.75 E406.2279
G1 X-7.36 Y-5.47 E406.3008
G1 X-7.36 Y-2.68 E406.3802
G1 X-5.14 Y-1.40 E406.4530
G1 X-5.14 Y1.40 E406.5327
G1 X-7.36 Y2.68 E406.6055
G1 X-7.36 Y5.47 E406.6849
G1 X-5.14 Y6.75 E406.7578
G1 X-5.14 Y8.69 E406.8129
G1 X-8.69 Y8.69 E406.9138
G1 X-8.69 Y6.08 E406.9881
G1 X-7.64 Y5.47 E407.0226
G1 X-7.64 Y2.68 E407.1019
G1 X-8.69 Y2.07 E407.1365
G1 X-8.69 Y-2.07 E407.2542
G1 X-7.64 Y-2.68 E407.2887
G1 X-7.64 Y-5.47 E407.3681
G1 X-8.69 Y-6.08 E407.4026
;layer:0.18
G1 E407.1026 F1800
G1 X9.03 Y-9.03 F4800
G1 Z2.410 F420
G1 E407.4026 F1800
;structure:shell-inner
G1 X9.03 Y-9.03 F4800
G1 X9.03 Y0.97 E407.6870 F1680
G1 X9.03 Y9.03 E407.9162 F1764
G1 X7.09 Y9.03 E407.9713
G1 X-2.91 Y9.03 E408.2557 F1848
G1 X-9.03 Y9.03 E408.4297 F1932
G1 X-9.03 Y5.15 E408.5401
G1 X-9.03 Y-4.85 E408.8245 F2016
G1 X-9.03 Y-9.03 E408.9433 F2100
G1 X9.03 Y-9.03 E409.4569
G1 E409.1570 F1800
G1 X9.43 Y-9.43 F4800
G1 E409.4569 F1800
G1 X9.43 Y-9.43 F4800
G1 X9.43 Y9.43 E409.9933 F2100
G1 X-9.43 Y9.43 E410.5296
G1 X-9.43 Y-9.43 E411.0660
G1 X9.43 Y-9.43 E411.6023
G1 E411.3023 F1800
G1 X9.83 Y-9.83 F4800
G1 E411.6023 F1800
;structure:shell-outer
G1 X9.83 Y-9.83 F4800
M204 S500
G1 X9.83 Y9.83 E412.1614 F1500
G1 X-9.83 Y9.83 E412.7205
G1 X-9.83 Y-9.83 E413.2796
G1 X9.83 Y-9.83 E413.8387
G1 E413.5387 F1800
M204 S1000
G1 X8.69 Y-6.08 F4800
G1 E413.8387 F1800
;structure:infill-sparse
G1 X8.69 Y-6.08 F4800
G1 X7.64 Y-5.47 E413.8732 F3000
G1 X7.64 Y-2.68 E413.9526
G1 X8.69 Y-2.07 E413.9871
G1 X8.69 Y2.07 E414.1048
G1 X7.64 Y2.68 E414.1393
G1 X7.64 Y5.47 E414.2187
G1 X8.69 Y6.08 E414.2532
G1 X8.69 Y8.69 E414.3274
G1 X5.14 Y8.69 E414.4284
G1 X5.14 Y6.75 E414.4835
G1 X7.36 Y5.47 E414.5564
G1 X7.36 Y2.68 E414.6357
G1 X5.14 Y1.40 E414.7086
G1 X5.14 Y-1.40 E414.7882
G1 X7.36 Y-2.68 E414.8611
G1 X7.36 Y-5.47 E414.9405
G1 X5.14 Y-6.75 E415.0133
G1 X5.14 Y-8.69 E415.0685
G1 X4.86 Y-8.69 E415.0765
G1 X4.86 Y-6.75 E415.1316
G1 X2.64 Y-5.47 E415.2045
G1 X2.64 Y-2.68 E415.2838
G1 X4.86 Y-1.40 E415.3567
G1 X4.86 Y1.40 E415.4363
G1 X2.64 Y2.68 E415.5092
G1 X2.64 Y5.47 E415.5886
G1 X4.86 Y6.75 E415.6614
G1 X4.86 Y8.69 E415.7166
G1 X0.14 Y8.69 E415.8508
G1 X0.14 Y6.75 E415.9060
G1 X2.36 Y5.47 E415.9789
G1 X2.36 Y2.68 E416.0582
G1 X0.14 Y1.40 E416.1311
G1 X0.14 Y-1.40 E416.2107
G1 X2.36 Y-2.68 E416.2836
G1 X2.36 Y-5.47 E416.3629
G1 X0.14 Y-6.75 E416.4358
G1 X0.14 Y-8.69 E416.4909
G1 X-0.14 Y-8.69 E416.4989
G1 X-0.14 Y-6.75 E416.5541
G1 X-2.36 Y-5.47 E416.6269
G1 X-2.36 Y-2.68 E416.7063
G1 X-0.14 Y-1.40 E416.7791
G1 X-0.14 Y1.40 E416.8588
G1 X-2.36 Y2.68 E416.9317
G1 X-2.36 Y5.47 E417.0110
G1 X-0.14 Y6.75 E417.0839
G1 X-0.14 Y8.69 E417.1390
G1 X-4.86 Y8.69 E417.2733
G1 X-4.86 Y6.75 E417.3284
G1 X-2.64 Y5.47 E417.4013
G1 X-2.64 Y2.68 E417.4806
G1 X-4.86 Y1.40 E417.5535
G1 X-4.86 Y-1.40 E417.6331
G1 X-2.64 Y-2.68 E417.7060
G1 X-2.64 Y-5.47 E417.7853
G1 X-4.86 Y-6.75 E417.8582
G1 X-4.86 Y-8.69 E417.9134
G1 X-5.14 Y-8.69 E417.9214
G1 X-5.14 Y-6.75 E417.9765
G1 X-7.36 Y-5.47 E418.0494
G1 X-7.36 Y-2.68 E418.1287
G1 X-5.14 Y-1.40 E418.2016
G1 X-5.14 Y1.40 E418.2812
G1 X-7.36 Y2.68 E418.3541
G1 X-7.36 Y5.47 E418.4334
G1 X-5.14 Y6.75 E418.5063
G1 X-5.14 Y8.69 E418.5615
G1 X-8.69 Y8.69 E418.6624
G1 X-8.69 Y6.08 E418.7366
G1 X-7.64 Y5.47 E418.7711
G1 X-7.64 Y2.68 E418.8505
G1 X-8.69 Y2.07 E418.8850
G1 X-8.69 Y-2.07 E419.0027
G1 X-7.64 Y-2.68 E419.0373
G1 X-7.64 Y-5.47 E419.1166
G1 X-8.69 Y-6.08 E419.1512
;layer:0.18
G1 E418.8512 F1800
G1 X9.03 Y-9.03 F4800
G1 Z2.590 F420
G1 E419.1512 F1800
;structure:shell-inner
G1 X9.03 Y-9.03 F4800
G1 X9.03 Y0.97 E419.4355 F1680
G1 X9.03 Y9.03 E419.6648 F1764
G1 X7.09 Y9.03 E419.7199
G1 X-2.91 Y9.03 E420.0043 F1848
G1 X-9.03 Y9.03 E420.1783 F1932
G1 X-9.03 Y5.15 E420.2887
G1 X-9.03 Y-4.85 E420.5730 F2016
G1 X-9.03 Y-9.03 E420.6919 F2100
G1 X9.03 Y-9.03 E421.2055
G1 E420.9055 F1800
G1 X9.43 Y-9.43 F4800
G1 E421.2055 F1800
G1 X9.43 Y-9.43 F4800
G1 X9.43 Y9.43 E421.7419 F2100
G1 X-9.43 Y9.43 E422.2782
G1 X-9.43 Y-9.43 E422.8145
G1 X9.43 Y-9.43 E423.3509
G1 E423.0509 F1800
G1 X9.83 Y-9.83 F4800
G1 E423.3509 F1800
;structure:shell-outer
G1 X9.83 Y-9.83 F4800
M204 S500
G1 X9.83 Y9.83 E423.9100 F1500
G1 X-9.83 Y9.83 E424.4691
G1 X-9.83 Y-9.83 E425.0282
G1 X9.83 Y-9.83 E425.5872
G1 E425.2873 F1800
M204 S1000
G1 X8.69 Y-6.08 F4800
G1 E425.5872 F1800
;structure:infill-sparse
G1 X8.69 Y-6.08 F4800
G1 X7.64 Y-5.47 E425.6218 F3000
G1 X7.64 Y-2.68 E425.7011
G1 X8.69 Y-2.07 E425.7357
G1 X8.69 Y2.07 E425.8534
G1 X7.64 Y2.68 E425.8879
G1 X7.64 Y5.47 E425.9673
G1 X8.69 Y6.08 E426.0018
G1 X8.69 Y8.69 E426.0760
G1 X5.14 Y8.69 E426.1769
G1 X5.14 Y6.75 E426.2321
G1 X7.36 Y5.47 E426.3050
G1 X7.36 Y2.68 E426.3843
G1 X5.14 Y1.40 E426.4572
G1 X5.14 Y-1.40 E426.5368
G1 X7.36 Y-2.68 E426.6097
G1 X7.36 Y-5.47 E426.6890
G1 X5.14 Y-6.75 E426.7619
G1 X5.14 Y-8.69 E426.8171
G1 X4.86 Y-8.69 E426.8250
G1 X4.86 Y-6.75 E426.8802
G1 X2.64 Y-5.47 E426.9531
G1 X2.64 Y-2.68 E427.0324
G1 X4.86 Y-1.40 E427.1053
G1 X4.86 Y1.40 E427.1849
G1 X2.64 Y2.68 E427.2578
G1 X2.64 Y5.47 E427.3371
G1 X4.86 Y6.75 E427.4100
G1 X4.86 Y8.69 E427.4651
G1 X0.14 Y8.69 E427.5994
G1 X0.14 Y6.75 E427.6545
G1 X2.36 Y5.47 E427.7274
G1 X2.36 Y2.68 E427.8068
G1 X0.14 Y1.40 E427.8796
G1 X0.14 Y-1.40 E427.9593
G1 X2.36 Y-2.68 E428.0321
G1 X2.36 Y-5.47 E428.1115
G1 X0.14 Y-6.75 E428.1844
G1 X0.14 Y-8.69 E428.2395
G1 X-0.14 Y-8.69 E428.2475
G1 X-0.14 Y-6.75 E428.3026
G1 X-2.36 Y-5.47 E428.3755
G1 X-2.36 Y-2.68 E428.4548
G1 X-0.14 Y-1.40 E428.5277
G1 X-0.14 Y1.40 E428.6073
G1 X-2.36 Y2.68 E428.6802
G1 X-2.36 Y5.47 E428.7596
G1 X-0.14 Y6.75 E428.8324
G1 X-0.14 Y8.69 E428.8876
G1 X-4.86 Y8.69 E429.0218
G1 X-4.86 Y6.75 E429.0770
G1 X-2.64 Y5.47 E429.1498
G1 X-2.64 Y2.68 E429.2292
G1 X-4.86 Y1.40 E429.3021
G1 X-4.86 Y-1.40 E429.3817
G1 X-2.64 Y-2.68 E429.4546
G1 X-2.64 Y-5.47 E429.5339
G1 X-4.86 Y-6.75 E429.6068
G1 X-4.86 Y-8.69 E429.6619
G1 X-5.14 Y-8.69 E429.6699
G1 X-5.14 Y-6.75 E429.7251
G1 X-7.36 Y-5.47 E429.7979
G1 X-7.36 Y-2.68 E429.8773
G1 X-5.14 Y-1.40 E429.9502
G1 X-5.14 Y1.40 E430.0298
G1 X-7.36 Y2.68 E430.1027
G1 X-7.36 Y5.47 E430.1820
G1 X-5.14 Y6.75 E430.2549
G1 X-5.14 Y8.69 E430.3100
G1 X-8.69 Y8.69 E430.4110
G1 X-8.69 Y6.08 E430.4852
G1 X-7.64 Y5.47 E430.5197
G1 X-7.64 Y2.68 E430.5991
G1 X-8.69 Y2.07 E430.6336
G1 X-8.69 Y-2.07 E430.7513
G1 X-7.64 Y-2.68 E430.7859
G1 X-7.64 Y-5.47 E430.8652
G1 X-8.69 Y-6.08 E430.8997
;layer:0.18
G1 E430.5997 F1800
G1 X9.03 Y-9.03 F4800
G1 Z2.770 F420
G1 E430.8997 F1800
;structure:shell-inner
G1 X9.03 Y-9.03 F4800
G1 X9.03 Y0.97 E431.1841 F1680
G1 X9.03 Y9.03 E431.4133 F1764
G1 X7.09 Y9.03 E431.4685
G1 X-2.91 Y9.03 E431.7528 F1848
G1 X-9.03 Y9.03 E431.9269 F1932
G1 X-9.03 Y5.15 E432.0372
G1 X-9.03 Y-4.85 E432.3216 F2016
G1 X-9.03 Y-9.03 E432.4405 F2100
G1 X9.03 Y-9.03 E432.9541
G1 E432.6541 F1800
G1 X9.43 Y-9.43 F4800
G1 E432.9541 F1800
G1 X9.43 Y-9.43 F4800
G1 X9.43 Y9.43 E433.4904 F2100
G1 X-9.43 Y9.43 E434.0268
G1 X-9.43 Y-9.43 E434.5631
G1 X9.43 Y-9.43 E435.0994
G1 E434.7994 F1800
G1 X9.83 Y-9.83 F4800
G1 E435.0994 F1800
;structure:shell-outer
G1 X9.83 Y-9.83 F4800
M204 S500
G1 X9.83 Y9.83 E435.6585 F1500
G1 X-9.83 Y9.83 E436.2176
G1 X-9.83 Y-9.83 E436.7767
G1 X9.83 Y-9.83 E437.3358
G1 E437.0358 F1800
M204 S1000
G1 X8.69 Y-6.08 F4800
G1 E437.3358 F1800
;structure:infill-sparse
G1 X8.69 Y-6.08 F4800
G1 X7.64 Y-5.47 E437.3703 F3000
G1 X7.64 Y-2.68 E437.4497
G1 X8.69 Y-2.07 E437.4842
G1 X8.69 Y2.07 E437.6019
G1 X7.64 Y2.68 E437.6365
G1 X7.64 Y5.47 E437.7158
G1 X8.69 Y6.08 E437.7503
G1 X8.69 Y8.69 E437.8246
G1 X5.14 Y8.69 E437.9255
G1 X5.14 Y6.75 E437.9807
G1 X7.36 Y5.47 E438.0535
G1 X7.36 Y2.68 E438.1329
G1 X5.14 Y1.40 E438.2057
G1 X5.14 Y-1.40 E438.2854
G1 X7.36 Y-2.68 E438.3582
G1 X7.36 Y-5.47 E438.4376
G1 X5.14 Y-6.75 E438.5105
G1 X5.14 Y-8.69 E438.5656
G1 X4.86 Y-8.69 E438.5736
G1 X4.86 Y-6.75 E438.6288
G1 X2.64 Y-5.47 E438.7016
G1 X2.64 Y-2.68 E438.7810
G1 X4.86 Y-1.40 E438.8539
G1 X4.86 Y1.40 E438.9335
G1 X2.64 Y2.68 E439.0063
G1 X2.64 Y5.47 E439.0857
G1 X4.86 Y6.75 E439.1586
G1 X4.86 Y8.69 E439.2137
G1 X0.14 Y8.69 E439.3479
G1 X0.14 Y6.75 E439.4031
G1 X2.36 Y5.47 E439.4760
G1 X2.36 Y2.68 E439.5553
G1 X0.14 Y1.40 E439.6282
G1 X0.14 Y-1.40 E439.7078
G1 X2.36 Y-2.68 E439.7807
G1 X2.36 Y-5.47 E439.8600
G1 X0.14 Y-6.75 E439.9329
G1 X0.14 Y-8.69 E439.9881
G1 X-0.14 Y-8.69 E439.9960
G1 X-0.14 Y-6.75 E440.0512
G1 X-2.36 Y-5.47 E440.1241
G1 X-2.36 Y-2.68 E440.2034
G1 X-0.14 Y-1.40 E440.2763
G1 X-0.14 Y1.40 E440.3559
G1 X-2.36 Y2.68 E440.4288
G1 X-2.36 Y5.47 E440.5081
G1 X-0.14 Y6.75 E440.5810
G1 X-0.14 Y8.69 E440.6362
G1 X-4.86 Y8.69 E440.7704
G1 X-4.86 Y6.75 E440.8255
G1 X-2.64 Y5.47 E440.8984
G1 X-2.64 Y2.68 E440.9778
G1 X-4.86 Y1.40 E441.0506
G1 X-4.86 Y-1.40 E441.1302
G1 X-2.64 Y-2.68 E441.2031
G1 X-2.64 Y-5.47 E441.2825
G1 X-4.86 Y-6.75 E441.3553
G1 X-4.86 Y-8.69 E441.4105
G1 X-5.14 Y-8.69 E441.4185
G1 X-5.14 Y-6.75 E441.4736
G1 X-7.36 Y-5.47 E441.5465
G1 X-7.36 Y-2.68 E441.6259
G1 X-5.14 Y-1.40 E441.6987
G1 X-5.14 Y1.40 E441.7784
G1 X-7.36 Y2.68 E441.8512
G1 X-7.36 Y5.47 E441.9306
G1 X-5.14 Y6.75 E442.0034
G1 X-5.14 Y8.69 E442.0586
G1 X-8.69 Y8.69 E442.1595
G1 X-8.69 Y6.08 E442.2338
G1 X-7.64 Y5.47 E442.2683
G1 X-7.64 Y2.68 E442.3476
G1 X-8.69 Y2.07 E442.3821
G1 X-8.69 Y-2.07 E442.4999
G1 X-7.64 Y-2.68 E442.5344
G1 X-7.64 Y-5.47 E442.6137
G1 X-8.69 Y-6.08 E442.6483
;layer:0.18
G1 E442.3483 F1800
G1 X9.03 Y-9.03 F4800
G1 Z2.950 F420
G1 E442.6483 F1800
;structure:shell-inner
G1 X9.03 Y-9.03 F4800
G1 X9.03 Y0.97 E442.9326 F1680
G1 X9.03 Y9.03 E443.1619 F1764
G1 X7.09 Y9.03 E443.2170
G1 X-2.91 Y9.03 E443.5014 F1848
G1 X-9.03 Y9.03 E443.6754 F1932
G1 X-9.03 Y5.15 E443.7858
G1 X-9.03 Y-4.85 E444.0702 F2016
G1 X-9.03 Y-9.03 E444.1890 F2100
G1 X9.03 Y-9.03 E444.7026
G1 E444.4026 F1800
G1 X9.43 Y-9.43 F4800
G1 E444.7026 F1800
G1 X9.43 Y-9.43 F4800
G1 X9.43 Y9.43 E445.2390 F2100
G1 X-9.43 Y9.43 E445.7753
G1 X-9.43 Y-9.43 E446.3116
G1 X9.43 Y-9.43 E446.8480
G1 E446.5480 F1800
G1 X9.83 Y-9.83 F4800
G1 E446.8480 F1800
;structure:shell-outer
G1 X9.83 Y-9.83 F4800
M204 S500
G1 X9.83 Y9.83 E447.4071 F1500
G1 X-9.83 Y9.83 E447.9662
G1 X-9.83 Y-9.83 E448.5253
G1 X9.83 Y-9.83 E449.0844
G1 E448.7844 F1800
M204 S1000
G1 X8.69 Y-6.08 F4800
G1 E449.0844 F1800
;structure:infill-sparse
G1 X8.69 Y-6.08 F4800
G1 X7.64 Y-5.47 E449.1189 F3000
G1 X7.64 Y-2.68 E449.1982
G1 X8.69 Y-2.07 E449.2328
G1 X8.69 Y2.07 E449.3505
G1 X7.64 Y2.68 E449.3850
G1 X7.64 Y5.47 E449.4644
G1 X8.69 Y6.08 E449.4989
G1 X8.69 Y8.69 E449.5731
G1 X5.14 Y8.69 E449.6741
G1 X5.14 Y6.75 E449.7292
G1 X7.36 Y5.47 E449.8021
G1 X7.36 Y2.68 E449.8814
G1 X5.14 Y1.40 E449.9543
G1 X5.14 Y-1.40 E450.0339
G1 X7.36 Y-2.68 E450.1068
G1 X7.36 Y-5.47 E450.1862
G1 X5.14 Y-6.75 E450.2590
G1 X5.14 Y-8.69 E450.3142
G1 X4.86 Y-8.69 E450.3221
G1 X4.86 Y-6.75 E450.3773
G1 X2.64 Y-5.47 E450.4502
G1 X2.64 Y-2.68 E450.5295
G1 X4.86 Y-1.40 E450.6024
G1 X4.86 Y1.40 E450.6820
G1 X2.64 Y2.68 E450.7549
G1 X2.64 Y5.47 E450.8343
G1 X4.86 Y6.75 E450.9071
G1 X4.86 Y8.69 E450.9623
G1 X0.14 Y8.69 E451.0965
G1 X0.14 Y6.75 E451.1516
G1 X2.36 Y5.47 E451.2245
G1 X2.36 Y2.68 E451.3039
G1 X0.14 Y1.40 E451.3767
G1 X0.14 Y-1.40 E451.4564
G1 X2.36 Y-2.68 E451.5292
G1 X2.36 Y-5.47 E451.6086
G1 X0.14 Y-6.75 E451.6815
G1 X0.14 Y-8.69 E451.7366
G1 X-0.14 Y-8.69 E451.7446
G1 X-0.14 Y-6.75 E451.7997
G1 X-2.36 Y-5.47 E451.8726
G1 X-2.36 Y-2.68 E451.9520
G1 X-0.14 Y-1.40 E452.0248
G1 X-0.14 Y1.40 E452.1045
G1 X-2.36 Y2.68 E452.1773
G1 X-2.36 Y5.47 E452.2567
G1 X-0.14 Y6.75 E452.3296
G1 X-0.14 Y8.69 E452.3847
G1 X-4.86 Y8.69 E452.5190
G1 X-4.86 Y6.75 E452.5741
G1 X-2.64 Y5.47 E452.6470
G1 X-2.64 Y2.68 E452.7263
G1 X-4.86 Y1.40 E452.7992
G1 X-4.86 Y-1.40 E452.8788
G1 X-2.64 Y-2.68 E452.9517
G1 X-2.64 Y-5.47 E453.0310
G1 X-4.86 Y-6.75 E453.1039
G1 X-4.86 Y-8.69 E453.1591
G1 X-5.14 Y-8.69 E453.1670
G1 X-5.14 Y-6.75 E453.2222
G1 X-7.36 Y-5.47 E453.2951
G1 X-7.36 Y-2.68 E453.3744
G1 X-5.14 Y-1.40 E453.4473
G1 X-5.14 Y1.40 E453.5269
G1 X-7.36 Y2.68 E453.5998
G1 X-7.36 Y5.47 E453.6791
G1 X-5.14 Y6.75 E453.7520
G1 X-5.14 Y8.69 E453.8072
G1 X-8.69 Y8.69 E453.9081
G1 X-8.69 Y6.08 E453.9823
G1 X-7.64 Y5.47 E454.0168
G1 X-7.64 Y2.68 E454.0962
G1 X-8.69 Y2.07 E454.1307
G1 X-8.69 Y-2.07 E454.2484
G1 X-7.64 Y-2.68 E454.2830
G1 X-7.64 Y-5.47 E454.3623
G1 X-8.69 Y-6.08 E454.3969
;layer:0.18
G1 E454.0968 F1800
G1 X9.03 Y-9.03 F4800
G1 Z3.130 F420
G1 E454.3969 F1800
;structure:shell-inner
G1 X9.03 Y-9.03 F4800
G1 X9.03 Y0.97 E454.6812 F1680
G1 X9.03 Y9.03 E454.9104 F1764
G1 X7.09 Y9.03 E454.9656
G1 X-2.91 Y9.03 E455.2500 F1848
G1 X-9.03 Y9.03 E455.4240 F1932
G1 X-9.03 Y5.15 E455.5343
G1 X-9.03 Y-4.85 E455.8187 F2016
G1 X-9.03 Y-9.03 E455.9376 F2100
G1 X9.03 Y-9.03 E456.4512
G1 E456.1512 F1800
G1 X9.43 Y-9.43 F4800
G1 E456.4512 F1800
G1 X9.43 Y-9.43 F4800
G1 X9.43 Y9.43 E456.9875 F2100
G1 X-9.43 Y9.43 E457.5239
G1 X-9.43 Y-9.43 E458.0602
G1 X9.43 Y-9.43 E458.5966
G1 E458.2966 F1800
G1 X9.83 Y-9.83 F4800
G1 E458.5966 F1800
;structure:shell-outer
G1 X9.83 Y-9.83 F4800
M204 S500
G1 X9.83 Y9.83 E459.1557 F1500
G1 X-9.83 Y9.83 E459.7148
G1 X-9.83 Y-9.83 E460.2738
G1 X9.83 Y-9.83 E460.8329
G1 E460.5329 F1800
M204 S1000
G1 X8.69 Y-6.08 F4800
G1 E460.8329 F1800
;structure:infill-sparse
G1 X8.69 Y-6.08 F4800
G1 X7.64 Y-5.47 E460.8675 F3000
G1 X7.64 Y-2.68 E460.9468
G1 X8.69 Y-2.07 E460.9814
G1 X8.69 Y2.07 E461.0991
G1 X7.64 Y2.68 E461.1336
G1 X7.64 Y5.47 E461.2130
G1 X8.69 Y6.08 E461.2475
G1 X8.69 Y8.69 E461.3217
G1 X5.14 Y8.69 E461.4226
G1 X5.14 Y6.75 E461.4778
G1 X7.36 Y5.47 E461.5507
G1 X7.36 Y2.68 E461.6300
G1 X5.14 Y1.40 E461.7029
G1 X5.14 Y-1.40 E461.7825
G1 X7.36 Y-2.68 E461.8554
G1 X7.36 Y-5.47 E461.9347
G1 X5.14 Y-6.75 E462.0076
G1 X5.14 Y-8.69 E462.0627
G1 X4.86 Y-8.69 E462.0707
G1 X4.86 Y-6.75 E462.1259
G1 X2.64 Y-5.47 E462.1988
G1 X2.64 Y-2.68 E462.2781
G1 X4.86 Y-1.40 E462.3510
G1 X4.86 Y1.40 E462.4306
G1 X2.64 Y2.68 E462.5035
G1 X2.64 Y5.47 E462.5828
G1 X4.86 Y6.75 E462.6557
G1 X4.86 Y8.69 E462.7108
G1 X0.14 Y8.69 E462.8451
G1 X0.14 Y6.75 E462.9002
G1 X2.36 Y5.47 E462.9731
G1 X2.36 Y2.68 E463.0524
G1 X0.14 Y1.40 E463.1253
G1 X0.14 Y-1.40 E463.2049
G1 X2.36 Y-2.68 E463.2778
G1 X2.36 Y-5.47 E463.3571
G1 X0.14 Y-6.75 E463.4300
G1 X0.14 Y-8.69 E463.4852
G1 X-0.14 Y-8.69 E463.4932
G1 X-0.14 Y-6.75 E463.5483
G1 X-2.36 Y-5.47 E463.6212
G1 X-2.36 Y-2.68 E463.7005
G1 X-0.14 Y-1.40 E463.7734
G1 X-0.14 Y1.40 E463.8530
G1 X-2.36 Y2.68 E463.9259
G1 X-2.36 Y5.47 E464.0052
G1 X-0.14 Y6.75 E464.0781
G1 X-0.14 Y8.69 E464.1333
G1 X-4.86 Y8.69 E464.2675
G1 X-4.86 Y6.75 E464.3227
G1 X-2.64 Y5.47 E464.3955
G1 X-2.64 Y2.68 E464.4749
G1 X-4.86 Y1.40 E464.5478
G1 X-4.86 Y-1.40 E464.6274
G1 X-2.64 Y-2.68 E464.7003
G1 X-2.64 Y-5.47 E464.7796
G1 X-4.86 Y-6.75 E464.8525
G1 X-4.86 Y-8.69 E464.9076
G1 X-5.14 Y-8.69 E464.9156
G1 X-5.14 Y-6.75 E464.9708
G1 X-7.36 Y-5.47 E465.0436
G1 X-7.36 Y-2.68 E465.1230
G1 X-5.14 Y-1.40 E465.1958
G1 X-5.14 Y1.40 E465.2755
G1 X-7.36 Y2.68 E465.3484
G1 X-7.36 Y5.47 E465.4277
G1 X-5.14 Y6.75 E465.5005
G1 X-5.14 Y8.69 E465.5557
G1 X-8.69 Y8.69 E465.6566
G1 X-8.69 Y6.08 E465.7309
G1 X-7.64 Y5.47 E465.7654
G1 X-7.64 Y2.68 E465.8448
G1 X-8.69 Y2.07 E465.8793
G1 X-8.69 Y-2.07 E465.9970
G1 X-7.64 Y-2.68 E466.0315
G1 X-7.64 Y-5.47 E466.1109
G1 X-8.69 Y-6.08 E466.1454
;layer:0.18
G1 E465.8454 F1800
G1 X9.03 Y-9.03 F4800
G1 Z3.310 F420
G1 E466.1454 F1800
;structure:shell-inner
G1 X9.03 Y-9.03 F4800
G1 X9.03 Y0.97 E466.4298 F1680
G1 X9.03 Y9.03 E466.6590 F1764
G1 X7.09 Y9.03 E466.7141
G1 X-2.91 Y9.03 E466.9985 F1848
G1 X-9.03 Y9.03 E467.1726 F1932
G1 X-9.03 Y5.15 E467.2829
G1 X-9.03 Y-4.85 E467.5673 F2016
G1 X-9.03 Y-9.03 E467.6862 F2100
G1 X9.03 Y-9.03 E468.1997
G1 E467.8997 F1800
G1 X9.43 Y-9.43 F4800
G1 E468.1997 F1800
G1 X9.43 Y-9.43 F4800
G1 X9.43 Y9.43 E468.7361 F2100
G1 X-9.43 Y9.43 E469.2724
G1 X-9.43 Y-9.43 E469.8088
G1 X9.43 Y-9.43 E470.3451
G1 E470.0451 F1800
G1 X9.83 Y-9.83 F4800
G1 E470.3451 F1800
;structure:shell-outer
G1 X9.83 Y-9.83 F4800
M204 S500
G1 X9.83 Y9.83 E470.9042 F1500
G1 X-9.83 Y9.83 E471.4633
G1 X-9.83 Y-9.83 E472.0224
G1 X9.83 Y-9.83 E472.5815
G1 E472.2815 F1800
M204 S1000
G1 X8.69 Y-6.08 F4800
G1 E472.5815 F1800
;structure:infill-sparse
G1 X8.69 Y-6.08 F4800
G1 X7.64 Y-5.47 E472.6160 F3000
G1 X7.64 Y-2.68 E472.6954
G1 X8.69 Y-2.07 E472.7299
G1 X8.69 Y2.07 E472.8476
G1 X7.64 Y2.68 E472.8821
G1 X7.64 Y5.47 E472.9615
G1 X8.69 Y6.08 E472.9960
G1 X8.69 Y8.69 E473.0703
G1 X5.14 Y8.69 E473.1712
G1 X5.14 Y6.75 E473.2263
G1 X7.36 Y5.47 E473.2992
G1 X7.36 Y2.68 E473.3786
G1 X5.14 Y1.40 E473.4514
G1 X5.14 Y-1.40 E473.5311
G1 X7.36 Y-2.68 E473.6039
G1 X7.36 Y-5.47 E473.6833
G1 X5.14 Y-6.75 E473.7562
G1 X5.14 Y-8.69 E473.8113
G1 X4.86 Y-8.69 E473.8193
G1 X4.86 Y-6.75 E473.8745
G1 X2.64 Y-5.47 E473.9473
G1 X2.64 Y-2.68 E474.0266
G1 X4.86 Y-1.40 E474.0995
G1 X4.86 Y1.40 E474.1792
G1 X2.64 Y2.68 E474.2520
G1 X2.64 Y5.47 E474.3314
G1 X4.86 Y6.75 E474.4042
G1 X4.86 Y8.69 E474.4594
G1 X0.14 Y8.69 E474.5936
G1 X0.14 Y6.75 E474.6488
G1 X2.36 Y5.47 E474.7216
G1 X2.36 Y2.68 E474.8010
G1 X0.14 Y1.40 E474.8739
G1 X0.14 Y-1.40 E474.9535
G1 X2.36 Y-2.68 E475.0264
G1 X2.36 Y-5.47 E475.1057
G1 X0.14 Y-6.75 E475.1786
G1 X0.14 Y-8.69 E475.2338
G1 X-0.14 Y-8.69 E475.2417
G1 X-0.14 Y-6.75 E475.2969
G1 X-2.36 Y-5.47 E475.3698
G1 X-2.36 Y-2.68 E475.4491
G1 X-0.14 Y-1.40 E475.5220
G1 X-0.14 Y1.40 E475.6016
G1 X-2.36 Y2.68 E475.6745
G1 X-2.36 Y5.47 E475.7538
G1 X-0.14 Y6.75 E475.8267
G1 X-0.14 Y8.69 E475.8818
G1 X-4.86 Y8.69 E476.0161
G1 X-4.86 Y6.75 E476.0712
G1 X-2.64 Y5.47 E476.1441
G1 X-2.64 Y2.68 E476.2234
G1 X-4.86 Y1.40 E476.2963
G1 X-4.86 Y-1.40 E476.3759
G1 X-2.64 Y-2.68 E476.4488
G1 X-2.64 Y-5.47 E476.5282
G1 X-4.86 Y-6.75 E476.6010
G1 X-4.86 Y-8.69 E476.6562
G1 X-5.14 Y-8.69 E476.6642
G1 X-5.14 Y-6.75 E476.7193
G1 X-7.36 Y-5.47 E476.7922
G1 X-7.36 Y-2.68 E476.8715
G1 X-5.14 Y-1.40 E476.9444
G1 X-5.14 Y1.40 E477.0240
G1 X-7.36 Y2.68 E477.0969
G1 X-7.36 Y5.47 E477.1762
G1 X-5.14 Y6.75 E477.2491
G1 X-5.14 Y8.69 E477.3043
G1 X-8.69 Y8.69 E477.4052
G1 X-8.69 Y6.08 E477.4794
G1 X-7.64 Y5.47 E477.5140
G1 X-7.64 Y2.68 E477.5933
G1 X-8.69 Y2.07 E477.6278
G1 X-8.69 Y-2.07 E477.7456
G1 X-7.64 Y-2.68 E477.7801
G1 X-7.64 Y-5.47 E477.8594
G1 X-8.69 Y-6.08 E477.8940
;layer:0.18
G1 E477.5940 F1800
G1 X9.03 Y-9.03 F4800
G1 Z3.490 F420
G1 E477.8940 F1800
;structure:shell-inner
G1 X9.03 Y-9.03 F4800
G1 X9.03 Y0.97 E478.1783 F1680
G1 X9.03 Y9.03 E478.4076 F1764
G1 X7.09 Y9.03 E478.4627
G1 X-2.91 Y9.03 E478.7471 F1848
G1 X-9.03 Y9.03 E478.9211 F1932
G1 X-9.03 Y5.15 E479.0315
G1 X-9.03 Y-4.85 E479.3159 F2016
G1 X-9.03 Y-9.03 E479.4347 F2100
G1 X9.03 Y-9.03 E479.9483
G1 E479.6483 F1800
G1 X9.43 Y-9.43 F4800
G1 E479.9483 F1800
G1 X9.43 Y-9.43 F4800
G1 X9.43 Y9.43 E480.4846 F2100
G1 X-9.43 Y9.43 E481.0210
G1 X-9.43 Y-9.43 E481.5573
G1 X9.43 Y-9.43 E482.0937
G1 E481.7937 F1800
G1 X9.83 Y-9.83 F4800
G1 E482.0937 F1800
;structure:shell-outer
G1 X9.83 Y-9.83 F4800
M204 S500
G1 X9.83 Y9.83 E482.6528 F1500
G1 X-9.83 Y9.83 E483.2119
G1 X-9.83 Y-9.83 E483.7710
G1 X9.83 Y-9.83 E484.3300
G1 E484.0301 F1800
M204 S1000
G1 X8.69 Y-6.08 F4800
G1 E484.3300 F1800
;structure:infill-sparse
G1 X8.69 Y-6.08 F4800
G1 X7.64 Y-5.47 E484.3646 F3000
G1 X7.64 Y-2.68 E484.4439
G1 X8.69 Y-2.07 E484.4785
G1 X8.69 Y2.07 E484.5962
G1 X7.64 Y2.68 E484.6307
G1 X7.64 Y5.47 E484.7101
G1 X8.69 Y6.08 E484.7446
G1 X8.69 Y8.69 E484.8188
G1 X5.14 Y8.69 E484.9197
G1 X5.14 Y6.75 E484.9749
G1 X7.36 Y5.47 E485.0478
G1 X7.36 Y2.68 E485.1271
G1 X5.14 Y1.40 E485.2000
G1 X5.14 Y-1.40 E485.2796
G1 X7.36 Y-2.68 E485.3525
G1 X7.36 Y-5.47 E485.4319
G1 X5.14 Y-6.75 E485.5047
G1 X5.14 Y-8.69 E485.5599
G1 X4.86 Y-8.69 E485.5678
G1 X4.86 Y-6.75 E485.6230
G1 X2.64 Y-5.47 E485.6959
G1 X2.64 Y-2.68 E485.7752
G1 X4.86 Y-1.40 E485.8481
G1 X4.86 Y1.40 E485.9277
G1 X2.64 Y2.68 E486.0006
G1 X2.64 Y5.47 E486.0799
G1 X4.86 Y6.75 E486.1528
G1 X4.86 Y8.69 E486.2080
G1 X0.14 Y8.69 E486.3422
G1 X0.14 Y6.75 E486.3973
G1 X2.36 Y5.47 E486.4702
G1 X2.36 Y2.68 E486.5496
G1 X0.14 Y1.40 E486.6224
G1 X0.14 Y-1.40 E486.7021
G1 X2.36 Y-2.68 E486.7749
G1 X2.36 Y-5.47 E486.8543
G1 X0.14 Y-6.75 E486.9272
G1 X0.14 Y-8.69 E486.9823
G1 X-0.14 Y-8.69 E486.9903
G1 X-0.14 Y-6.75 E487.0454
G1 X-2.36 Y-5.47 E487.1183
G1 X-2.36 Y-2.68 E487.1977
G1 X-0.14 Y-1.40 E487.2705
G1 X-0.14 Y1.40 E487.3502
G1 X-2.36 Y2.68 E487.4230
G1 X-2.36 Y5.47 E487.5024
G1 X-0.14 Y6.75 E487.5753
G1 X-0.14 Y8.69 E487.6304
G1 X-4.86 Y8.69 E487.7646
G1 X-4.86 Y6.75 E487.8198
G1 X-2.64 Y5.47 E487.8927
G1 X-2.64 Y2.68 E487.9720
G1 X-4.86 Y1.40 E488.0449
G1 X-4.86 Y-1.40 E488.1245
G1 X-2.64 Y-2.68 E488.1974
G1 X-2.64 Y-5.47 E488.2767
G1 X-4.86 Y-6.75 E488.3496
G1 X-4.86 Y-8.69 E488.4048
G1 X-5.14 Y-8.69 E488.4127
G1 X-5.14 Y-6.75 E488.4679
G1 X-7.36 Y-5.47 E488.5407
G1 X-7.36 Y-2.68 E488.6201
G1 X-5.14 Y-1.40 E488.6930
G1 X-5.14 Y1.40 E488.7726
G1 X-7.36 Y2.68 E488.8455
G1 X-7.36 Y5.47 E488.9248
G1 X-5.14 Y6.75 E488.9977
G1 X-5.14 Y8.69 E489.0529
G1 X-8.69 Y8.69 E489.1538
G1 X-8.69 Y6.08 E489.2280
G1 X-7.64 Y5.47 E489.2625
G1 X-7.64 Y2.68 E489.3419
G1 X-8.69 Y2.07 E489.3764
G1 X-8.69 Y-2.07 E489.4941
G1 X-7.64 Y-2.68 E489.5287
G1 X-7.64 Y-5.47 E489.6080
G1 X-8.69 Y-6.08 E489.6425
;layer:0.18
G1 E489.3425 F1800
G1 X9.03 Y-9.03 F4800
G1 Z3.670 F420
G1 E489.6425 F1800
;structure:shell-inner
G1 X9.03 Y-9.03 F4800
G1 X9.03 Y0.97 E489.9269 F1680
G1 X9.03 Y9.03 E490.1561 F1764
G1 X7.09 Y9.03 E490.2113
G1 X-2.91 Y9.03 E490.4957 F1848
G1 X-9.03 Y9.03 E490.6697 F1932
G1 X-9.03 Y5.15 E490.7800
G1 X-9.03 Y-4.85 E491.0644 F2016
G1 X-9.03 Y-9.03 E491.1833 F2100
G1 X9.03 Y-9.03 E491.6969
G1 E491.3969 F1800
G1 X9.43 Y-9.43 F4800
G1 E491.6969 F1800
G1 X9.43 Y-9.43 F4800
G1 X9.43 Y9.43 E492.2332 F2100
G1 X-9.43 Y9.43 E492.7696
G1 X-9.43 Y-9.43 E493.3059
G1 X9.43 Y-9.43 E493.8423
G1 E493.5422 F1800
G1 X9.83 Y-9.83 F4800
G1 E493.8423 F1800
;structure:shell-outer
G1 X9.83 Y-9.83 F4800
M204 S500
G1 X9.83 Y9.83 E494.4013 F1500
G1 X-9.83 Y9.83 E494.9604
G1 X-9.83 Y-9.83 E495.5195
G1 X9.83 Y-9.83 E496.0786
G1 E495.7786 F1800
M204 S1000
G1 X8.69 Y-6.08 F4800
G1 E496.0786 F1800
;structure:infill-sparse
G1 X8.69 Y-6.08 F4800
G1 X7.64 Y-5.47 E496.1132 F3000
G1 X7.64 Y-2.68 E496.1925
G1 X8.69 Y-2.07 E496.2270
G1 X8.69 Y2.07 E496.3448
G1 X7.64 Y2.68 E496.3793
G1 X7.64 Y5.47 E496.4586
G1 X8.69 Y6.08 E496.4932
G1 X8.69 Y8.69 E496.5674
G1 X5.14 Y8.69 E496.6683
G1 X5.14 Y6.75 E496.7235
G1 X7.36 Y5.47 E496.7964
G1 X7.36 Y2.68 E496.8757
G1 X5.14 Y1.40 E496.9485
G1 X5.14 Y-1.40 E497.0282
G1 X7.36 Y-2.68 E497.1011
G1 X7.36 Y-5.47 E497.1804
G1 X5.14 Y-6.75 E497.2533
G1 X5.14 Y-8.69 E497.3084
G1 X4.86 Y-8.69 E497.3164
G1 X4.86 Y-6.75 E497.3716
G1 X2.64 Y-5.47 E497.4444
G1 X2.64 Y-2.68 E497.5238
G1 X4.86 Y-1.40 E497.5966
G1 X4.86 Y1.40 E497.6763
G1 X2.64 Y2.68 E497.7491
G1 X2.64 Y5.47 E497.8285
G1 X4.86 Y6.75 E497.9014
G1 X4.86 Y8.69 E497.9565
G1 X0.14 Y8.69 E498.0908
G1 X0.14 Y6.75 E498.1459
G1 X2.36 Y5.47 E498.2188
G1 X2.36 Y2.68 E498.2981
G1 X0.14 Y1.40 E498.3710
G1 X0.14 Y-1.40 E498.4506
G1 X2.36 Y-2.68 E498.5235
G1 X2.36 Y-5.47 E498.6028
G1 X0.14 Y-6.75 E498.6757
G1 X0.14 Y-8.69 E498.7309
G1 X-0.14 Y-8.69 E498.7388
G1 X-0.14 Y-6.75 E498.7940
G1 X-2.36 Y-5.47 E498.8669
G1 X-2.36 Y-2.68 E498.9462
G1 X-0.14 Y-1.40 E499.0191
G1 X-0.14 Y1.40 E499.0987
G1 X-2.36 Y2.68 E499.1716
G1 X-2.36 Y5.47 E499.2509
G1 X-0.14 Y6.75 E499.3238
G1 X-0.14 Y8.69 E499.3790
G1 X-4.86 Y8.69 E499.5132
G1 X-4.86 Y6.75 E499.5683
G1 X-2.64 Y5.47 E499.6412
G1 X-2.64 Y2.68 E499.7206
G1 X-4.86 Y1.40 E499.7934
G1 X-4.86 Y-1.40 E499.8731
G1 X-2.64 Y-2.68 E499.9459
G1 X-2.64 Y-5.47 E500.0253
G1 X-4.86 Y-6.75 E500.0981
G1 X-4.86 Y-8.69 E500.1533
G1 X-5.14 Y-8.69 E500.1613
G1 X-5.14 Y-6.75 E500.2164
G1 X-7.36 Y-5.47 E500.2893
G1 X-7.36 Y-2.68 E500.3687
G1 X-5.14 Y-1.40 E500.4415
G1 X-5.14 Y1.40 E500.5211
G1 X-7.36 Y2.68 E500.5940
G1 X-7.36 Y5.47 E500.6734
G1 X-5.14 Y6.75 E500.7462
G1 X-5.14 Y8.69 E500.8014
G1 X-8.69 Y8.69 E500.9023
G1 X-8.69 Y6.08 E500.9766
G1 X-7.64 Y5.47 E501.0111
G1 X-7.64 Y2.68 E501.0904
G1 X-8.69 Y2.07 E501.1250
G1 X-8.69 Y-2.07 E501.2427
G1 X-7.64 Y-2.68 E501.2772
G1 X-7.64 Y-5.47 E501.3566
G1 X-8.69 Y-6.08 E501.3911
;layer:0.18
G1 E501.0911 F1800
G1 X9.03 Y-9.03 F4800
G1 Z3.850 F420
G1 E501.3911 F1800
;structure:shell-inner
G1 X9.03 Y-9.03 F4800
G1 X9.03 Y0.97 E501.6755 F1680
G1 X9.03 Y9.03 E501.9047 F1764
G1 X7.09 Y9.03 E501.9598
G1 X-2.91 Y9.03 E502.2442 F1848
G1 X-9.03 Y9.03 E502.4182 F1932
G1 X-9.03 Y5.15 E502.5286
G1 X-9.03 Y-4.85 E502.8130 F2016
G1 X-9.03 Y-9.03 E502.9319 F2100
G1 X9.03 Y-9.03 E503.4454
G1 E503.1454 F1800
G1 X9.43 Y-9.43 F4800
G1 E503.4454 F1800
G1 X9.43 Y-9.43 F4800
G1 X9.43 Y9.43 E503.9818 F2100
G1 X-9.43 Y9.43 E504.5181
G1 X-9.43 Y-9.43 E505.0545
G1 X9.43 Y-9.43 E505.5908
G1 E505.2908 F1800
G1 X9.83 Y-9.83 F4800
G1 E505.5908 F1800
;structure:shell-outer
G1 X9.83 Y-9.83 F4800
M204 S500
G1 X9.83 Y9.83 E506.1499 F1500
G1 X-9.83 Y9.83 E506.7090
G1 X-9.83 Y-9.83 E507.2681
G1 X9.83 Y-9.83 E507.8272
G1 E507.5272 F1800
M204 S1000
G1 X8.69 Y-6.08 F4800
G1 E507.8272 F1800
;structure:infill-sparse
G1 X8.69 Y-6.08 F4800
G1 X7.64 Y-5.47 E507.8617 F3000
G1 X7.64 Y-2.68 E507.9411
G1 X8.69 Y-2.07 E507.9756
G1 X8.69 Y2.07 E508.0933
G1 X7.64 Y2.68 E508.1278
G1 X7.64 Y5.47 E508.2072
G1 X8.69 Y6.08 E508.2417
G1 X8.69 Y8.69 E508.3159
G1 X5.14 Y8.69 E508.4169
G1 X5.14 Y6.75 E508.4720
G1 X7.36 Y5.47 E508.5449
G1 X7.36 Y2.68 E508.6242
G1 X5.14 Y1.40 E508.6971
G1 X5.14 Y-1.40 E508.7768
G1 X7.36 Y-2.68 E508.8496
G1 X7.36 Y-5.47 E508.9290
G1 X5.14 Y-6.75 E509.0018
G1 X5.14 Y-8.69 E509.0570
G1 X4.86 Y-8.69 E509.0650
G1 X4.86 Y-6.75 E509.1201
G1 X2.64 Y-5.47 E509.1930
G1 X2.64 Y-2.68 E509.2723
G1 X4.86 Y-1.40 E509.3452
G1 X4.86 Y1.40 E509.4248
G1 X2.64 Y2.68 E509.4977
G1 X2.64 Y5.47 E509.5771
G1 X4.86 Y6.75 E509.6499
G1 X4.86 Y8.69 E509.7051
G1 X0.14 Y8.69 E509.8393
G1 X0.14 Y6.75 E509.8945
G1 X2.36 Y5.47 E509.9673
G1 X2.36 Y2.68 E510.0467
G1 X0.14 Y1.40 E510.1196
G1 X0.14 Y-1.40 E510.1992
G1 X2.36 Y-2.68 E510.2721
G1 X2.36 Y-5.47 E510.3514
G1 X0.14 Y-6.75 E510.4243
G1 X0.14 Y-8.69 E510.4794
G1 X-0.14 Y-8.69 E510.4874
G1 X-0.14 Y-6.75 E510.5426
G1 X-2.36 Y-5.47 E510.6154
G1 X-2.36 Y-2.68 E510.6948
G1 X-0.14 Y-1.40 E510.7677
G1 X-0.14 Y1.40 E510.8473
G1 X-2.36 Y2.68 E510.9202
G1 X-2.36 Y5.47 E510.9995
G1 X-0.14 Y6.75 E511.0724
G1 X-0.14 Y8.69 E511.1275
G1 X-4.86 Y8.69 E511.2617
G1 X-4.86 Y6.75 E511.3169
G1 X-2.64 Y5.47 E511.3898
G1 X-2.64 Y2.68 E511.4691
G1 X-4.86 Y1.40 E511.5420
G1 X-4.86 Y-1.40 E511.6216
G1 X-2.64 Y-2.68 E511.6945
G1 X-2.64 Y-5.47 E511.7738
G1 X-4.86 Y-6.75 E511.8467
G1 X-4.86 Y-8.69 E511.9019
G1 X-5.14 Y-8.69 E511.9099
G1 X-5.14 Y-6.75 E511.9650
G1 X-7.36 Y-5.47 E512.0379
G1 X-7.36 Y-2.68 E512.1172
G1 X-5.14 Y-1.40 E512.1901
G1 X-5.14 Y1.40 E512.2697
G1 X-7.36 Y2.68 E512.3426
G1 X-7.36 Y5.47 E512.4219
G1 X-5.14 Y6.75 E512.4948
G1 X-5.14 Y8.69 E512.5500
G1 X-8.69 Y8.69 E512.6509
G1 X-8.69 Y6.08 E512.7251
G1 X-7.64 Y5.47 E512.7596
G1 X-7.64 Y2.68 E512.8390
G1 X-8.69 Y2.07 E512.8735
G1 X-8.69 Y-2.07 E512.9913
G1 X-7.64 Y-2.68 E513.0258
G1 X-7.64 Y-5.47 E513.1051
G1 X-8.69 Y-6.08 E513.1396
;layer:0.18
G1 E512.8397 F1800
G1 X9.03 Y-9.03 F4800
G1 Z4.030 F420
G1 E513.1396 F1800
;structure:shell-inner
G1 X9.03 Y-9.03 F4800
G1 X9.03 Y0.97 E513.4240 F1680
G1 X9.03 Y9.03 E513.6533 F1764
G1 X7.09 Y9.03 E513.7084
G1 X-2.91 Y9.03 E513.9928 F1848
G1 X-9.03 Y9.03 E514.1668 F1932
G1 X-9.03 Y5.15 E514.2772
G1 X-9.03 Y-4.85 E514.5615 F2016
G1 X-9.03 Y-9.03 E514.6804 F2100
G1 X9.03 Y-9.03 E515.1940
G1 E514.8940 F1800
G1 X9.43 Y-9.43 F4800
G1 E515.1940 F1800
G1 X9.43 Y-9.43 F4800
G1 X9.43 Y9.43 E515.7303 F2100
G1 X-9.43 Y9.43 E516.2667
G1 X-9.43 Y-9.43 E516.8030
G1 X9.43 Y-9.43 E517.3394
G1 E517.0394 F1800
G1 X9.83 Y-9.83 F4800
G1 E517.3394 F1800
;structure:shell-outer
G1 X9.83 Y-9.83 F4800
M204 S500
G1 X9.83 Y9.83 E517.8985 F1500
G1 X-9.83 Y9.83 E518.4576
G1 X-9.83 Y-9.83 E519.0167
G1 X9.83 Y-9.83 E519.5757
G1 E519.2758 F1800
M204 S1000
G1 X8.69 Y-6.08 F4800
G1 E519.5757 F1800
;structure:infill-sparse
G1 X8.69 Y-6.08 F4800
G1 X7.64 Y-5.47 E519.6103 F3000
G1 X7.64 Y-2.68 E519.6896
G1 X8.69 Y-2.07 E519.7242
G1 X8.69 Y2.07 E519.8419
G1 X7.64 Y2.68 E519.8764
G1 X7.64 Y5.47 E519.9557
G1 X8.69 Y6.08 E519.9903
G1 X8.69 Y8.69 E520.0645
G1 X5.14 Y8.69 E520.1655
G1 X5.14 Y6.75 E520.2206
G1 X7.36 Y5.47 E520.2935
G1 X7.36 Y2.68 E520.3728
G1 X5.14 Y1.40 E520.4457
G1 X5.14 Y-1.40 E520.5253
G1 X7.36 Y-2.68 E520.5982
G1 X7.36 Y-5.47 E520.6776
G1 X5.14 Y-6.75 E520.7504
G1 X5.14 Y-8.69 E520.8055
G1 X4.86 Y-8.69 E520.8135
G1 X4.86 Y-6.75 E520.8687
G1 X2.64 Y-5.47 E520.9416
G1 X2.64 Y-2.68 E521.0209
G1 X4.86 Y-1.40 E521.0938
G1 X4.86 Y1.40 E521.1734
G1 X2.64 Y2.68 E521.2463
G1 X2.64 Y5.47 E521.3256
G1 X4.86 Y6.75 E521.3985
G1 X4.86 Y8.69 E521.4537
G1 X0.14 Y8.69 E521.5879
G1 X0.14 Y6.75 E521.6430
G1 X2.36 Y5.47 E521.7159
G1 X2.36 Y2.68 E521.7952
G1 X0.14 Y1.40 E521.8681
G1 X0.14 Y-1.40 E521.9478
G1 X2.36 Y-2.68 E522.0206
G1 X2.36 Y-5.47 E522.1000
G1 X0.14 Y-6.75 E522.1729
G1 X0.14 Y-8.69 E522.2280
G1 X-0.14 Y-8.69 E522.2360
G1 X-0.14 Y-6.75 E522.2911
G1 X-2.36 Y-5.47 E522.3640
G1 X-2.36 Y-2.68 E522.4434
G1 X-0.14 Y-1.40 E522.5162
G1 X-0.14 Y1.40 E522.5958
G1 X-2.36 Y2.68 E522.6687
G1 X-2.36 Y5.47 E522.7480
G1 X-0.14 Y6.75 E522.8209
G1 X-0.14 Y8.69 E522.8761
G1 X-4.86 Y8.69 E523.0103
G1 X-4.86 Y6.75 E523.0655
G1 X-2.64 Y5.47 E523.1384
G1 X-2.64 Y2.68 E523.2177
G1 X-4.86 Y1.40 E523.2906
G1 X-4.86 Y-1.40 E523.3702
G1 X-2.64 Y-2.68 E523.4431
G1 X-2.64 Y-5.47 E523.5224
G1 X-4.86 Y-6.75 E523.5953
G1 X-4.86 Y-8.69 E523.6505
G1 X-5.14 Y-8.69 E523.6584
G1 X-5.14 Y-6.75 E523.7136
G1 X-7.36 Y-5.47 E523.7864
G1 X-7.36 Y-2.68 E523.8658
G1 X-5.14 Y-1.40 E523.9387
G1 X-5.14 Y1.40 E524.0183
G1 X-7.36 Y2.68 E524.0912
G1 X-7.36 Y5.47 E524.1705
G1 X-5.14 Y6.75 E524.2433
G1 X-5.14 Y8.69 E524.2986
G1 X-8.69 Y8.69 E524.3995
G1 X-8.69 Y6.08 E524.4738
G1 X-7.64 Y5.47 E524.5083
G1 X-7.64 Y2.68 E524.5876
G1 X-8.69 Y2.07 E524.6222
G1 X-8.69 Y-2.07 E524.7399
G1 X-7.64 Y-2.68 E524.7745
G1 X-7.64 Y-5.47 E524.8538
G1 X-8.69 Y-6.08 E524.8884
;layer:0.18
G1 E524.5884 F1800
G1 X9.03 Y-9.03 F4800
G1 Z4.210 F420
G1 E524.8884 F1800
;structure:shell-inner
G1 X9.03 Y-9.03 F4800
G1 X9.03 Y0.97 E525.1727 F1680
G1 X9.03 Y9.03 E525.4019 F1764
G1 X7.09 Y9.03 E525.4572
G1 X-2.91 Y9.03 E525.7415 F1848
G1 X-9.03 Y9.03 E525.9156 F1932
G1 X-9.03 Y5.15 E526.0259
G1 X-9.03 Y-4.85 E526.3102 F2016
G1 X-9.03 Y-9.03 E526.4291 F2100
G1 X9.03 Y-9.03 E526.9427
G1 E526.6427 F1800
G1 X9.43 Y-9.43 F4800
G1 E526.9427 F1800
G1 X9.43 Y-9.43 F4800
G1 X9.43 Y9.43 E527.4790 F2100
G1 X-9.43 Y9.43 E528.0153
G1 X-9.43 Y-9.43 E528.5516
G1 X9.43 Y-9.43 E529.0880
G1 E528.7880 F1800
G1 X9.83 Y-9.83 F4800
G1 E529.0880 F1800
;structure:shell-outer
G1 X9.83 Y-9.83 F4800
M204 S500
G1 X9.83 Y9.83 E529.6470 F1500
G1 X-9.83 Y9.83 E530.2061
G1 X-9.83 Y-9.83 E530.7651
G1 X9.83 Y-9.83 E531.3242
G1 E531.0242 F1800
M204 S1000
G1 X8.69 Y-6.08 F4800
G1 E531.3242 F1800
;structure:infill-sparse
G1 X8.69 Y-6.08 F4800
G1 X7.64 Y-5.47 E531.3588 F3000
G1 X7.64 Y-2.68 E531.4380
G1 X8.69 Y-2.07 E531.4726
G1 X8.69 Y2.07 E531.5904
G1 X7.64 Y2.68 E531.6249
G1 X7.64 Y5.47 E531.7042
G1 X8.69 Y6.08 E531.7388
G1 X8.69 Y8.69 E531.8130
G1 X5.14 Y8.69 E531.9140
G1 X5.14 Y6.75 E531.9692
G1 X7.36 Y5.47 E532.0421
G1 X7.36 Y2.68 E532.1214
G1 X5.14 Y1.40 E532.1943
G1 X5.14 Y-1.40 E532.2739
G1 X7.36 Y-2.68 E532.3467
G1 X7.36 Y-5.47 E532.4261
G1 X5.14 Y-6.75 E532.4990
G1 X5.14 Y-8.69 E532.5541
G1 X4.86 Y-8.69 E532.5621
G1 X4.86 Y-6.75 E532.6172
G1 X2.64 Y-5.47 E532.6901
G1 X2.64 Y-2.68 E532.7694
G1 X4.86 Y-1.40 E532.8423
G1 X4.86 Y1.40 E532.9219
G1 X2.64 Y2.68 E532.9948
G1 X2.64 Y5.47 E533.0741
G1 X4.86 Y6.75 E533.1470
G1 X4.86 Y8.69 E533.2022
G1 X0.14 Y8.69 E533.3364
G1 X0.14 Y6.75 E533.3916
G1 X2.36 Y5.47 E533.4645
G1 X2.36 Y2.68 E533.5438
G1 X0.14 Y1.40 E533.6167
G1 X0.14 Y-1.40 E533.6963
G1 X2.36 Y-2.68 E533.7692
G1 X2.36 Y-5.47 E533.8485
G1 X0.14 Y-6.75 E533.9214
G1 X0.14 Y-8.69 E533.9766
G1 X-0.14 Y-8.69 E533.9845
G1 X-0.14 Y-6.75 E534.0397
G1 X-2.36 Y-5.47 E534.1125
G1 X-2.36 Y-2.68 E534.1919
G1 X-0.14 Y-1.40 E534.2648
G1 X-0.14 Y1.40 E534.3444
G1 X-2.36 Y2.68 E534.4172
G1 X-2.36 Y5.47 E534.4966
G1 X-0.14 Y6.75 E534.5695
G1 X-0.14 Y8.69 E534.6246
G1 X-4.86 Y8.69 E534.7589
G1 X-4.86 Y6.75 E534.8141
G1 X-2.64 Y5.47 E534.8870
G1 X-2.64 Y2.68 E534.9662
G1 X-4.86 Y1.40 E535.0391
G1 X-4.86 Y-1.40 E535.1188
G1 X-2.64 Y-2.68 E535.1917
G1 X-2.64 Y-5.47 E535.2709
G1 X-4.86 Y-6.75 E535.3438
G1 X-4.86 Y-8.69 E535.3990
G1 X-5.14 Y-8.69 E535.4069
G1 X-5.14 Y-6.75 E535.4621
G1 X-7.36 Y-5.47 E535.5350
G1 X-7.36 Y-2.68 E535.6143
G1 X-5.14 Y-1.40 E535.6872
G1 X-5.14 Y1.40 E535.7668
G1 X-7.36 Y2.68 E535.8397
G1 X-7.36 Y5.47 E535.9190
G1 X-5.14 Y6.75 E535.9919
G1 X-5.14 Y8.69 E536.0471
G1 X-8.69 Y8.69 E536.1480
G1 X-8.69 Y6.08 E536.2222
G1 X-7.64 Y5.47 E536.2568
G1 X-7.64 Y2.68 E536.3361
G1 X-8.69 Y2.07 E536.3707
G1 X-8.69 Y-2.07 E536.4885
G1 X-7.64 Y-2.68 E536.5230
G1 X-7.64 Y-5.47 E536.6023
G1 X-8.69 Y-6.08 E536.6369
;layer:0.18
G1 E536.3369 F1800
G1 X9.03 Y-9.03 F4800
G1 Z4.390 F420
G1 E536.6369 F1800
;structure:shell-inner
G1 X9.03 Y-9.03 F4800
G1 X9.03 Y0.97 E536.9213 F1680
G1 X9.03 Y9.03 E537.1505 F1764
G1 X7.09 Y9.03 E537.2056
G1 X-2.91 Y9.03 E537.4900 F1848
G1 X-9.03 Y9.03 E537.6641 F1932
G1 X-9.03 Y5.15 E537.7744
G1 X-9.03 Y-4.85 E538.0588 F2016
G1 X-9.03 Y-9.03 E538.1776 F2100
G1 X9.03 Y-9.03 E538.6912
G1 E538.3912 F1800
G1 X9.43 Y-9.43 F4800
G1 E538.6912 F1800
G1 X9.43 Y-9.43 F4800
G1 X9.43 Y9.43 E539.2275 F2100
G1 X-9.43 Y9.43 E539.7638
G1 X-9.43 Y-9.43 E540.3001
G1 X9.43 Y-9.43 E540.8364
G1 E540.5364 F1800
G1 X9.83 Y-9.83 F4800
G1 E540.8364 F1800
;structure:shell-outer
G1 X9.83 Y-9.83 F4800
M204 S500
G1 X9.83 Y9.83 E541.3955 F1500
G1 X-9.83 Y9.83 E541.9546
G1 X-9.83 Y-9.83 E542.5136
G1 X9.83 Y-9.83 E543.0727
G1 E542.7727 F1800
M204 S1000
G1 X8.69 Y-6.08 F4800
G1 E543.0727 F1800
;structure:infill-sparse
G1 X8.69 Y-6.08 F4800
G1 X7.64 Y-5.47 E543.1072 F3000
G1 X7.64 Y-2.68 E543.1866
G1 X8.69 Y-2.07 E543.2211
G1 X8.69 Y2.07 E543.3389
G1 X7.64 Y2.68 E543.3734
G1 X7.64 Y5.47 E543.4528
G1 X8.69 Y6.08 E543.4873
G1 X8.69 Y8.69 E543.5616
G1 X5.14 Y8.69 E543.6625
G1 X5.14 Y6.75 E543.7177
G1 X7.36 Y5.47 E543.7906
G1 X7.36 Y2.68 E543.8699
G1 X5.14 Y1.40 E543.9427
G1 X5.14 Y-1.40 E544.0224
G1 X7.36 Y-2.68 E544.0953
G1 X7.36 Y-5.47 E544.1746
G1 X5.14 Y-6.75 E544.2474
G1 X5.14 Y-8.69 E544.3026
G1 X4.86 Y-8.69 E544.3105
G1 X4.86 Y-6.75 E544.3657
G1 X2.64 Y-5.47 E544.4386
G1 X2.64 Y-2.68 E544.5179
G1 X4.86 Y-1.40 E544.5908
G1 X4.86 Y1.40 E544.6704
G1 X2.64 Y2.68 E544.7433
G1 X2.64 Y5.47 E544.8226
G1 X4.86 Y6.75 E544.8955
G1 X4.86 Y8.69 E544.9507
G1 X0.14 Y8.69 E545.0850
G1 X0.14 Y6.75 E545.1401
G1 X2.36 Y5.47 E545.2130
G1 X2.36 Y2.68 E545.2923
G1 X0.14 Y1.40 E545.3652
G1 X0.14 Y-1.40 E545.4448
G1 X2.36 Y-2.68 E545.5177
G1 X2.36 Y-5.47 E545.5970
G1 X0.14 Y-6.75 E545.6699
G1 X0.14 Y-8.69 E545.7250
G1 X-0.14 Y-8.69 E545.7330
G1 X-0.14 Y-6.75 E545.7882
G1 X-2.36 Y-5.47 E545.8611
G1 X-2.36 Y-2.68 E545.9404
G1 X-0.14 Y-1.40 E546.0132
G1 X-0.14 Y1.40 E546.0929
G1 X-2.36 Y2.68 E546.1658
G1 X-2.36 Y5.47 E546.2451
G1 X-0.14 Y6.75 E546.3179
G1 X-0.14 Y8.69 E546.3731
G1 X-4.86 Y8.69 E546.5074
G1 X-4.86 Y6.75 E546.5626
G1 X-2.64 Y5.47 E546.6354
G1 X-2.64 Y2.68 E546.7147
G1 X-4.86 Y1.40 E546.7876
G1 X-4.86 Y-1.40 E546.8672
G1 X-2.64 Y-2.68 E546.9401
G1 X-2.64 Y-5.47 E547.0194
G1 X-4.86 Y-6.75 E547.0923
G1 X-4.86 Y-8.69 E547.1475
G1 X-5.14 Y-8.69 E547.1555
G1 X-5.14 Y-6.75 E547.2106
G1 X-7.36 Y-5.47 E547.2835
G1 X-7.36 Y-2.68 E547.3628
G1 X-5.14 Y-1.40 E547.4357
G1 X-5.14 Y1.40 E547.5153
G1 X-7.36 Y2.68 E547.5882
G1 X-7.36 Y5.47 E547.6675
G1 X-5.14 Y6.75 E547.7404
G1 X-5.14 Y8.69 E547.7955
G1 X-8.69 Y8.69 E547.8965
G1 X-8.69 Y6.08 E547.9708
G1 X-7.64 Y5.47 E548.0053
G1 X-7.64 Y2.68 E548.0846
G1 X-8.69 Y2.07 E548.1192
G1 X-8.69 Y-2.07 E548.2369
G1 X-7.64 Y-2.68 E548.2715
G1 X-7.64 Y-5.47 E548.3508
G1 X-8.69 Y-6.08 E548.3854
;layer:0.18
G1 E548.0854 F1800
G1 X9.03 Y-9.03 F4800
G1 Z4.570 F420
G1 E548.3854 F1800
;structure:shell-inner
G1 X9.03 Y-9.03 F4800
G1 X9.03 Y0.97 E548.6697 F1680
G1 X9.03 Y9.03 E548.8989 F1764
G1 X7.09 Y9.03 E548.9541
G1 X-2.91 Y9.03 E549.2385 F1848
G1 X-9.03 Y9.03 E549.4125 F1932
G1 X-9.03 Y5.15 E549.5229
G1 X-9.03 Y-4.85 E549.8073 F2016
G1 X-9.03 Y-9.03 E549.9261 F2100
G1 X9.03 Y-9.03 E550.4397
G1 E550.1397 F1800
G1 X9.43 Y-9.43 F4800
G1 E550.4397 F1800
G1 X9.43 Y-9.43 F4800
G1 X9.43 Y9.43 E550.9760 F2100
G1 X-9.43 Y9.43 E551.5123
G1 X-9.43 Y-9.43 E552.0486
G1 X9.43 Y-9.43 E552.5850
G1 E552.2849 F1800
G1 X9.83 Y-9.83 F4800
G1 E552.5850 F1800
;structure:shell-outer
G1 X9.83 Y-9.83 F4800
M204 S500
G1 X9.83 Y9.83 E553.1440 F1500
G1 X-9.83 Y9.83 E553.7031
G1 X-9.83 Y-9.83 E554.2621
G1 X9.83 Y-9.83 E554.8212
G1 E554.5212 F1800
M204 S1000
G1 X8.69 Y-6.08 F4800
G1 E554.8212 F1800
;structure:infill-sparse
G1 X8.69 Y-6.08 F4800
G1 X7.64 Y-5.47 E554.8558 F3000
G1 X7.64 Y-2.68 E554.9351
G1 X8.69 Y-2.07 E554.9696
G1 X8.69 Y2.07 E555.0874
G1 X7.64 Y2.68 E555.1219
G1 X7.64 Y5.47 E555.2012
G1 X8.69 Y6.08 E555.2358
G1 X8.69 Y8.69 E555.3101
G1 X5.14 Y8.69 E555.4110
G1 X5.14 Y6.75 E555.4662
G1 X7.36 Y5.47 E555.5391
G1 X7.36 Y2.68 E555.6183
G1 X5.14 Y1.40 E555.6912
G1 X5.14 Y-1.40 E555.7709
G1 X7.36 Y-2.68 E555.8438
G1 X7.36 Y-5.47 E555.9230
G1 X5.14 Y-6.75 E555.9959
G1 X5.14 Y-8.69 E556.0511
G1 X4.86 Y-8.69 E556.0591
G1 X4.86 Y-6.75 E556.1143
G1 X2.64 Y-5.47 E556.1871
G1 X2.64 Y-2.68 E556.2664
G1 X4.86 Y-1.40 E556.3393
G1 X4.86 Y1.40 E556.4189
G1 X2.64 Y2.68 E556.4918
G1 X2.64 Y5.47 E556.5711
G1 X4.86 Y6.75 E556.6440
G1 X4.86 Y8.69 E556.6992
G1 X0.14 Y8.69 E556.8334
G1 X0.14 Y6.75 E556.8886
G1 X2.36 Y5.47 E556.9615
G1 X2.36 Y2.68 E557.0408
G1 X0.14 Y1.40 E557.1137
G1 X0.14 Y-1.40 E557.1933
G1 X2.36 Y-2.68 E557.2662
G1 X2.36 Y-5.47 E557.3455
G1 X0.14 Y-6.75 E557.4184
G1 X0.14 Y-8.69 E557.4736
G1 X-0.14 Y-8.69 E557.4815
G1 X-0.14 Y-6.75 E557.5367
G1 X-2.36 Y-5.47 E557.6096
G1 X-2.36 Y-2.68 E557.6889
G1 X-0.14 Y-1.40 E557.7618
G1 X-0.14 Y1.40 E557.8414
G1 X-2.36 Y2.68 E557.9142
G1 X-2.36 Y5.47 E557.9936
G1 X-0.14 Y6.75 E558.0665
G1 X-0.14 Y8.69 E558.1216
G1 X-4.86 Y8.69 E558.2559
G1 X-4.86 Y6.75 E558.3110
G1 X-2.64 Y5.47 E558.3839
G1 X-2.64 Y2.68 E558.4633
G1 X-4.86 Y1.40 E558.5361
G1 X-4.86 Y-1.40 E558.6157
G1 X-2.64 Y-2.68 E558.6886
G1 X-2.64 Y-5.47 E558.7679
G1 X-4.86 Y-6.75 E558.8408
G1 X-4.86 Y-8.69 E558.8960
G1 X-5.14 Y-8.69 E558.9039
G1 X-5.14 Y-6.75 E558.9591
G1 X-7.36 Y-5.47 E559.0320
G1 X-7.36 Y-2.68 E559.1113
G1 X-5.14 Y-1.40 E559.1842
G1 X-5.14 Y1.40 E559.2638
G1 X-7.36 Y2.68 E559.3367
G1 X-7.36 Y5.47 E559.4160
G1 X-5.14 Y6.75 E559.4889
G1 X-5.14 Y8.69 E559.5441
G1 X-8.69 Y8.69 E559.6450
G1 X-8.69 Y6.08 E559.7192
G1 X-7.64 Y5.47 E559.7538
G1 X-7.64 Y2.68 E559.8331
G1 X-8.69 Y2.07 E559.8677
G1 X-8.69 Y-2.07 E559.9854
G1 X-7.64 Y-2.68 E560.0200
G1 X-7.64 Y-5.47 E560.0993
G1 X-8.69 Y-6.08 E560.1339
;layer:0.18
G1 E559.8339 F1800
G1 X9.03 Y-9.03 F4800
G1 Z4.750 F420
G1 E560.1339 F1800
;structure:shell-inner
G1 X9.03 Y-9.03 F4800
G1 X9.03 Y0.97 E560.4183 F1680
G1 X9.03 Y9.03 E560.6475 F1764
G1 X7.09 Y9.03 E560.7026
G1 X-2.91 Y9.03 E560.9870 F1848
G1 X-9.03 Y9.03 E561.1611 F1932
G1 X-9.03 Y5.15 E561.2714
G1 X-9.03 Y-4.85 E561.5557 F2016
G1 X-9.03 Y-9.03 E561.6746 F2100
G1 X9.03 Y-9.03 E562.1882
G1 E561.8882 F1800
G1 X9.43 Y-9.43 F4800
G1 E562.1882 F1800
G1 X9.43 Y-9.43 F4800
G1 X9.43 Y9.43 E562.7245 F2100
G1 X-9.43 Y9.43 E563.2608
G1 X-9.43 Y-9.43 E563.7971
G1 X9.43 Y-9.43 E564.3334
G1 E564.0334 F1800
G1 X9.83 Y-9.83 F4800
G1 E564.3334 F1800
;structure:shell-outer
G1 X9.83 Y-9.83 F4800
M204 S500
G1 X9.83 Y9.83 E564.8925 F1500
G1 X-9.83 Y9.83 E565.4515
G1 X-9.83 Y-9.83 E566.0106
G1 X9.83 Y-9.83 E566.5697
G1 E566.2697 F1800
M204 S1000
G1 X8.69 Y-6.08 F4800
G1 E566.5697 F1800
;structure:infill-sparse
G1 X8.69 Y-6.08 F4800
G1 X7.64 Y-5.47 E566.6042 F3000
G1 X7.64 Y-2.68 E566.6835
G1 X8.69 Y-2.07 E566.7181
G1 X8.69 Y2.07 E566.8359
G1 X7.64 Y2.68 E566.8704
G1 X7.64 Y5.47 E566.9498
G1 X8.69 Y6.08 E566.9843
G1 X8.69 Y8.69 E567.0585
G1 X5.14 Y8.69 E567.1595
G1 X5.14 Y6.75 E567.2147
G1 X7.36 Y5.47 E567.2875
G1 X7.36 Y2.68 E567.3669
G1 X5.14 Y1.40 E567.4398
G1 X5.14 Y-1.40 E567.5193
G1 X7.36 Y-2.68 E567.5922
G1 X7.36 Y-5.47 E567.6716
G1 X5.14 Y-6.75 E567.7444
G1 X5.14 Y-8.69 E567.7996
G1 X4.86 Y-8.69 E567.8076
G1 X4.86 Y-6.75 E567.8627
G1 X2.64 Y-5.47 E567.9356
G1 X2.64 Y-2.68 E568.0150
G1 X4.86 Y-1.40 E568.0878
G1 X4.86 Y1.40 E568.1674
G1 X2.64 Y2.68 E568.2403
G1 X2.64 Y5.47 E568.3196
G1 X4.86 Y6.75 E568.3925
G1 X4.86 Y8.69 E568.4477
G1 X0.14 Y8.69 E568.5819
G1 X0.14 Y6.75 E568.6371
G1 X2.36 Y5.47 E568.7100
G1 X2.36 Y2.68 E568.7893
G1 X0.14 Y1.40 E568.8622
G1 X0.14 Y-1.40 E568.9418
G1 X2.36 Y-2.68 E569.0147
G1 X2.36 Y-5.47 E569.0940
G1 X0.14 Y-6.75 E569.1669
G1 X0.14 Y-8.69 E569.2220
G1 X-0.14 Y-8.69 E569.2300
G1 X-0.14 Y-6.75 E569.2852
G1 X-2.36 Y-5.47 E569.3580
G1 X-2.36 Y-2.68 E569.4374
G1 X-0.14 Y-1.40 E569.5103
G1 X-0.14 Y1.40 E569.5899
G1 X-2.36 Y2.68 E569.6627
G1 X-2.36 Y5.47 E569.7421
G1 X-0.14 Y6.75 E569.8149
G1 X-0.14 Y8.69 E569.8701
G1 X-4.86 Y8.69 E570.0044
G1 X-4.86 Y6.75 E570.0596
G1 X-2.64 Y5.47 E570.1324
G1 X-2.64 Y2.68 E570.2117
G1 X-4.86 Y1.40 E570.2846
G1 X-4.86 Y-1.40 E570.3643
G1 X-2.64 Y-2.68 E570.4371
G1 X-2.64 Y-5.47 E570.5164
G1 X-4.86 Y-6.75 E570.5893
G1 X-4.86 Y-8.69 E570.6445
G1 X-5.14 Y-8.69 E570.6525
G1 X-5.14 Y-6.75 E570.7076
G1 X-7.36 Y-5.47 E570.7805
G1 X-7.36 Y-2.68 E570.8598
G1 X-5.14 Y-1.40 E570.9327
G1 X-5.14 Y1.40 E571.0123
G1 X-7.36 Y2.68 E571.0852
G1 X-7.36 Y5.47 E571.1645
G1 X-5.14 Y6.75 E571.2374
G1 X-5.14 Y8.69 E571.2925
G1 X-8.69 Y8.69 E571.3935
G1 X-8.69 Y6.08 E571.4678
G1 X-7.64 Y5.47 E571.5023
G1 X-7.64 Y2.68 E571.5816
G1 X-8.69 Y2.07 E571.6162
G1 X-8.69 Y-2.07 E571.7339
G1 X-7.64 Y-2.68 E571.7685
G1 X-7.64 Y-5.47 E571.8478
G1 X-8.69 Y-6.08 E571.8824
;layer:0.18
G1 E571.5824 F1800
G1 X9.03 Y-9.03 F4800
G1 Z4.930 F420
G1 E571.8824 F1800
;structure:shell-inner
G1 X9.03 Y-9.03 F4800
G1 X9.03 Y0.97 E572.1667 F1680
G1 X9.03 Y9.03 E572.3959 F1764
G1 X7.09 Y9.03 E572.4511
G1 X-2.91 Y9.03 E572.7355 F1848
G1 X-9.03 Y9.03 E572.9095 F1932
G1 X-9.03 Y5.15 E573.0199
G1 X-9.03 Y-4.85 E573.3043 F2016
G1 X-9.03 Y-9.03 E573.4231 F2100
G1 X9.03 Y-9.03 E573.9367
G1 E573.6367 F1800
G1 X9.43 Y-9.43 F4800
G1 E573.9367 F1800
G1 X9.43 Y-9.43 F4800
G1 X9.43 Y9.43 E574.4730 F2100
G1 X-9.43 Y9.43 E575.0093
G1 X-9.43 Y-9.43 E575.5457
G1 X9.43 Y-9.43 E576.0819
G1 E575.7819 F1800
G1 X9.83 Y-9.83 F4800
G1 E576.0819 F1800
;structure:shell-outer
G1 X9.83 Y-9.83 F4800
M204 S500
G1 X9.83 Y9.83 E576.6410 F1500
G1 X-9.83 Y9.83 E577.2001
G1 X-9.83 Y-9.83 E577.7592
G1 X9.83 Y-9.83 E578.3182
G1 E578.0182 F1800
M204 S1000
G1 X8.69 Y-6.08 F4800
G1 E578.3182 F1800
;structure:infill-sparse
G1 X8.69 Y-6.08 F4800
G1 X7.64 Y-5.47 E578.3527 F3000
G1 X7.64 Y-2.68 E578.4321
G1 X8.69 Y-2.07 E578.4666
G1 X8.69 Y2.07 E578.5844
G1 X7.64 Y2.68 E578.6190
G1 X7.64 Y5.47 E578.6982
G1 X8.69 Y6.08 E578.7328
G1 X8.69 Y8.69 E578.8071
G1 X5.14 Y8.69 E578.9080
G1 X5.14 Y6.75 E578.9632
G1 X7.36 Y5.47 E579.0361
G1 X7.36 Y2.68 E579.1154
G1 X5.14 Y1.40 E579.1882
G1 X5.14 Y-1.40 E579.2679
G1 X7.36 Y-2.68 E579.3408
G1 X7.36 Y-5.47 E579.4200
G1 X5.14 Y-6.75 E579.4929
G1 X5.14 Y-8.69 E579.5481
G1 X4.86 Y-8.69 E579.5561
G1 X4.86 Y-6.75 E579.6113
G1 X2.64 Y-5.47 E579.6841
G1 X2.64 Y-2.68 E579.7634
G1 X4.86 Y-1.40 E579.8363
G1 X4.86 Y1.40 E579.9160
G1 X2.64 Y2.68 E579.9888
G1 X2.64 Y5.47 E580.0681
G1 X4.86 Y6.75 E580.1410
G1 X4.86 Y8.69 E580.1962
G1 X0.14 Y8.69 E580.3304
G1 X0.14 Y6.75 E580.3856
G1 X2.36 Y5.47 E580.4585
G1 X2.36 Y2.68 E580.5378
G1 X0.14 Y1.40 E580.6107
G1 X0.14 Y-1.40 E580.6903
G1 X2.36 Y-2.68 E580.7632
G1 X2.36 Y-5.47 E580.8425
G1 X0.14 Y-6.75 E580.9154
G1 X0.14 Y-8.69 E580.9706
G1 X-0.14 Y-8.69 E580.9785
G1 X-0.14 Y-6.75 E581.0337
G1 X-2.36 Y-5.47 E581.1066
G1 X-2.36 Y-2.68 E581.1859
G1 X-0.14 Y-1.40 E581.2587
G1 X-0.14 Y1.40 E581.3384
G1 X-2.36 Y2.68 E581.4113
G1 X-2.36 Y5.47 E581.4905
G1 X-0.14 Y6.75 E581.5634
G1 X-0.14 Y8.69 E581.6187
G1 X-4.86 Y8.69 E581.7529
G1 X-4.86 Y6.75 E581.8080
G1 X-2.64 Y5.47 E581.8809
G1 X-2.64 Y2.68 E581.9603
G1 X-4.86 Y1.40 E582.0331
G1 X-4.86 Y-1.40 E582.1127
G1 X-2.64 Y-2.68 E582.1856
G1 X-2.64 Y-5.47 E582.2650
G1 X-4.86 Y-6.75 E582.3378
G1 X-4.86 Y-8.69 E582.3930
G1 X-5.14 Y-8.69 E582.4009
G1 X-5.14 Y-6.75 E582.4561
G1 X-7.36 Y-5.47 E582.5290
G1 X-7.36 Y-2.68 E582.6083
G1 X-5.14 Y-1.40 E582.6812
G1 X-5.14 Y1.40 E582.7608
G1 X-7.36 Y2.68 E582.8337
G1 X-7.36 Y5.47 E582.9130
G1 X-5.14 Y6.75 E582.9859
G1 X-5.14 Y8.69 E583.0411
G1 X-8.69 Y8.69 E583.1420
G1 X-8.69 Y6.08 E583.2162
G1 X-7.64 Y5.47 E583.2508
G1 X-7.64 Y2.68 E583.3301
G1 X-8.69 Y2.07 E583.3647
G1 X-8.69 Y-2.07 E583.4824
G1 X-7.64 Y-2.68 E583.5170
G1 X-7.64 Y-5.47 E583.5963
G1 X-8.69 Y-6.08 E583.6309
;layer:0.18
G1 E583.3309 F1800
G1 X9.03 Y-9.03 F4800
G1 Z5.110 F420
G1 E583.6309 F1800
;structure:shell-inner
G1 X9.03 Y-9.03 F4800
G1 X9.03 Y0.97 E583.9152 F1680
G1 X9.03 Y9.03 E584.1444 F1764
G1 X7.09 Y9.03 E584.1996
G1 X-2.91 Y9.03 E584.4840 F1848
G1 X-9.03 Y9.03 E584.6581 F1932
G1 X-9.03 Y5.15 E584.7684
G1 X-9.03 Y-4.85 E585.0527 F2016
G1 X-9.03 Y-9.03 E585.1716 F2100
G1 X9.03 Y-9.03 E585.6852
G1 E585.3852 F1800
G1 X9.43 Y-9.43 F4800
G1 E585.6852 F1800
G1 X9.43 Y-9.43 F4800
G1 X9.43 Y9.43 E586.2215 F2100
G1 X-9.43 Y9.43 E586.7578
G1 X-9.43 Y-9.43 E587.2941
G1 X9.43 Y-9.43 E587.8304
G1 E587.5305 F1800
G1 X9.83 Y-9.83 F4800
G1 E587.8304 F1800
;structure:shell-outer
G1 X9.83 Y-9.83 F4800
M204 S500
G1 X9.83 Y9.83 E588.3895 F1500
G1 X-9.83 Y9.83 E588.9485
G1 X-9.83 Y-9.83 E589.5076
G1 X9.83 Y-9.83 E590.0667
G1 E589.7667 F1800
M204 S1000
G1 X8.69 Y-6.08 F4800
G1 E590.0667 F1800
;structure:infill-sparse
G1 X8.69 Y-6.08 F4800
G1 X7.64 Y-5.47 E590.1013 F3000
G1 X7.64 Y-2.68 E590.1805
G1 X8.69 Y-2.07 E590.2151
G1 X8.69 Y2.07 E590.3329
G1 X7.64 Y2.68 E590.3674
G1 X7.64 Y5.47 E590.4468
G1 X8.69 Y6.08 E590.4813
G1 X8.69 Y8.69 E590.5555
G1 X5.14 Y8.69 E590.6565
G1 X5.14 Y6.75 E590.7117
G1 X7.36 Y5.47 E590.7845
G1 X7.36 Y2.68 E590.8639
G1 X5.14 Y1.40 E590.9368
G1 X5.14 Y-1.40 E591.0164
G1 X7.36 Y-2.68 E591.0892
G1 X7.36 Y-5.47 E591.1686
G1 X5.14 Y-6.75 E591.2415
G1 X5.14 Y-8.69 E591.2966
G1 X4.86 Y-8.69 E591.3046
G1 X4.86 Y-6.75 E591.3597
G1 X2.64 Y-5.47 E591.4326
G1 X2.64 Y-2.68 E591.5120
G1 X4.86 Y-1.40 E591.5848
G1 X4.86 Y1.40 E591.6644
G1 X2.64 Y2.68 E591.7373
G1 X2.64 Y5.47 E591.8167
G1 X4.86 Y6.75 E591.8895
G1 X4.86 Y8.69 E591.9447
G1 X0.14 Y8.69 E592.0789
G1 X0.14 Y6.75 E592.1342
G1 X2.36 Y5.47 E592.2070
G1 X2.36 Y2.68 E592.2863
G1 X0.14 Y1.40 E592.3592
G1 X0.14 Y-1.40 E592.4388
G1 X2.36 Y-2.68 E592.5117
G1 X2.36 Y-5.47 E592.5910
G1 X0.14 Y-6.75 E592.6639
G1 X0.14 Y-8.69 E592.7191
G1 X-0.14 Y-8.69 E592.7270
G1 X-0.14 Y-6.75 E592.7822
G1 X-2.36 Y-5.47 E592.8550
G1 X-2.36 Y-2.68 E592.9344
G1 X-0.14 Y-1.40 E593.0073
G1 X-0.14 Y1.40 E593.0869
G1 X-2.36 Y2.68 E593.1597
G1 X-2.36 Y5.47 E593.2391
G1 X-0.14 Y6.75 E593.3120
G1 X-0.14 Y8.69 E593.3671
G1 X-4.86 Y8.69 E593.5014
G1 X-4.86 Y6.75 E593.5566
G1 X-2.64 Y5.47 E593.6295
G1 X-2.64 Y2.68 E593.7087
G1 X-4.86 Y1.40 E593.7816
G1 X-4.86 Y-1.40 E593.8613
G1 X-2.64 Y-2.68 E593.9341
G1 X-2.64 Y-5.47 E594.0134
G1 X-4.86 Y-6.75 E594.0863
G1 X-4.86 Y-8.69 E594.1415
G1 X-5.14 Y-8.69 E594.1494
G1 X-5.14 Y-6.75 E594.2047
G1 X-7.36 Y-5.47 E594.2775
G1 X-7.36 Y-2.68 E594.3568
G1 X-5.14 Y-1.40 E594.4297
G1 X-5.14 Y1.40 E594.5093
G1 X-7.36 Y2.68 E594.5822
G1 X-7.36 Y5.47 E594.6615
G1 X-5.14 Y6.75 E594.7344
G1 X-5.14 Y8.69 E594.7896
G1 X-8.69 Y8.69 E594.8905
G1 X-8.69 Y6.08 E594.9647
G1 X-7.64 Y5.47 E594.9993
G1 X-7.64 Y2.68 E595.0786
G1 X-8.69 Y2.07 E595.1132
G1 X-8.69 Y-2.07 E595.2310
G1 X-7.64 Y-2.68 E595.2655
G1 X-7.64 Y-5.47 E595.3448
G1 X-8.69 Y-6.08 E595.3794
;layer:0.18
G1 E595.0793 F1800
G1 X9.03 Y-9.03 F4800
G1 Z5.290 F420
G1 E595.3794 F1800
;structure:shell-inner
G1 X9.03 Y-9.03 F4800
G1 X9.03 Y0.97 E595.6638 F1680
G1 X9.03 Y9.03 E595.8929 F1764
G1 X7.09 Y9.03 E595.9481
G1 X-2.91 Y9.03 E596.2325 F1848
G1 X-9.03 Y9.03 E596.4066 F1932
G1 X-9.03 Y5.15 E596.5168
G1 X-9.03 Y-4.85 E596.8013 F2016
G1 X-9.03 Y-9.03 E596.9201 F2100
G1 X9.03 Y-9.03 E597.4337
G1 E597.1337 F1800
G1 X9.43 Y-9.43 F4800
G1 E597.4337 F1800
G1 X9.43 Y-9.43 F4800
G1 X9.43 Y9.43 E597.9700 F2100
G1 X-9.43 Y9.43 E598.5063
G1 X-9.43 Y-9.43 E599.0426
G1 X9.43 Y-9.43 E599.5789
G1 E599.2789 F1800
G1 X9.83 Y-9.83 F4800
G1 E599.5789 F1800
;structure:shell-outer
G1 X9.83 Y-9.83 F4800
M204 S500
G1 X9.83 Y9.83 E600.1380 F1500
G1 X-9.83 Y9.83 E600.6971
G1 X-9.83 Y-9.83 E601.2561
G1 X9.83 Y-9.83 E601.8152
G1 E601.5152 F1800
M204 S1000
G1 X8.69 Y-6.08 F4800
G1 E601.8152 F1800
;structure:infill-sparse
G1 X8.69 Y-6.08 F4800
G1 X7.64 Y-5.47 E601.8497 F3000
G1 X7.64 Y-2.68 E601.9291
G1 X8.69 Y-2.07 E601.9636
G1 X8.69 Y2.07 E602.0814
G1 X7.64 Y2.68 E602.1160
G1 X7.64 Y5.47 E602.1953
G1 X8.69 Y6.08 E602.2298
G1 X8.69 Y8.69 E602.3041
G1 X5.14 Y8.69 E602.4050
G1 X5.14 Y6.75 E602.4602
G1 X7.36 Y5.47 E602.5331
G1 X7.36 Y2.68 E602.6124
G1 X5.14 Y1.40 E602.6852
G1 X5.14 Y-1.40 E602.7649
G1 X7.36 Y-2.68 E602.8378
G1 X7.36 Y-5.47 E602.9171
G1 X5.14 Y-6.75 E602.9899
G1 X5.14 Y-8.69 E603.0451
G1 X4.86 Y-8.69 E603.0530
G1 X4.86 Y-6.75 E603.1083
G1 X2.64 Y-5.47 E603.1812
G1 X2.64 Y-2.68 E603.2604
G1 X4.86 Y-1.40 E603.3333
G1 X4.86 Y1.40 E603.4130
G1 X2.64 Y2.68 E603.4858
G1 X2.64 Y5.47 E603.5651
G1 X4.86 Y6.75 E603.6380
G1 X4.86 Y8.69 E603.6932
G1 X0.14 Y8.69 E603.8275
G1 X0.14 Y6.75 E603.8826
G1 X2.36 Y5.47 E603.9555
G1 X2.36 Y2.68 E604.0348
G1 X0.14 Y1.40 E604.1077
G1 X0.14 Y-1.40 E604.1873
G1 X2.36 Y-2.68 E604.2602
G1 X2.36 Y-5.47 E604.3395
G1 X0.14 Y-6.75 E604.4124
G1 X0.14 Y-8.69 E604.4676
G1 X-0.14 Y-8.69 E604.4755
G1 X-0.14 Y-6.75 E604.5307
G1 X-2.36 Y-5.47 E604.6036
G1 X-2.36 Y-2.68 E604.6829
G1 X-0.14 Y-1.40 E604.7557
G1 X-0.14 Y1.40 E604.8354
G1 X-2.36 Y2.68 E604.9083
G1 X-2.36 Y5.47 E604.9875
G1 X-0.14 Y6.75 E605.0604
G1 X-0.14 Y8.69 E605.1156
G1 X-4.86 Y8.69 E605.2499
G1 X-4.86 Y6.75 E605.3051
G1 X-2.64 Y5.47 E605.3779
G1 X-2.64 Y2.68 E605.4573
G1 X-4.86 Y1.40 E605.5302
G1 X-4.86 Y-1.40 E605.6097
G1 X-2.64 Y-2.68 E605.6826
G1 X-2.64 Y-5.47 E605.7620
G1 X-4.86 Y-6.75 E605.8348
G1 X-4.86 Y-8.69 E605.8900
G1 X-5.14 Y-8.69 E605.8979
G1 X-5.14 Y-6.75 E605.9531
G1 X-7.36 Y-5.47 E606.0260
G1 X-7.36 Y-2.68 E606.1053
G1 X-5.14 Y-1.40 E606.1782
G1 X-5.14 Y1.40 E606.2578
G1 X-7.36 Y2.68 E606.3307
G1 X-7.36 Y5.47 E606.4100
G1 X-5.14 Y6.75 E606.4828
G1 X-5.14 Y8.69 E606.5381
G1 X-8.69 Y8.69 E606.6390
G1 X-8.69 Y6.08 E606.7133
G1 X-7.64 Y5.47 E606.7478
G1 X-7.64 Y2.68 E606.8271
G1 X-8.69 Y2.07 E606.8617
G1 X-8.69 Y-2.07 E606.9794
G1 X-7.64 Y-2.68 E607.0140
G1 X-7.64 Y-5.47 E607.0933
G1 X-8.69 Y-6.08 E607.1279
;layer:0.18
G1 E606.8279 F1800
G1 X9.03 Y-9.03 F4800
G1 Z5.470 F420
G1 E607.1279 F1800
;structure:shell-inner
G1 X9.03 Y-9.03 F4800
G1 X9.03 Y0.97 E607.4122 F1680
G1 X9.03 Y9.03 E607.6414 F1764
G1 X7.09 Y9.03 E607.6967
G1 X-2.91 Y9.03 E607.9810 F1848
G1 X-9.03 Y9.03 E608.1551 F1932
G1 X-9.03 Y5.15 E608.2654
G1 X-9.03 Y-4.85 E608.5497 F2016
G1 X-9.03 Y-9.03 E608.6686 F2100
G1 X9.03 Y-9.03 E609.1822
G1 E608.8822 F1800
G1 X9.43 Y-9.43 F4800
G1 E609.1822 F1800
G1 X9.43 Y-9.43 F4800
G1 X9.43 Y9.43 E609.7185 F2100
G1 X-9.43 Y9.43 E610.2548
G1 X-9.43 Y-9.43 E610.7911
G1 X9.43 Y-9.43 E611.3275
G1 E611.0275 F1800
G1 X9.83 Y-9.83 F4800
G1 E611.3275 F1800
;structure:shell-outer
G1 X9.83 Y-9.83 F4800
M204 S500
G1 X9.83 Y9.83 E611.8865 F1500
G1 X-9.83 Y9.83 E612.4456
G1 X-9.83 Y-9.83 E613.0046
G1 X9.83 Y-9.83 E613.5637
G1 E613.2637 F1800
M204 S1000
G1 X8.69 Y-6.08 F4800
G1 E613.5637 F1800
;structure:infill-sparse
G1 X8.69 Y-6.08 F4800
G1 X7.64 Y-5.47 E613.5983 F3000
G1 X7.64 Y-2.68 E613.6776
G1 X8.69 Y-2.07 E613.7121
G1 X8.69 Y2.07 E613.8299
G1 X7.64 Y2.68 E613.8644
G1 X7.64 Y5.47 E613.9437
G1 X8.69 Y6.08 E613.9783
G1 X8.69 Y8.69 E614.0526
G1 X5.14 Y8.69 E614.1535
G1 X5.14 Y6.75 E614.2087
G1 X7.36 Y5.47 E614.2816
G1 X7.36 Y2.68 E614.3609
G1 X5.14 Y1.40 E614.4338
G1 X5.14 Y-1.40 E614.5134
G1 X7.36 Y-2.68 E614.5862
G1 X7.36 Y-5.47 E614.6656
G1 X5.14 Y-6.75 E614.7385
G1 X5.14 Y-8.69 E614.7936
G1 X4.86 Y-8.69 E614.8016
G1 X4.86 Y-6.75 E614.8568
G1 X2.64 Y-5.47 E614.9296
G1 X2.64 Y-2.68 E615.0089
G1 X4.86 Y-1.40 E615.0818
G1 X4.86 Y1.40 E615.1614
G1 X2.64 Y2.68 E615.2343
G1 X2.64 Y5.47 E615.3136
G1 X4.86 Y6.75 E615.3865
G1 X4.86 Y8.69 E615.4417
G1 X0.14 Y8.69 E615.5759
G1 X0.14 Y6.75 E615.6311
G1 X2.36 Y5.47 E615.7040
G1 X2.36 Y2.68 E615.7833
G1 X0.14 Y1.40 E615.8562
G1 X0.14 Y-1.40 E615.9358
G1 X2.36 Y-2.68 E616.0087
G1 X2.36 Y-5.47 E616.0880
G1 X0.14 Y-6.75 E616.1609
G1 X0.14 Y-8.69 E616.2161
G1 X-0.14 Y-8.69 E616.2240
G1 X-0.14 Y-6.75 E616.2792
G1 X-2.36 Y-5.47 E616.3521
G1 X-2.36 Y-2.68 E616.4314
G1 X-0.14 Y-1.40 E616.5043
G1 X-0.14 Y1.40 E616.5839
G1 X-2.36 Y2.68 E616.6567
G1 X-2.36 Y5.47 E616.7361
G1 X-0.14 Y6.75 E616.8090
G1 X-0.14 Y8.69 E616.8641
G1 X-4.86 Y8.69 E616.9984
G1 X-4.86 Y6.75 E617.0536
G1 X-2.64 Y5.47 E617.1265
G1 X-2.64 Y2.68 E617.2057
G1 X-4.86 Y1.40 E617.2786
G1 X-4.86 Y-1.40 E617.3583
G1 X-2.64 Y-2.68 E617.4312
G1 X-2.64 Y-5.47 E617.5104
G1 X-4.86 Y-6.75 E617.5833
G1 X-4.86 Y-8.69 E617.6385
G1 X-5.14 Y-8.69 E617.6464
G1 X-5.14 Y-6.75 E617.7016
G1 X-7.36 Y-5.47 E617.7745
G1 X-7.36 Y-2.68 E617.8538
G1 X-5.14 Y-1.40 E617.9267
G1 X-5.14 Y1.40 E618.0063
G1 X-7.36 Y2.68 E618.0792
G1 X-7.36 Y5.47 E618.1585
G1 X-5.14 Y6.75 E618.2314
G1 X-5.14 Y8.69 E618.2866
G1 X-8.69 Y8.69 E618.3875
G1 X-8.69 Y6.08 E618.4617
G1 X-7.64 Y5.47 E618.4963
G1 X-7.64 Y2.68 E618.5756
G1 X-8.69 Y2.07 E618.6102
G1 X-8.69 Y-2.07 E618.7280
G1 X-7.64 Y-2.68 E618.7625
G1 X-7.64 Y-5.47 E618.8418
G1 X-8.69 Y-6.08 E618.8764
;layer:0.18
G1 E618.5764 F1800
G1 X9.03 Y-9.03 F4800
G1 Z5.650 F420
G1 E618.8764 F1800
;structure:shell-inner
G1 X9.03 Y-9.03 F4800
G1 X9.03 Y0.97 E619.1608 F1680
G1 X9.03 Y9.03 E619.3900 F1764
G1 X7.09 Y9.03 E619.4451
G1 X-2.91 Y9.03 E619.7295 F1848
G1 X-9.03 Y9.03 E619.9036 F1932
G1 X-9.03 Y5.15 E620.0139
G1 X-9.03 Y-4.85 E620.2983 F2016
G1 X-9.03 Y-9.03 E620.4171 F2100
G1 X9.03 Y-9.03 E620.9307
G1 E620.6307 F1800
G1 X9.43 Y-9.43 F4800
G1 E620.9307 F1800
G1 X9.43 Y-9.43 F4800
G1 X9.43 Y9.43 E621.4670 F2100
G1 X-9.43 Y9.43 E622.0033
G1 X-9.43 Y-9.43 E622.5396
G1 X9.43 Y-9.43 E623.0759
G1 E622.7759 F1800
G1 X9.83 Y-9.83 F4800
G1 E623.0759 F1800
;structure:shell-outer
G1 X9.83 Y-9.83 F4800
M204 S500
G1 X9.83 Y9.83 E623.6350 F1500
G1 X-9.83 Y9.83 E624.1941
G1 X-9.83 Y-9.83 E624.7531
G1 X9.83 Y-9.83 E625.3122
G1 E625.0122 F1800
M204 S1000
G1 X8.69 Y-6.08 F4800
G1 E625.3122 F1800
;structure:infill-sparse
G1 X8.69 Y-6.08 F4800
G1 X7.64 Y-5.47 E625.3467 F3000
G1 X7.64 Y-2.68 E625.4261
G1 X8.69 Y-2.07 E625.4606
G1 X8.69 Y2.07 E625.5784
G1 X7.64 Y2.68 E625.6129
G1 X7.64 Y5.47 E625.6923
G1 X8.69 Y6.08 E625.7268
G1 X8.69 Y8.69 E625.8011
G1 X5.14 Y8.69 E625.9020
G1 X5.14 Y6.75 E625.9572
G1 X7.36 Y5.47 E626.0301
G1 X7.36 Y2.68 E626.1094
G1 X5.14 Y1.40 E626.1823
G1 X5.14 Y-1.40 E626.2619
G1 X7.36 Y-2.68 E626.3348
G1 X7.36 Y-5.47 E626.4141
G1 X5.14 Y-6.75 E626.4869
G1 X5.14 Y-8.69 E626.5421
G1 X4.86 Y-8.69 E626.5500
G1 X4.86 Y-6.75 E626.6052
G1 X2.64 Y-5.47 E626.6781
G1 X2.64 Y-2.68 E626.7574
G1 X4.86 Y-1.40 E626.8303
G1 X4.86 Y1.40 E626.9099
G1 X2.64 Y2.68 E626.9828
G1 X2.64 Y5.47 E627.0621
G1 X4.86 Y6.75 E627.1350
G1 X4.86 Y8.69 E627.1902
G1 X0.14 Y8.69 E627.3245
G1 X0.14 Y6.75 E627.3796
G1 X2.36 Y5.47 E627.4525
G1 X2.36 Y2.68 E627.5318
G1 X0.14 Y1.40 E627.6047
G1 X0.14 Y-1.40 E627.6843
G1 X2.36 Y-2.68 E627.7572
G1 X2.36 Y-5.47 E627.8365
G1 X0.14 Y-6.75 E627.9094
G1 X0.14 Y-8.69 E627.9645
G1 X-0.14 Y-8.69 E627.9725
G1 X-0.14 Y-6.75 E628.0277
G1 X-2.36 Y-5.47 E628.1006
G1 X-2.36 Y-2.68 E628.1799
G1 X-0.14 Y-1.40 E628.2527
G1 X-0.14 Y1.40 E628.3324
G1 X-2.36 Y2.68 E628.4053
G1 X-2.36 Y5.47 E628.4846
G1 X-0.14 Y6.75 E628.5574
G1 X-0.14 Y8.69 E628.6126
G1 X-4.86 Y8.69 E628.7469
G1 X-4.86 Y6.75 E628.8021
G1 X-2.64 Y5.47 E628.8749
G1 X-2.64 Y2.68 E628.9542
G1 X-4.86 Y1.40 E629.0271
G1 X-4.86 Y-1.40 E629.1068
G1 X-2.64 Y-2.68 E629.1796
G1 X-2.64 Y-5.47 E629.2589
G1 X-4.86 Y-6.75 E629.3318
G1 X-4.86 Y-8.69 E629.3870
G1 X-5.14 Y-8.69 E629.3950
G1 X-5.14 Y-6.75 E629.4501
G1 X-7.36 Y-5.47 E629.5230
G1 X-7.36 Y-2.68 E629.6023
G1 X-5.14 Y-1.40 E629.6752
G1 X-5.14 Y1.40 E629.7548
G1 X-7.36 Y2.68 E629.8277
G1 X-7.36 Y5.47 E629.9070
G1 X-5.14 Y6.75 E629.9799
G1 X-5.14 Y8.69 E630.0350
G1 X-8.69 Y8.69 E630.1360
G1 X-8.69 Y6.08 E630.2103
G1 X-7.64 Y5.47 E630.2448
G1 X-7.64 Y2.68 E630.3241
G1 X-8.69 Y2.07 E630.3587
G1 X-8.69 Y-2.07 E630.4764
G1 X-7.64 Y-2.68 E630.5110
G1 X-7.64 Y-5.47 E630.5903
G1 X-8.69 Y-6.08 E630.6249
;layer:0.18
G1 E630.3249 F1800
G1 X9.03 Y-9.03 F4800
G1 Z5.830 F420
G1 E630.6249 F1800
;structure:shell-inner
G1 X9.03 Y-9.03 F4800
G1 X9.03 Y0.97 E630.9092 F1680
G1 X9.03 Y9.03 E631.1384 F1764
G1 X7.09 Y9.03 E631.1936
G1 X-2.91 Y9.03 E631.4780 F1848
G1 X-9.03 Y9.03 E631.6520 F1932
G1 X-9.03 Y5.15 E631.7624
G1 X-9.03 Y-4.85 E632.0468 F2016
G1 X-9.03 Y-9.03 E632.1656 F2100
G1 X9.03 Y-9.03 E632.6792
G1 E632.3792 F1800
G1 X9.43 Y-9.43 F4800
G1 E632.6792 F1800
G1 X9.43 Y-9.43 F4800
G1 X9.43 Y9.43 E633.2155 F2100
G1 X-9.43 Y9.43 E633.7518
G1 X-9.43 Y-9.43 E634.2881
G1 X9.43 Y-9.43 E634.8245
G1 E634.5244 F1800
G1 X9.83 Y-9.83 F4800
G1 E634.8245 F1800
;structure:shell-outer
G1 X9.83 Y-9.83 F4800
M204 S500
G1 X9.83 Y9.83 E635.3835 F1500
G1 X-9.83 Y9.83 E635.9426
G1 X-9.83 Y-9.83 E636.5016
G1 X9.83 Y-9.83 E637.0607
G1 E636.7607 F1800
M204 S1000
G1 X8.69 Y-6.08 F4800
G1 E637.0607 F1800
;structure:infill-sparse
G1 X8.69 Y-6.08 F4800
G1 X7.64 Y-5.47 E637.0953 F3000
G1 X7.64 Y-2.68 E637.1746
G1 X8.69 Y-2.07 E637.2091
G1 X8.69 Y2.07 E637.3269
G1 X7.64 Y2.68 E637.3615
G1 X7.64 Y5.47 E637.4407
G1 X8.69 Y6.08 E637.4753
G1 X8.69 Y8.69 E637.5496
G1 X5.14 Y8.69 E637.6505
G1 X5.14 Y6.75 E637.7057
G1 X7.36 Y5.47 E637.7786
G1 X7.36 Y2.68 E637.8578
G1 X5.14 Y1.40 E637.9307
G1 X5.14 Y-1.40 E638.0104
G1 X7.36 Y-2.68 E638.0833
G1 X7.36 Y-5.47 E638.1625
G1 X5.14 Y-6.75 E638.2354
G1 X5.14 Y-8.69 E638.2906
G1 X4.86 Y-8.69 E638.2986
G1 X4.86 Y-6.75 E638.3538
G1 X2.64 Y-5.47 E638.4266
G1 X2.64 Y-2.68 E638.5059
G1 X4.86 Y-1.40 E638.5788
G1 X4.86 Y1.40 E638.6584
G1 X2.64 Y2.68 E638.7313
G1 X2.64 Y5.47 E638.8106
G1 X4.86 Y6.75 E638.8835
G1 X4.86 Y8.69 E638.9387
G1 X0.14 Y8.69 E639.0729
G1 X0.14 Y6.75 E639.1281
G1 X2.36 Y5.47 E639.2010
G1 X2.36 Y2.68 E639.2803
G1 X0.14 Y1.40 E639.3532
G1 X0.14 Y-1.40 E639.4328
G1 X2.36 Y-2.68 E639.5057
G1 X2.36 Y-5.47 E639.5850
G1 X0.14 Y-6.75 E639.6579
G1 X0.14 Y-8.69 E639.7131
G1 X-0.14 Y-8.69 E639.7210
G1 X-0.14 Y-6.75 E639.7762
G1 X-2.36 Y-5.47 E639.8491
G1 X-2.36 Y-2.68 E639.9283
G1 X-0.14 Y-1.40 E640.0012
G1 X-0.14 Y1.40 E640.0809
G1 X-2.36 Y2.68 E640.1537
G1 X-2.36 Y5.47 E640.2330
G1 X-0.14 Y6.75 E640.3059
G1 X-0.14 Y8.69 E640.3611
G1 X-4.86 Y8.69 E640.4954
G1 X-4.86 Y6.75 E640.5505
G1 X-2.64 Y5.47 E640.6234
G1 X-2.64 Y2.68 E640.7028
G1 X-4.86 Y1.40 E640.7756
G1 X-4.86 Y-1.40 E640.8552
G1 X-2.64 Y-2.68 E640.9281
G1 X-2.64 Y-5.47 E641.0074
G1 X-4.86 Y-6.75 E641.0803
G1 X-4.86 Y-8.69 E641.1355
G1 X-5.14 Y-8.69 E641.1434
G1 X-5.14 Y-6.75 E641.1986
G1 X-7.36 Y-5.47 E641.2715
G1 X-7.36 Y-2.68 E641.3508
G1 X-5.14 Y-1.40 E641.4237
G1 X-5.14 Y1.40 E641.5033
G1 X-7.36 Y2.68 E641.5762
G1 X-7.36 Y5.47 E641.6555
G1 X-5.14 Y6.75 E641.7284
G1 X-5.14 Y8.69 E641.7836
G1 X-8.69 Y8.69 E641.8845
G1 X-8.69 Y6.08 E641.9587
G1 X-7.64 Y5.47 E641.9933
G1 X-7.64 Y2.68 E642.0726
G1 X-8.69 Y2.07 E642.1072
G1 X-8.69 Y-2.07 E642.2249
G1 X-7.64 Y-2.68 E642.2595
G1 X-7.64 Y-5.47 E642.3388
G1 X-8.69 Y-6.08 E642.3734
;layer:0.18
G1 E642.0734 F1800
G1 X9.03 Y-9.03 F4800
G1 Z6.010 F420
G1 E642.3734 F1800
;structure:shell-inner
G1 X9.03 Y-9.03 F4800
G1 X9.03 Y0.97 E642.6578 F1680
G1 X9.03 Y9.03 E642.8870 F1764
G1 X7.09 Y9.03 E642.9421
G1 X-2.91 Y9.03 E643.2265 F1848
G1 X-9.03 Y9.03 E643.4006 F1932
G1 X-9.03 Y5.15 E643.5109
G1 X-9.03 Y-4.85 E643.7952 F2016
G1 X-9.03 Y-9.03 E643.9141 F2100
G1 X9.03 Y-9.03 E644.4277
G1 E644.1277 F1800
G1 X9.43 Y-9.43 F4800
G1 E644.4277 F1800
G1 X9.43 Y-9.43 F4800
G1 X9.43 Y9.43 E644.9640 F2100
G1 X-9.43 Y9.43 E645.5003
G1 X-9.43 Y-9.43 E646.0366
G1 X9.43 Y-9.43 E646.5729
G1 E646.2729 F1800
G1 X9.83 Y-9.83 F4800
G1 E646.5729 F1800
;structure:shell-outer
G1 X9.83 Y-9.83 F4800
M204 S500
G1 X9.83 Y9.83 E647.1320 F1500
G1 X-9.83 Y9.83 E647.6910
G1 X-9.83 Y-9.83 E648.2501
G1 X9.83 Y-9.83 E648.8092
G1 E648.5092 F1800
M204 S1000
G1 X8.69 Y-6.08 F4800
G1 E648.8092 F1800
;structure:infill-sparse
G1 X8.69 Y-6.08 F4800
G1 X7.64 Y-5.47 E648.8438 F3000
G1 X7.64 Y-2.68 E648.9230
G1 X8.69 Y-2.07 E648.9576
G1 X8.69 Y2.07 E649.0754
G1 X7.64 Y2.68 E649.1099
G1 X7.64 Y5.47 E649.1893
G1 X8.69 Y6.08 E649.2238
G1 X8.69 Y8.69 E649.2980
G1 X5.14 Y8.69 E649.3990
G1 X5.14 Y6.75 E649.4542
G1 X7.36 Y5.47 E649.5270
G1 X7.36 Y2.68 E649.6064
G1 X5.14 Y1.40 E649.6793
G1 X5.14 Y-1.40 E649.7589
G1 X7.36 Y-2.68 E649.8317
G1 X7.36 Y-5.47 E649.9111
G1 X5.14 Y-6.75 E649.9839
G1 X5.14 Y-8.69 E650.0391
G1 X4.86 Y-8.69 E650.0471
G1 X4.86 Y-6.75 E650.1022
G1 X2.64 Y-5.47 E650.1751
G1 X2.64 Y-2.68 E650.2545
G1 X4.86 Y-1.40 E650.3273
G1 X4.86 Y1.40 E650.4069
G1 X2.64 Y2.68 E650.4798
G1 X2.64 Y5.47 E650.5591
G1 X4.86 Y6.75 E650.6320
G1 X4.86 Y8.69 E650.6872
G1 X0.14 Y8.69 E650.8214
G1 X0.14 Y6.75 E650.8766
G1 X2.36 Y5.47 E650.9495
G1 X2.36 Y2.68 E651.0288
G1 X0.14 Y1.40 E651.1017
G1 X0.14 Y-1.40 E651.1813
G1 X2.36 Y-2.68 E651.2542
G1 X2.36 Y-5.47 E651.3335
G1 X0.14 Y-6.75 E651.4064
G1 X0.14 Y-8.69 E651.4615
G1 X-0.14 Y-8.69 E651.4695
G1 X-0.14 Y-6.75 E651.5247
G1 X-2.36 Y-5.47 E651.5975
G1 X-2.36 Y-2.68 E651.6769
G1 X-0.14 Y-1.40 E651.7498
G1 X-0.14 Y1.40 E651.8293
G1 X-2.36 Y2.68 E651.9022
G1 X-2.36 Y5.47 E651.9816
G1 X-0.14 Y6.75 E652.0544
G1 X-0.14 Y8.69 E652.1096
G1 X-4.86 Y8.69 E652.2439
G1 X-4.86 Y6.75 E652.2991
G1 X-2.64 Y5.47 E652.3719
G1 X-2.64 Y2.68 E652.4512
G1 X-4.86 Y1.40 E652.5241
G1 X-4.86 Y-1.40 E652.6038
G1 X-2.64 Y-2.68 E652.6766
G1 X-2.64 Y-5.47 E652.7559
G1 X-4.86 Y-6.75 E652.8288
G1 X-4.86 Y-8.69 E652.8840
G1 X-5.14 Y-8.69 E652.8920
G1 X-5.14 Y-6.75 E652.9471
G1 X-7.36 Y-5.47 E653.0200
G1 X-7.36 Y-2.68 E653.0993
G1 X-5.14 Y-1.40 E653.1722
G1 X-5.14 Y1.40 E653.2518
G1 X-7.36 Y2.68 E653.3247
G1 X-7.36 Y5.47 E653.4040
G1 X-5.14 Y6.75 E653.4769
G1 X-5.14 Y8.69 E653.5320
G1 X-8.69 Y8.69 E653.6330
G1 X-8.69 Y6.08 E653.7073
G1 X-7.64 Y5.47 E653.7418
G1 X-7.64 Y2.68 E653.8211
G1 X-8.69 Y2.07 E653.8557
G1 X-8.69 Y-2.07 E653.9734
G1 X-7.64 Y-2.68 E654.0080
G1 X-7.64 Y-5.47 E654.0873
G1 X-8.69 Y-6.08 E654.1219
;layer:0.18
G1 E653.8219 F1800
G1 X9.03 Y-9.03 F4800
G1 Z6.190 F420
G1 E654.1219 F1800
;structure:shell-inner
G1 X9.03 Y-9.03 F4800
G1 X9.03 Y0.97 E654.4063 F1680
G1 X9.03 Y9.03 E654.6354 F1764
G1 X7.09 Y9.03 E654.6906
G1 X-2.91 Y9.03 E654.9750 F1848
G1 X-9.03 Y9.03 E655.1490 F1932
G1 X-9.03 Y5.15 E655.2594
G1 X-9.03 Y-4.85 E655.5438 F2016
G1 X-9.03 Y-9.03 E655.6626 F2100
G1 X9.03 Y-9.03 E656.1762
G1 E655.8762 F1800
G1 X9.43 Y-9.43 F4800
G1 E656.1762 F1800
G1 X9.43 Y-9.43 F4800
G1 X9.43 Y9.43 E656.7125 F2100
G1 X-9.43 Y9.43 E657.2488
G1 X-9.43 Y-9.43 E657.7851
G1 X9.43 Y-9.43 E658.3214
G1 E658.0214 F1800
G1 X9.83 Y-9.83 F4800
G1 E658.3214 F1800
;structure:shell-outer
G1 X9.83 Y-9.83 F4800
M204 S500
G1 X9.83 Y9.83 E658.8805 F1500
G1 X-9.83 Y9.83 E659.4396
G1 X-9.83 Y-9.83 E659.9986
G1 X9.83 Y-9.83 E660.5577
G1 E660.2577 F1800
M204 S1000
G1 X8.69 Y-6.08 F4800
G1 E660.5577 F1800
;structure:infill-sparse
G1 X8.69 Y-6.08 F4800
G1 X7.64 Y-5.47 E660.5922 F3000
G1 X7.64 Y-2.68 E660.6716
G1 X8.69 Y-2.07 E660.7061
G1 X8.69 Y2.07 E660.8239
G1 X7.64 Y2.68 E660.8585
G1 X7.64 Y5.47 E660.9377
G1 X8.69 Y6.08 E660.9723
G1 X8.69 Y8.69 E661.0466
G1 X5.14 Y8.69 E661.1475
G1 X5.14 Y6.75 E661.2027
G1 X7.36 Y5.47 E661.2756
G1 X7.36 Y2.68 E661.3549
G1 X5.14 Y1.40 E661.4277
G1 X5.14 Y-1.40 E661.5074
G1 X7.36 Y-2.68 E661.5803
G1 X7.36 Y-5.47 E661.6595
G1 X5.14 Y-6.75 E661.7324
G1 X5.14 Y-8.69 E661.7876
G1 X4.86 Y-8.69 E661.7955
G1 X4.86 Y-6.75 E661.8508
G1 X2.64 Y-5.47 E661.9236
G1 X2.64 Y-2.68 E662.0029
G1 X4.86 Y-1.40 E662.0758
G1 X4.86 Y1.40 E662.1555
G1 X2.64 Y2.68 E662.2283
G1 X2.64 Y5.47 E662.3076
G1 X4.86 Y6.75 E662.3805
G1 X4.86 Y8.69 E662.4357
G1 X0.14 Y8.69 E662.5699
G1 X0.14 Y6.75 E662.6251
G1 X2.36 Y5.47 E662.6980
G1 X2.36 Y2.68 E662.7773
G1 X0.14 Y1.40 E662.8502
G1 X0.14 Y-1.40 E662.9298
G1 X2.36 Y-2.68 E663.0027
G1 X2.36 Y-5.47 E663.0820
G1 X0.14 Y-6.75 E663.1548
G1 X0.14 Y-8.69 E663.2101
G1 X-0.14 Y-8.69 E663.2180
G1 X-0.14 Y-6.75 E663.2732
G1 X-2.36 Y-5.47 E663.3461
G1 X-2.36 Y-2.68 E663.4254
G1 X-0.14 Y-1.40 E663.4982
G1 X-0.14 Y1.40 E663.5779
G1 X-2.36 Y2.68 E663.6508
G1 X-2.36 Y5.47 E663.7300
G1 X-0.14 Y6.75 E663.8029
G1 X-0.14 Y8.69 E663.8582
G1 X-4.86 Y8.69 E663.9924
G1 X-4.86 Y6.75 E664.0475
G1 X-2.64 Y5.47 E664.1204
G1 X-2.64 Y2.68 E664.1998
G1 X-4.86 Y1.40 E664.2726
G1 X-4.86 Y-1.40 E664.3522
G1 X-2.64 Y-2.68 E664.4251
G1 X-2.64 Y-5.47 E664.5045
G1 X-4.86 Y-6.75 E664.5773
G1 X-4.86 Y-8.69 E664.6325
G1 X-5.14 Y-8.69 E664.6404
G1 X-5.14 Y-6.75 E664.6956
G1 X-7.36 Y-5.47 E664.7685
G1 X-7.36 Y-2.68 E664.8478
G1 X-5.14 Y-1.40 E664.9207
G1 X-5.14 Y1.40 E665.0003
G1 X-7.36 Y2.68 E665.0732
G1 X-7.36 Y5.47 E665.1525
G1 X-5.14 Y6.75 E665.2254
G1 X-5.14 Y8.69 E665.2806
G1 X-8.69 Y8.69 E665.3815
G1 X-8.69 Y6.08 E665.4557
G1 X-7.64 Y5.47 E665.4903
G1 X-7.64 Y2.68 E665.5696
G1 X-8.69 Y2.07 E665.6042
G1 X-8.69 Y-2.07 E665.7219
G1 X-7.64 Y-2.68 E665.7565
G1 X-7.64 Y-5.47 E665.8358
G1 X-8.69 Y-6.08 E665.8704
;layer:0.18
G1 E665.5704 F1800
G1 X9.03 Y-9.03 F4800
G1 Z6.370 F420
G1 E665.8704 F1800
;structure:shell-inner
G1 X9.03 Y-9.03 F4800
G1 X9.03 Y0.97 E666.1547 F1680
G1 X9.03 Y9.03 E666.3839 F1764
G1 X7.09 Y9.03 E666.4391
G1 X-2.91 Y9.03 E666.7235 F1848
G1 X-9.03 Y9.03 E666.8976 F1932
G1 X-9.03 Y5.15 E667.0079
G1 X-9.03 Y-4.85 E667.2922 F2016
G1 X-9.03 Y-9.03 E667.4111 F2100
G1 X9.03 Y-9.03 E667.9247
G1 E667.6247 F1800
G1 X9.43 Y-9.43 F4800
G1 E667.9247 F1800
G1 X9.43 Y-9.43 F4800
G1 X9.43 Y9.43 E668.4610 F2100
G1 X-9.43 Y9.43 E668.9973
G1 X-9.43 Y-9.43 E669.5336
G1 X9.43 Y-9.43 E670.0699
G1 E669.7700 F1800
G1 X9.83 Y-9.83 F4800
G1 E670.0699 F1800
;structure:shell-outer
G1 X9.83 Y-9.83 F4800
M204 S500
G1 X9.83 Y9.83 E670.6290 F1500
G1 X-9.83 Y9.83 E671.1880
G1 X-9.83 Y-9.83 E671.7471
G1 X9.83 Y-9.83 E672.3062
G1 E672.0062 F1800
M204 S1000
G1 X8.69 Y-6.08 F4800
G1 E672.3062 F1800
;structure:infill-sparse
G1 X8.69 Y-6.08 F4800
G1 X7.64 Y-5.47 E672.3408 F3000
G1 X7.64 Y-2.68 E672.4200
G1 X8.69 Y-2.07 E672.4547
G1 X8.69 Y2.07 E672.5724
G1 X7.64 Y2.68 E672.6069
G1 X7.64 Y5.47 E672.6863
G1 X8.69 Y6.08 E672.7208
G1 X8.69 Y8.69 E672.7950
G1 X5.14 Y8.69 E672.8960
G1 X5.14 Y6.75 E672.9512
G1 X7.36 Y5.47 E673.0240
G1 X7.36 Y2.68 E673.1034
G1 X5.14 Y1.40 E673.1763
G1 X5.14 Y-1.40 E673.2559
G1 X7.36 Y-2.68 E673.3287
G1 X7.36 Y-5.47 E673.4081
G1 X5.14 Y-6.75 E673.4810
G1 X5.14 Y-8.69 E673.5361
G1 X4.86 Y-8.69 E673.5441
G1 X4.86 Y-6.75 E673.5992
G1 X2.64 Y-5.47 E673.6721
G1 X2.64 Y-2.68 E673.7515
G1 X4.86 Y-1.40 E673.8243
G1 X4.86 Y1.40 E673.9039
G1 X2.64 Y2.68 E673.9768
G1 X2.64 Y5.47 E674.0562
G1 X4.86 Y6.75 E674.1290
G1 X4.86 Y8.69 E674.1842
G1 X0.14 Y8.69 E674.3184
G1 X0.14 Y6.75 E674.3736
G1 X2.36 Y5.47 E674.4465
G1 X2.36 Y2.68 E674.5258
G1 X0.14 Y1.40 E674.5987
G1 X0.14 Y-1.40 E674.6783
G1 X2.36 Y-2.68 E674.7512
G1 X2.36 Y-5.47 E674.8305
G1 X0.14 Y-6.75 E674.9034
G1 X0.14 Y-8.69 E674.9586
G1 X-0.14 Y-8.69 E674.9665
G1 X-0.14 Y-6.75 E675.0217
G1 X-2.36 Y-5.47 E675.0945
G1 X-2.36 Y-2.68 E675.1739
G1 X-0.14 Y-1.40 E675.2468
G1 X-0.14 Y1.40 E675.3264
G1 X-2.36 Y2.68 E675.3992
G1 X-2.36 Y5.47 E675.4786
G1 X-0.14 Y6.75 E675.5515
G1 X-0.14 Y8.69 E675.6066
G1 X-4.86 Y8.69 E675.7408
G1 X-4.86 Y6.75 E675.7961
G1 X-2.64 Y5.47 E675.8690
G1 X-2.64 Y2.68 E675.9482
G1 X-4.86 Y1.40 E676.0211
G1 X-4.86 Y-1.40 E676.1008
G1 X-2.64 Y-2.68 E676.1736
G1 X-2.64 Y-5.47 E676.2529
G1 X-4.86 Y-6.75 E676.3258
G1 X-4.86 Y-8.69 E676.3810
G1 X-5.14 Y-8.69 E676.3889
G1 X-5.14 Y-6.75 E676.4442
G1 X-7.36 Y-5.47 E676.5170
G1 X-7.36 Y-2.68 E676.5963
G1 X-5.14 Y-1.40 E676.6692
G1 X-5.14 Y1.40 E676.7488
G1 X-7.36 Y2.68 E676.8217
G1 X-7.36 Y5.47 E676.9010
G1 X-5.14 Y6.75 E676.9739
G1 X-5.14 Y8.69 E677.0291
G1 X-8.69 Y8.69 E677.1300
G1 X-8.69 Y6.08 E677.2042
G1 X-7.64 Y5.47 E677.2388
G1 X-7.64 Y2.68 E677.3181
G1 X-8.69 Y2.07 E677.3527
G1 X-8.69 Y-2.07 E677.4705
G1 X-7.64 Y-2.68 E677.5050
G1 X-7.64 Y-5.47 E677.5843
G1 X-8.69 Y-6.08 E677.6189
;layer:0.18
G1 E677.3188 F1800
G1 X9.03 Y-9.03 F4800
G1 Z6.550 F420
G1 E677.6189 F1800
;structure:shell-inner
G1 X9.03 Y-9.03 F4800
G1 X9.03 Y0.97 E677.9033 F1680
G1 X9.03 Y9.03 E678.1324 F1764
G1 X7.09 Y9.03 E678.1876
G1 X-2.91 Y9.03 E678.4720 F1848
G1 X-9.03 Y9.03 E678.6461 F1932
G1 X-9.03 Y5.15 E678.7563
G1 X-9.03 Y-4.85 E679.0408 F2016
G1 X-9.03 Y-9.03 E679.1596 F2100
G1 X9.03 Y-9.03 E679.6732
G1 E679.3732 F1800
G1 X9.43 Y-9.43 F4800
G1 E679.6732 F1800
G1 X9.43 Y-9.43 F4800
G1 X9.43 Y9.43 E680.2095 F2100
G1 X-9.43 Y9.43 E680.7458
G1 X-9.43 Y-9.43 E681.2821
G1 X9.43 Y-9.43 E681.8184
G1 E681.5184 F1800
G1 X9.83 Y-9.83 F4800
G1 E681.8184 F1800
;structure:shell-outer
G1 X9.83 Y-9.83 F4800
M204 S500
G1 X9.83 Y9.83 E682.3775 F1500
G1 X-9.83 Y9.83 E682.9366
G1 X-9.83 Y-9.83 E683.4956
G1 X9.83 Y-9.83 E684.0547
G1 E683.7547 F1800
M204 S1000
G1 X8.69 Y-6.08 F4800
G1 E684.0547 F1800
;structure:infill-sparse
G1 X8.69 Y-6.08 F4800
G1 X7.64 Y-5.47 E684.0892 F3000
G1 X7.64 Y-2.68 E684.1686
G1 X8.69 Y-2.07 E684.2031
G1 X8.69 Y2.07 E684.3209
G1 X7.64 Y2.68 E684.3554
G1 X7.64 Y5.47 E684.4348
G1 X8.69 Y6.08 E684.4693
G1 X8.69 Y8.69 E684.5436
G1 X5.14 Y8.69 E684.6445
G1 X5.14 Y6.75 E684.6997
G1 X7.36 Y5.47 E684.7726
G1 X7.36 Y2.68 E684.8519
G1 X5.14 Y1.40 E684.9247
G1 X5.14 Y-1.40 E685.0044
G1 X7.36 Y-2.68 E685.0773
G1 X7.36 Y-5.47 E685.1566
G1 X5.14 Y-6.75 E685.2294
G1 X5.14 Y-8.69 E685.2846
G1 X4.86 Y-8.69 E685.2925
G1 X4.86 Y-6.75 E685.3478
G1 X2.64 Y-5.47 E685.4207
G1 X2.64 Y-2.68 E685.4999
G1 X4.86 Y-1.40 E685.5728
G1 X4.86 Y1.40 E685.6525
G1 X2.64 Y2.68 E685.7253
G1 X2.64 Y5.47 E685.8046
G1 X4.86 Y6.75 E685.8775
G1 X4.86 Y8.69 E685.9327
G1 X0.14 Y8.69 E686.0670
G1 X0.14 Y6.75 E686.1221
G1 X2.36 Y5.47 E686.1950
G1 X2.36 Y2.68 E686.2743
G1 X0.14 Y1.40 E686.3472
G1 X0.14 Y-1.40 E686.4268
G1 X2.36 Y-2.68 E686.4997
G1 X2.36 Y-5.47 E686.5790
G1 X0.14 Y-6.75 E686.6519
G1 X0.14 Y-8.69 E686.7071
G1 X-0.14 Y-8.69 E686.7150
G1 X-0.14 Y-6.75 E686.7702
G1 X-2.36 Y-5.47 E686.8431
G1 X-2.36 Y-2.68 E686.9224
G1 X-0.14 Y-1.40 E686.9952
G1 X-0.14 Y1.40 E687.0749
G1 X-2.36 Y2.68 E687.1478
G1 X-2.36 Y5.47 E687.2271
G1 X-0.14 Y6.75 E687.2999
G1 X-0.14 Y8.69 E687.3551
G1 X-4.86 Y8.69 E687.4894
G1 X-4.86 Y6.75 E687.5446
G1 X-2.64 Y5.47 E687.6174
G1 X-2.64 Y2.68 E687.6968
G1 X-4.86 Y1.40 E687.7697
G1 X-4.86 Y-1.40 E687.8492
G1 X-2.64 Y-2.68 E687.9221
G1 X-2.64 Y-5.47 E688.0015
G1 X-4.86 Y-6.75 E688.0743
G1 X-4.86 Y-8.69 E688.1295
G1 X-5.14 Y-8.69 E688.1375
G1 X-5.14 Y-6.75 E688.1926
G1 X-7.36 Y-5.47 E688.2655
G1 X-7.36 Y-2.68 E688.3448
G1 X-5.14 Y-1.40 E688.4177
G1 X-5.14 Y1.40 E688.4973
G1 X-7.36 Y2.68 E688.5702
G1 X-7.36 Y5.47 E688.6495
G1 X-5.14 Y6.75 E688.7224
G1 X-5.14 Y8.69 E688.7776
G1 X-8.69 Y8.69 E688.8785
G1 X-8.69 Y6.08 E688.9528
G1 X-7.64 Y5.47 E688.9873
G1 X-7.64 Y2.68 E689.0667
G1 X-8.69 Y2.07 E689.1012
G1 X-8.69 Y-2.07 E689.2189
G1 X-7.64 Y-2.68 E689.2535
G1 X-7.64 Y-5.47 E689.3328
G1 X-8.69 Y-6.08 E689.3674
;layer:0.18
G1 E689.0674 F1800
G1 X9.03 Y-9.03 F4800
G1 Z6.730 F420
G1 E689.3674 F1800
;structure:shell-inner
G1 X9.03 Y-9.03 F4800
G1 X9.03 Y0.97 E689.6517 F1680
G1 X9.03 Y9.03 E689.8809 F1764
G1 X7.09 Y9.03 E689.9361
G1 X-2.91 Y9.03 E690.2205 F1848
G1 X-9.03 Y9.03 E690.3946 F1932
G1 X-9.03 Y5.15 E690.5049
G1 X-9.03 Y-4.85 E690.7892 F2016
G1 X-9.03 Y-9.03 E690.9081 F2100
G1 X9.03 Y-9.03 E691.4217
G1 E691.1217 F1800
G1 X9.43 Y-9.43 F4800
G1 E691.4217 F1800
G1 X9.43 Y-9.43 F4800
G1 X9.43 Y9.43 E691.9580 F2100
G1 X-9.43 Y9.43 E692.4943
G1 X-9.43 Y-9.43 E693.0306
G1 X9.43 Y-9.43 E693.5670
G1 E693.2670 F1800
G1 X9.83 Y-9.83 F4800
G1 E693.5670 F1800
;structure:shell-outer
G1 X9.83 Y-9.83 F4800
M204 S500
G1 X9.83 Y9.83 E694.1260 F1500
G1 X-9.83 Y9.83 E694.6851
G1 X-9.83 Y-9.83 E695.2441
G1 X9.83 Y-9.83 E695.8032
G1 E695.5032 F1800
M204 S1000
G1 X8.69 Y-6.08 F4800
G1 E695.8032 F1800
;structure:infill-sparse
G1 X8.69 Y-6.08 F4800
G1 X7.64 Y-5.47 E695.8378 F3000
G1 X7.64 Y-2.68 E695.9171
G1 X8.69 Y-2.07 E695.9516
G1 X8.69 Y2.07 E696.0694
G1 X7.64 Y2.68 E696.1039
G1 X7.64 Y5.47 E696.1832
G1 X8.69 Y6.08 E696.2178
G1 X8.69 Y8.69 E696.2921
G1 X5.14 Y8.69 E696.3930
G1 X5.14 Y6.75 E696.4482
G1 X7.36 Y5.47 E696.5211
G1 X7.36 Y2.68 E696.6004
G1 X5.14 Y1.40 E696.6733
G1 X5.14 Y-1.40 E696.7529
G1 X7.36 Y-2.68 E696.8257
G1 X7.36 Y-5.47 E696.9051
G1 X5.14 Y-6.75 E696.9780
G1 X5.14 Y-8.69 E697.0331
G1 X4.86 Y-8.69 E697.0411
G1 X4.86 Y-6.75 E697.0963
G1 X2.64 Y-5.47 E697.1691
G1 X2.64 Y-2.68 E697.2484
G1 X4.86 Y-1.40 E697.3213
G1 X4.86 Y1.40 E697.4009
G1 X2.64 Y2.68 E697.4738
G1 X2.64 Y5.47 E697.5531
G1 X4.86 Y6.75 E697.6260
G1 X4.86 Y8.69 E697.6812
G1 X0.14 Y8.69 E697.8154
G1 X0.14 Y6.75 E697.8706
G1 X2.36 Y5.47 E697.9435
G1 X2.36 Y2.68 E698.0228
G1 X0.14 Y1.40 E698.0957
G1 X0.14 Y-1.40 E698.1753
G1 X2.36 Y-2.68 E698.2482
G1 X2.36 Y-5.47 E698.3275
G1 X0.14 Y-6.75 E698.4004
G1 X0.14 Y-8.69 E698.4556
G1 X-0.14 Y-8.69 E698.4635
G1 X-0.14 Y-6.75 E698.5187
G1 X-2.36 Y-5.47 E698.5916
G1 X-2.36 Y-2.68 E698.6709
G1 X-0.14 Y-1.40 E698.7438
G1 X-0.14 Y1.40 E698.8234
G1 X-2.36 Y2.68 E698.8962
G1 X-2.36 Y5.47 E698.9756
G1 X-0.14 Y6.75 E699.0485
G1 X-0.14 Y8.69 E699.1036
G1 X-4.86 Y8.69 E699.2379
G1 X-4.86 Y6.75 E699.2931
G1 X-2.64 Y5.47 E699.3660
G1 X-2.64 Y2.68 E699.4453
G1 X-4.86 Y1.40 E699.5181
G1 X-4.86 Y-1.40 E699.5978
G1 X-2.64 Y-2.68 E699.6707
G1 X-2.64 Y-5.47 E699.7499
G1 X-4.86 Y-6.75 E699.8228
G1 X-4.86 Y-8.69 E699.8780
G1 X-5.14 Y-8.69 E699.8859
G1 X-5.14 Y-6.75 E699.9411
G1 X-7.36 Y-5.47 E700.0140
G1 X-7.36 Y-2.68 E700.0933
G1 X-5.14 Y-1.40 E700.1662
G1 X-5.14 Y1.40 E700.2458
G1 X-7.36 Y2.68 E700.3187
G1 X-7.36 Y5.47 E700.3980
G1 X-5.14 Y6.75 E700.4709
G1 X-5.14 Y8.69 E700.5261
G1 X-8.69 Y8.69 E700.6270
G1 X-8.69 Y6.08 E700.7012
G1 X-7.64 Y5.47 E700.7358
G1 X-7.64 Y2.68 E700.8151
G1 X-8.69 Y2.07 E700.8497
G1 X-8.69 Y-2.07 E700.9674
G1 X-7.64 Y-2.68 E701.0020
G1 X-7.64 Y-5.47 E701.0813
G1 X-8.69 Y-6.08 E701.1158
;layer:0.18
G1 E700.8159 F1800
G1 X9.03 Y-9.03 F4800
G1 Z6.910 F420
G1 E701.1158 F1800
;structure:shell-inner
G1 X9.03 Y-9.03 F4800
G1 X9.03 Y0.97 E701.4003 F1680
G1 X9.03 Y9.03 E701.6295 F1764
G1 X7.09 Y9.03 E701.6846
G1 X-2.91 Y9.03 E701.9690 F1848
G1 X-9.03 Y9.03 E702.1431 F1932
G1 X-9.03 Y5.15 E702.2534
G1 X-9.03 Y-4.85 E702.5377 F2016
G1 X-9.03 Y-9.03 E702.6566 F2100
G1 X9.03 Y-9.03 E703.1702
G1 E702.8702 F1800
G1 X9.43 Y-9.43 F4800
G1 E703.1702 F1800
G1 X9.43 Y-9.43 F4800
G1 X9.43 Y9.43 E703.7065 F2100
G1 X-9.43 Y9.43 E704.2428
G1 X-9.43 Y-9.43 E704.7791
G1 X9.43 Y-9.43 E705.3154
G1 E705.0154 F1800
G1 X9.83 Y-9.83 F4800
G1 E705.3154 F1800
;structure:shell-outer
G1 X9.83 Y-9.83 F4800
M204 S500
G1 X9.83 Y9.83 E705.8745 F1500
G1 X-9.83 Y9.83 E706.4335
G1 X-9.83 Y-9.83 E706.9926
G1 X9.83 Y-9.83 E707.5517
G1 E707.2517 F1800
M204 S1000
G1 X8.69 Y-6.08 F4800
G1 E707.5517 F1800
;structure:infill-sparse
G1 X8.69 Y-6.08 F4800
G1 X7.64 Y-5.47 E707.5862 F3000
G1 X7.64 Y-2.68 E707.6656
G1 X8.69 Y-2.07 E707.7001
G1 X8.69 Y2.07 E707.8179
G1 X7.64 Y2.68 E707.8524
G1 X7.64 Y5.47 E707.9318
G1 X8.69 Y6.08 E707.9663
G1 X8.69 Y8.69 E708.0406
G1 X5.14 Y8.69 E708.1415
G1 X5.14 Y6.75 E708.1967
G1 X7.36 Y5.47 E708.2696
G1 X7.36 Y2.68 E708.3489
G1 X5.14 Y1.40 E708.4218
G1 X5.14 Y-1.40 E708.5014
G1 X7.36 Y-2.68 E708.5743
G1 X7.36 Y-5.47 E708.6536
G1 X5.14 Y-6.75 E708.7264
G1 X5.14 Y-8.69 E708.7816
G1 X4.86 Y-8.69 E708.7896
G1 X4.86 Y-6.75 E708.8447
G1 X2.64 Y-5.47 E708.9176
G1 X2.64 Y-2.68 E708.9969
G1 X4.86 Y-1.40 E709.0698
G1 X4.86 Y1.40 E709.1494
G1 X2.64 Y2.68 E709.2223
G1 X2.64 Y5.47 E709.3016
G1 X4.86 Y6.75 E709.3745
G1 X4.86 Y8.69 E709.4297
G1 X0.14 Y8.69 E709.5640
G1 X0.14 Y6.75 E709.6191
G1 X2.36 Y5.47 E709.6920
G1 X2.36 Y2.68 E709.7713
G1 X0.14 Y1.40 E709.8442
G1 X0.14 Y-1.40 E709.9238
G1 X2.36 Y-2.68 E709.9967
G1 X2.36 Y-5.47 E710.0760
G1 X0.14 Y-6.75 E710.1489
G1 X0.14 Y-8.69 E710.2040
G1 X-0.14 Y-8.69 E710.2120
G1 X-0.14 Y-6.75 E710.2672
G1 X-2.36 Y-5.47 E710.3401
G1 X-2.36 Y-2.68 E710.4194
G1 X-0.14 Y-1.40 E710.4922
G1 X-0.14 Y1.40 E710.5719
G1 X-2.36 Y2.68 E710.6448
G1 X-2.36 Y5.47 E710.7241
G1 X-0.14 Y6.75 E710.7969
G1 X-0.14 Y8.69 E710.8521
G1 X-4.86 Y8.69 E710.9864
G1 X-4.86 Y6.75 E711.0416
G1 X-2.64 Y5.47 E711.1144
G1 X-2.64 Y2.68 E711.1937
G1 X-4.86 Y1.40 E711.2666
G1 X-4.86 Y-1.40 E711.3463
G1 X-2.64 Y-2.68 E711.4191
G1 X-2.64 Y-5.47 E711.4984
G1 X-4.86 Y-6.75 E711.5713
G1 X-4.86 Y-8.69 E711.6265
G1 X-5.14 Y-8.69 E711.6345
G1 X-5.14 Y-6.75 E711.6896
G1 X-7.36 Y-5.47 E711.7625
G1 X-7.36 Y-2.68 E711.8418
G1 X-5.14 Y-1.40 E711.9147
G1 X-5.14 Y1.40 E711.9943
G1 X-7.36 Y2.68 E712.0672
G1 X-7.36 Y5.47 E712.1465
G1 X-5.14 Y6.75 E712.2194
G1 X-5.14 Y8.69 E712.2745
G1 X-8.69 Y8.69 E712.3755
G1 X-8.69 Y6.08 E712.4498
G1 X-7.64 Y5.47 E712.4843
G1 X-7.64 Y2.68 E712.5636
G1 X-8.69 Y2.07 E712.5982
G1 X-8.69 Y-2.07 E712.7159
G1 X-7.64 Y-2.68 E712.7505
G1 X-7.64 Y-5.47 E712.8298
G1 X-8.69 Y-6.08 E712.8644
;layer:0.18
G1 E712.5644 F1800
G1 X9.03 Y-9.03 F4800
G1 Z7.090 F420
G1 E712.8644 F1800
;structure:shell-inner
G1 X9.03 Y-9.03 F4800
G1 X9.03 Y0.97 E713.1487 F1680
G1 X9.03 Y9.03 E713.3779 F1764
G1 X7.09 Y9.03 E713.4331
G1 X-2.91 Y9.03 E713.7175 F1848
G1 X-9.03 Y9.03 E713.8915 F1932
G1 X-9.03 Y5.15 E714.0019
G1 X-9.03 Y-4.85 E714.2863 F2016
G1 X-9.03 Y-9.03 E714.4052 F2100
G1 X9.03 Y-9.03 E714.9187
G1 E714.6187 F1800
G1 X9.43 Y-9.43 F4800
G1 E714.9187 F1800
G1 X9.43 Y-9.43 F4800
G1 X9.43 Y9.43 E715.4550 F2100
G1 X-9.43 Y9.43 E715.9913
G1 X-9.43 Y-9.43 E716.5276
G1 X9.43 Y-9.43 E717.0640
G1 E716.7639 F1800
G1 X9.83 Y-9.83 F4800
G1 E717.0640 F1800
;structure:shell-outer
G1 X9.83 Y-9.83 F4800
M204 S500
G1 X9.83 Y9.83 E717.6230 F1500
G1 X-9.83 Y9.83 E718.1821
G1 X-9.83 Y-9.83 E718.7411
G1 X9.83 Y-9.83 E719.3002
G1 E719.0002 F1800
M204 S1000
G1 X8.69 Y-6.08 F4800
G1 E719.3002 F1800
;structure:infill-sparse
G1 X8.69 Y-6.08 F4800
G1 X7.64 Y-5.47 E719.3348 F3000
G1 X7.64 Y-2.68 E719.4141
G1 X8.69 Y-2.07 E719.4486
G1 X8.69 Y2.07 E719.5663
G1 X7.64 Y2.68 E719.6010
G1 X7.64 Y5.47 E719.6802
G1 X8.69 Y6.08 E719.7148
G1 X8.69 Y8.69 E719.7891
G1 X5.14 Y8.69 E719.8900
G1 X5.14 Y6.75 E719.9452
G1 X7.36 Y5.47 E720.0181
G1 X7.36 Y2.68 E720.0974
G1 X5.14 Y1.40 E720.1702
G1 X5.14 Y-1.40 E720.2499
G1 X7.36 Y-2.68 E720.3228
G1 X7.36 Y-5.47 E720.4020
G1 X5.14 Y-6.75 E720.4749
G1 X5.14 Y-8.69 E720.5302
G1 X4.86 Y-8.69 E720.5381
G1 X4.86 Y-6.75 E720.5933
G1 X2.64 Y-5.47 E720.6661
G1 X2.64 Y-2.68 E720.7454
G1 X4.86 Y-1.40 E720.8183
G1 X4.86 Y1.40 E720.8979
G1 X2.64 Y2.68 E720.9708
G1 X2.64 Y5.47 E721.0501
G1 X4.86 Y6.75 E721.1230
G1 X4.86 Y8.69 E721.1782
G1 X0.14 Y8.69 E721.3124
G1 X0.14 Y6.75 E721.3676
G1 X2.36 Y5.47 E721.4405
G1 X2.36 Y2.68 E721.5198
G1 X0.14 Y1.40 E721.5927
G1 X0.14 Y-1.40 E721.6723
G1 X2.36 Y-2.68 E721.7452
G1 X2.36 Y-5.47 E721.8245
G1 X0.14 Y-6.75 E721.8974
G1 X0.14 Y-8.69 E721.9526
G1 X-0.14 Y-8.69 E721.9605
G1 X-0.14 Y-6.75 E722.0157
G1 X-2.36 Y-5.47 E722.0886
G1 X-2.36 Y-2.68 E722.1678
G1 X-0.14 Y-1.40 E722.2407
G1 X-0.14 Y1.40 E722.3204
G1 X-2.36 Y2.68 E722.3932
G1 X-2.36 Y5.47 E722.4725
G1 X-0.14 Y6.75 E722.5454
G1 X-0.14 Y8.69 E722.6006
G1 X-4.86 Y8.69 E722.7349
G1 X-4.86 Y6.75 E722.7900
G1 X-2.64 Y5.47 E722.8629
G1 X-2.64 Y2.68 E722.9423
G1 X-4.86 Y1.40 E723.0151
G1 X-4.86 Y-1.40 E723.0947
G1 X-2.64 Y-2.68 E723.1676
G1 X-2.64 Y-5.47 E723.2469
G1 X-4.86 Y-6.75 E723.3198
G1 X-4.86 Y-8.69 E723.3750
G1 X-5.14 Y-8.69 E723.3829
G1 X-5.14 Y-6.75 E723.4381
G1 X-7.36 Y-5.47 E723.5110
G1 X-7.36 Y-2.68 E723.5903
G1 X-5.14 Y-1.40 E723.6632
G1 X-5.14 Y1.40 E723.7428
G1 X-7.36 Y2.68 E723.8157
G1 X-7.36 Y5.47 E723.8950
G1 X-5.14 Y6.75 E723.9679
G1 X-5.14 Y8.69 E724.0231
G1 X-8.69 Y8.69 E724.1240
G1 X-8.69 Y6.08 E724.1982
G1 X-7.64 Y5.47 E724.2328
G1 X-7.64 Y2.68 E724.3121
G1 X-8.69 Y2.07 E724.3467
G1 X-8.69 Y-2.07 E724.4644
G1 X-7.64 Y-2.68 E724.4990
G1 X-7.64 Y-5.47 E724.5783
G1 X-8.69 Y-6.08 E724.6129
;layer:0.18
G1 E724.3129 F1800
G1 X9.03 Y-9.03 F4800
G1 Z7.270 F420
G1 E724.6129 F1800
;structure:shell-inner
G1 X9.03 Y-9.03 F4800
G1 X9.03 Y0.97 E724.8973 F1680
G1 X9.03 Y9.03 E725.1265 F1764
G1 X7.09 Y9.03 E725.1816
G1 X-2.91 Y9.03 E725.4660 F1848
G1 X-9.03 Y9.03 E725.6401 F1932
G1 X-9.03 Y5.15 E725.7504
G1 X-9.03 Y-4.85 E726.0347 F2016
G1 X-9.03 Y-9.03 E726.1536 F2100
G1 X9.03 Y-9.03 E726.6672
G1 E726.3672 F1800
G1 X9.43 Y-9.43 F4800
G1 E726.6672 F1800
G1 X9.43 Y-9.43 F4800
G1 X9.43 Y9.43 E727.2035 F2100
G1 X-9.43 Y9.43 E727.7398
G1 X-9.43 Y-9.43 E728.2761
G1 X9.43 Y-9.43 E728.8124
G1 E728.5125 F1800
G1 X9.83 Y-9.83 F4800
G1 E728.8124 F1800
;structure:shell-outer
G1 X9.83 Y-9.83 F4800
M204 S500
G1 X9.83 Y9.83 E729.3715 F1500
G1 X-9.83 Y9.83 E729.9305
G1 X-9.83 Y-9.83 E730.4896
G1 X9.83 Y-9.83 E731.0487
G1 E730.7487 F1800
M204 S1000
G1 X8.69 Y-6.08 F4800
G1 E731.0487 F1800
;structure:infill-sparse
G1 X8.69 Y-6.08 F4800
G1 X7.64 Y-5.47 E731.0833 F3000
G1 X7.64 Y-2.68 E731.1625
G1 X8.69 Y-2.07 E731.1971
G1 X8.69 Y2.07 E731.3149
G1 X7.64 Y2.68 E731.3494
G1 X7.64 Y5.47 E731.4288
G1 X8.69 Y6.08 E731.4633
G1 X8.69 Y8.69 E731.5375
G1 X5.14 Y8.69 E731.6385
G1 X5.14 Y6.75 E731.6937
G1 X7.36 Y5.47 E731.7665
G1 X7.36 Y2.68 E731.8459
G1 X5.14 Y1.40 E731.9188
G1 X5.14 Y-1.40 E731.9984
G1 X7.36 Y-2.68 E732.0712
G1 X7.36 Y-5.47 E732.1506
G1 X5.14 Y-6.75 E732.2234
G1 X5.14 Y-8.69 E732.2786
G1 X4.86 Y-8.69 E732.2866
G1 X4.86 Y-6.75 E732.3417
G1 X2.64 Y-5.47 E732.4146
G1 X2.64 Y-2.68 E732.4940
G1 X4.86 Y-1.40 E732.5668
G1 X4.86 Y1.40 E732.6464
G1 X2.64 Y2.68 E732.7193
G1 X2.64 Y5.47 E732.7986
G1 X4.86 Y6.75 E732.8715
G1 X4.86 Y8.69 E732.9267
G1 X0.14 Y8.69 E733.0609
G1 X0.14 Y6.75 E733.1161
G1 X2.36 Y5.47 E733.1890
G1 X2.36 Y2.68 E733.2683
G1 X0.14 Y1.40 E733.3412
G1 X0.14 Y-1.40 E733.4208
G1 X2.36 Y-2.68 E733.4937
G1 X2.36 Y-5.47 E733.5730
G1 X0.14 Y-6.75 E733.6459
G1 X0.14 Y-8.69 E733.7010
G1 X-0.14 Y-8.69 E733.7090
G1 X-0.14 Y-6.75 E733.7642
G1 X-2.36 Y-5.47 E733.8370
G1 X-2.36 Y-2.68 E733.9164
G1 X-0.14 Y-1.40 E733.9893
G1 X-0.14 Y1.40 E734.0688
G1 X-2.36 Y2.68 E734.1417
G1 X-2.36 Y5.47 E734.2211
G1 X-0.14 Y6.75 E734.2939
G1 X-0.14 Y8.69 E734.3491
G1 X-4.86 Y8.69 E734.4834
G1 X-4.86 Y6.75 E734.5386
G1 X-2.64 Y5.47 E734.6115
G1 X-2.64 Y2.68 E734.6907
G1 X-4.86 Y1.40 E734.7636
G1 X-4.86 Y-1.40 E734.8433
G1 X-2.64 Y-2.68 E734.9161
G1 X-2.64 Y-5.47 E734.9954
G1 X-4.86 Y-6.75 E735.0683
G1 X-4.86 Y-8.69 E735.1235
G1 X-5.14 Y-8.69 E735.1314
G1 X-5.14 Y-6.75 E735.1866
G1 X-7.36 Y-5.47 E735.2595
G1 X-7.36 Y-2.68 E735.3388
G1 X-5.14 Y-1.40 E735.4117
G1 X-5.14 Y1.40 E735.4913
G1 X-7.36 Y2.68 E735.5642
G1 X-7.36 Y5.47 E735.6435
G1 X-5.14 Y6.75 E735.7164
G1 X-5.14 Y8.69 E735.7715
G1 X-8.69 Y8.69 E735.8725
G1 X-8.69 Y6.08 E735.9468
G1 X-7.64 Y5.47 E735.9813
G1 X-7.64 Y2.68 E736.0606
G1 X-8.69 Y2.07 E736.0952
G1 X-8.69 Y-2.07 E736.2130
G1 X-7.64 Y-2.68 E736.2475
G1 X-7.64 Y-5.47 E736.3268
G1 X-8.69 Y-6.08 E736.3614
;layer:0.18
G1 E736.0614 F1800
G1 X9.03 Y-9.03 F4800
G1 Z7.450 F420
G1 E736.3614 F1800
;structure:shell-inner
G1 X9.03 Y-9.03 F4800
G1 X9.03 Y0.97 E736.6458 F1680
G1 X9.03 Y9.03 E736.8749 F1764
G1 X7.09 Y9.03 E736.9301
G1 X-2.91 Y9.03 E737.2145 F1848
G1 X-9.03 Y9.03 E737.3885 F1932
G1 X-9.03 Y5.15 E737.4989
G1 X-9.03 Y-4.85 E737.7833 F2016
G1 X-9.03 Y-9.03 E737.9021 F2100
G1 X9.03 Y-9.03 E738.4157
G1 E738.1157 F1800
G1 X9.43 Y-9.43 F4800
G1 E738.4157 F1800
G1 X9.43 Y-9.43 F4800
G1 X9.43 Y9.43 E738.9520 F2100
G1 X-9.43 Y9.43 E739.4883
G1 X-9.43 Y-9.43 E740.0246
G1 X9.43 Y-9.43 E740.5609
G1 E740.2609 F1800
G1 X9.83 Y-9.83 F4800
G1 E740.5609 F1800
;structure:shell-outer
G1 X9.83 Y-9.83 F4800
M204 S500
G1 X9.83 Y9.83 E741.1200 F1500
G1 X-9.83 Y9.83 E741.6791
G1 X-9.83 Y-9.83 E742.2381
G1 X9.83 Y-9.83 E742.7972
G1 E742.4972 F1800
M204 S1000
G1 X8.69 Y-6.08 F4800
G1 E742.7972 F1800
;structure:infill-sparse
G1 X8.69 Y-6.08 F4800
G1 X7.64 Y-5.47 E742.8317 F3000
G1 X7.64 Y-2.68 E742.9111
G1 X8.69 Y-2.07 E742.9456
G1 X8.69 Y2.07 E743.0634
G1 X7.64 Y2.68 E743.0980
G1 X7.64 Y5.47 E743.1772
G1 X8.69 Y6.08 E743.2118
G1 X8.69 Y8.69 E743.2861
G1 X5.14 Y8.69 E743.3870
G1 X5.14 Y6.75 E743.4422
G1 X7.36 Y5.47 E743.5151
G1 X7.36 Y2.68 E743.5944
G1 X5.14 Y1.40 E743.6672
G1 X5.14 Y-1.40 E743.7469
G1 X7.36 Y-2.68 E743.8198
G1 X7.36 Y-5.47 E743.8990
G1 X5.14 Y-6.75 E743.9719
G1 X5.14 Y-8.69 E744.0271
G1 X4.86 Y-8.69 E744.0350
G1 X4.86 Y-6.75 E744.0903
G1 X2.64 Y-5.47 E744.1631
G1 X2.64 Y-2.68 E744.2424
G1 X4.86 Y-1.40 E744.3153
G1 X4.86 Y1.40 E744.3950
G1 X2.64 Y2.68 E744.4678
G1 X2.64 Y5.47 E744.5471
G1 X4.86 Y6.75 E744.6200
G1 X4.86 Y8.69 E744.6752
G1 X0.14 Y8.69 E744.8094
G1 X0.14 Y6.75 E744.8646
G1 X2.36 Y5.47 E744.9375
G1 X2.36 Y2.68 E745.0168
G1 X0.14 Y1.40 E745.0897
G1 X0.14 Y-1.40 E745.1693
G1 X2.36 Y-2.68 E745.2422
G1 X2.36 Y-5.47 E745.3215
G1 X0.14 Y-6.75 E745.3943
G1 X0.14 Y-8.69 E745.4496
G1 X-0.14 Y-8.69 E745.4575
G1 X-0.14 Y-6.75 E745.5127
G1 X-2.36 Y-5.47 E745.5856
G1 X-2.36 Y-2.68 E745.6649
G1 X-0.14 Y-1.40 E745.7377
G1 X-0.14 Y1.40 E745.8174
G1 X-2.36 Y2.68 E745.8903
G1 X-2.36 Y5.47 E745.9695
G1 X-0.14 Y6.75 E746.0424
G1 X-0.14 Y8.69 E746.0976
G1 X-4.86 Y8.69 E746.2319
G1 X-4.86 Y6.75 E746.2870
G1 X-2.64 Y5.47 E746.3599
G1 X-2.64 Y2.68 E746.4393
G1 X-4.86 Y1.40 E746.5121
G1 X-4.86 Y-1.40 E746.5917
G1 X-2.64 Y-2.68 E746.6646
G1 X-2.64 Y-5.47 E746.7440
G1 X-4.86 Y-6.75 E746.8168
G1 X-4.86 Y-8.69 E746.8720
G1 X-5.14 Y-8.69 E746.8799
G1 X-5.14 Y-6.75 E746.9351
G1 X-7.36 Y-5.47 E747.0080
G1 X-7.36 Y-2.68 E747.0873
G1 X-5.14 Y-1.40 E747.1602
G1 X-5.14 Y1.40 E747.2398
G1 X-7.36 Y2.68 E747.3127
G1 X-7.36 Y5.47 E747.3920
G1 X-5.14 Y6.75 E747.4649
G1 X-5.14 Y8.69 E747.5201
G1 X-8.69 Y8.69 E747.6210
G1 X-8.69 Y6.08 E747.6953
G1 X-7.64 Y5.47 E747.7298
G1 X-7.64 Y2.68 E747.8091
G1 X-8.69 Y2.07 E747.8437
G1 X-8.69 Y-2.07 E747.9614
G1 X-7.64 Y-2.68 E747.9960
G1 X-7.64 Y-5.47 E748.0753
G1 X-8.69 Y-6.08 E748.1099
;layer:0.18
G1 E747.8099 F1800
G1 X9.03 Y-9.03 F4800
G1 Z7.630 F420
G1 E748.1099 F1800
;structure:shell-inner
G1 X9.03 Y-9.03 F4800
G1 X9.03 Y0.97 E748.3942 F1680
G1 X9.03 Y9.03 E748.6234 F1764
G1 X7.09 Y9.03 E748.6786
G1 X-2.91 Y9.03 E748.9630 F1848
G1 X-9.03 Y9.03 E749.1371 F1932
G1 X-9.03 Y5.15 E749.2474
G1 X-9.03 Y-4.85 E749.5317 F2016
G1 X-9.03 Y-9.03 E749.6506 F2100
G1 X9.03 Y-9.03 E750.1642
G1 E749.8642 F1800
G1 X9.43 Y-9.43 F4800
G1 E750.1642 F1800
G1 X9.43 Y-9.43 F4800
G1 X9.43 Y9.43 E750.7005 F2100
G1 X-9.43 Y9.43 E751.2368
G1 X-9.43 Y-9.43 E751.7731
G1 X9.43 Y-9.43 E752.3094
G1 E752.0095 F1800
G1 X9.83 Y-9.83 F4800
G1 E752.3094 F1800
;structure:shell-outer
G1 X9.83 Y-9.83 F4800
M204 S500
G1 X9.83 Y9.83 E752.8685 F1500
G1 X-9.83 Y9.83 E753.4276
G1 X-9.83 Y-9.83 E753.9866
G1 X9.83 Y-9.83 E754.5457
G1 E754.2457 F1800
M204 S1000
G1 X8.69 Y-6.08 F4800
G1 E754.5457 F1800
;structure:infill-sparse
G1 X8.69 Y-6.08 F4800
G1 X7.64 Y-5.47 E754.5803 F3000
G1 X7.64 Y-2.68 E754.6595
G1 X8.69 Y-2.07 E754.6942
G1 X8.69 Y2.07 E754.8119
G1 X7.64 Y2.68 E754.8464
G1 X7.64 Y5.47 E754.9257
G1 X8.69 Y6.08 E754.9603
G1 X8.69 Y8.69 E755.0345
G1 X5.14 Y8.69 E755.1355
G1 X5.14 Y6.75 E755.1907
G1 X7.36 Y5.47 E755.2635
G1 X7.36 Y2.68 E755.3429
G1 X5.14 Y1.40 E755.4158
G1 X5.14 Y-1.40 E755.4954
G1 X7.36 Y-2.68 E755.5682
G1 X7.36 Y-5.47 E755.6476
G1 X5.14 Y-6.75 E755.7205
G1 X5.14 Y-8.69 E755.7756
G1 X4.86 Y-8.69 E755.7836
G1 X4.86 Y-6.75 E755.8387
G1 X2.64 Y-5.47 E755.9116
G1 X2.64 Y-2.68 E755.9910
G1 X4.86 Y-1.40 E756.0638
G1 X4.86 Y1.40 E756.1434
G1 X2.64 Y2.68 E756.2163
G1 X2.64 Y5.47 E756.2957
G1 X4.86 Y6.75 E756.3685
G1 X4.86 Y8.69 E756.4237
G1 X0.14 Y8.69 E756.5579
G1 X0.14 Y6.75 E756.6131
G1 X2.36 Y5.47 E756.6860
G1 X2.36 Y2.68 E756.7653
G1 X0.14 Y1.40 E756.8382
G1 X0.14 Y-1.40 E756.9178
G1 X2.36 Y-2.68 E756.9907
G1 X2.36 Y-5.47 E757.0700
G1 X0.14 Y-6.75 E757.1429
G1 X0.14 Y-8.69 E757.1981
G1 X-0.14 Y-8.69 E757.2060
G1 X-0.14 Y-6.75 E757.2612
G1 X-2.36 Y-5.47 E757.3340
G1 X-2.36 Y-2.68 E757.4134
G1 X-0.14 Y-1.40 E757.4863
G1 X-0.14 Y1.40 E757.5659
G1 X-2.36 Y2.68 E757.6387
G1 X-2.36 Y5.47 E757.7181
G1 X-0.14 Y6.75 E757.7910
G1 X-0.14 Y8.69 E757.8461
G1 X-4.86 Y8.69 E757.9803
G1 X-4.86 Y6.75 E758.0356
G1 X-2.64 Y5.47 E758.1085
G1 X-2.64 Y2.68 E758.1877
G1 X-4.86 Y1.40 E758.2606
G1 X-4.86 Y-1.40 E758.3403
G1 X-2.64 Y-2.68 E758.4131
G1 X-2.64 Y-5.47 E758.4924
G1 X-4.86 Y-6.75 E758.5653
G1 X-4.86 Y-8.69 E758.6205
G1 X-5.14 Y-8.69 E758.6284
G1 X-5.14 Y-6.75 E758.6837
G1 X-7.36 Y-5.47 E758.7565
G1 X-7.36 Y-2.68 E758.8358
G1 X-5.14 Y-1.40 E758.9087
G1 X-5.14 Y1.40 E758.9883
G1 X-7.36 Y2.68 E759.0612
G1 X-7.36 Y5.47 E759.1405
G1 X-5.14 Y6.75 E759.2134
G1 X-5.14 Y8.69 E759.2686
G1 X-8.69 Y8.69 E759.3695
G1 X-8.69 Y6.08 E759.4437
G1 X-7.64 Y5.47 E759.4783
G1 X-7.64 Y2.68 E759.5576
G1 X-8.69 Y2.07 E759.5922
G1 X-8.69 Y-2.07 E759.7100
G1 X-7.64 Y-2.68 E759.7445
G1 X-7.64 Y-5.47 E759.8238
G1 X-8.69 Y-6.08 E759.8584
;layer:0.18
G1 E759.5583 F1800
G1 X9.03 Y-9.03 F4800
G1 Z7.810 F420
G1 E759.8584 F1800
;structure:shell-inner
G1 X9.03 Y-9.03 F4800
G1 X9.03 Y0.97 E760.1428 F1680
G1 X9.03 Y9.03 E760.3719 F1764
G1 X7.09 Y9.03 E760.4271
G1 X-2.91 Y9.03 E760.7115 F1848
G1 X-9.03 Y9.03 E760.8856 F1932
G1 X-9.03 Y5.15 E760.9958
G1 X-9.03 Y-4.85 E761.2803 F2016
G1 X-9.03 Y-9.03 E761.3991 F2100
G1 X9.03 Y-9.03 E761.9127
G1 E761.6127 F1800
G1 X9.43 Y-9.43 F4800
G1 E761.9127 F1800
G1 X9.43 Y-9.43 F4800
G1 X9.43 Y9.43 E762.4490 F2100
G1 X-9.43 Y9.43 E762.9853
G1 X-9.43 Y-9.43 E763.5216
G1 X9.43 Y-9.43 E764.0579
G1 E763.7579 F1800
G1 X9.83 Y-9.83 F4800
G1 E764.0579 F1800
;structure:shell-outer
G1 X9.83 Y-9.83 F4800
M204 S500
G1 X9.83 Y9.83 E764.6170 F1500
G1 X-9.83 Y9.83 E765.1761
G1 X-9.83 Y-9.83 E765.7351
G1 X9.83 Y-9.83 E766.2942
G1 E765.9942 F1800
M204 S1000
G1 X8.69 Y-6.08 F4800
G1 E766.2942 F1800
;structure:infill-sparse
G1 X8.69 Y-6.08 F4800
G1 X7.64 Y-5.47 E766.3287 F3000
G1 X7.64 Y-2.68 E766.4081
G1 X8.69 Y-2.07 E766.4426
G1 X8.69 Y2.07 E766.5604
G1 X7.64 Y2.68 E766.5949
G1 X7.64 Y5.47 E766.6743
G1 X8.69 Y6.08 E766.7088
G1 X8.69 Y8.69 E766.7831
G1 X5.14 Y8.69 E766.8840
G1 X5.14 Y6.75 E766.9392
G1 X7.36 Y5.47 E767.0121
G1 X7.36 Y2.68 E767.0914
G1 X5.14 Y1.40 E767.1642
G1 X5.14 Y-1.40 E767.2439
G1 X7.36 Y-2.68 E767.3168
G1 X7.36 Y-5.47 E767.3961
G1 X5.14 Y-6.75 E767.4689
G1 X5.14 Y-8.69 E767.5241
G1 X4.86 Y-8.69 E767.5320
G1 X4.86 Y-6.75 E767.5873
G1 X2.64 Y-5.47 E767.6601
G1 X2.64 Y-2.68 E767.7394
G1 X4.86 Y-1.40 E767.8123
G1 X4.86 Y1.40 E767.8920
G1 X2.64 Y2.68 E767.9648
G1 X2.64 Y5.47 E768.0441
G1 X4.86 Y6.75 E768.1170
G1 X4.86 Y8.69 E768.1722
G1 X0.14 Y8.69 E768.3065
G1 X0.14 Y6.75 E768.3616
G1 X2.36 Y5.47 E768.4345
G1 X2.36 Y2.68 E768.5138
G1 X0.14 Y1.40 E768.5867
G1 X0.14 Y-1.40 E768.6663
G1 X2.36 Y-2.68 E768.7392
G1 X2.36 Y-5.47 E768.8185
G1 X0.14 Y-6.75 E768.8914
G1 X0.14 Y-8.69 E768.9465
G1 X-0.14 Y-8.69 E768.9545
G1 X-0.14 Y-6.75 E769.0097
G1 X-2.36 Y-5.47 E769.0826
G1 X-2.36 Y-2.68 E769.1619
G1 X-0.14 Y-1.40 E769.2347
G1 X-0.14 Y1.40 E769.3144
G1 X-2.36 Y2.68 E769.3873
G1 X-2.36 Y5.47 E769.4666
G1 X-0.14 Y6.75 E769.5394
G1 X-0.14 Y8.69 E769.5946
G1 X-4.86 Y8.69 E769.7289
G1 X-4.86 Y6.75 E769.7841
G1 X-2.64 Y5.47 E769.8569
G1 X-2.64 Y2.68 E769.9363
G1 X-4.86 Y1.40 E770.0092
G1 X-4.86 Y-1.40 E770.0887
G1 X-2.64 Y-2.68 E770.1616
G1 X-2.64 Y-5.47 E770.2410
G1 X-4.86 Y-6.75 E770.3138
G1 X-4.86 Y-8.69 E770.3690
G1 X-5.14 Y-8.69 E770.3770
G1 X-5.14 Y-6.75 E770.4321
G1 X-7.36 Y-5.47 E770.5050
G1 X-7.36 Y-2.68 E770.5843
G1 X-5.14 Y-1.40 E770.6572
G1 X-5.14 Y1.40 E770.7368
G1 X-7.36 Y2.68 E770.8097
G1 X-7.36 Y5.47 E770.8890
G1 X-5.14 Y6.75 E770.9619
G1 X-5.14 Y8.69 E771.0171
G1 X-8.69 Y8.69 E771.1180
G1 X-8.69 Y6.08 E771.1923
G1 X-7.64 Y5.47 E771.2268
G1 X-7.64 Y2.68 E771.3062
G1 X-8.69 Y2.07 E771.3407
G1 X-8.69 Y-2.07 E771.4584
G1 X-7.64 Y-2.68 E771.4930
G1 X-7.64 Y-5.47 E771.5723
G1 X-8.69 Y-6.08 E771.6069
;layer:0.18
G1 E771.3069 F1800
G1 X9.03 Y-9.03 F4800
G1 Z7.990 F420
G1 E771.6069 F1800
;structure:shell-inner
G1 X9.03 Y-9.03 F4800
G1 X9.03 Y0.97 E771.8912 F1680
G1 X9.03 Y9.03 E772.1204 F1764
G1 X7.09 Y9.03 E772.1756
G1 X-2.91 Y9.03 E772.4600 F1848
G1 X-9.03 Y9.03 E772.6340 F1932
G1 X-9.03 Y5.15 E772.7444
G1 X-9.03 Y-4.85 E773.0287 F2016
G1 X-9.03 Y-9.03 E773.1476 F2100
G1 X9.03 Y-9.03 E773.6612
G1 E773.3612 F1800
G1 X9.43 Y-9.43 F4800
G1 E773.6612 F1800
G1 X9.43 Y-9.43 F4800
G1 X9.43 Y9.43 E774.1975 F2100
G1 X-9.43 Y9.43 E774.7338
G1 X-9.43 Y-9.43 E775.2701
G1 X9.43 Y-9.43 E775.8065
G1 E775.5064 F1800
G1 X9.83 Y-9.83 F4800
G1 E775.8065 F1800
;structure:shell-outer
G1 X9.83 Y-9.83 F4800
M204 S500
G1 X9.83 Y9.83 E776.3655 F1500
G1 X-9.83 Y9.83 E776.9246
G1 X-9.83 Y-9.83 E777.4836
G1 X9.83 Y-9.83 E778.0427
G1 E777.7427 F1800
M204 S1000
G1 X8.69 Y-6.08 F4800
G1 E778.0427 F1800
;structure:infill-sparse
G1 X8.69 Y-6.08 F4800
G1 X7.64 Y-5.47 E778.0773 F3000
G1 X7.64 Y-2.68 E778.1566
G1 X8.69 Y-2.07 E778.1911
G1 X8.69 Y2.07 E778.3089
G1 X7.64 Y2.68 E778.3434
G1 X7.64 Y5.47 E778.4227
G1 X8.69 Y6.08 E778.4573
G1 X8.69 Y8.69 E778.5316
G1 X5.14 Y8.69 E778.6325
G1 X5.14 Y6.75 E778.6877
G1 X7.36 Y5.47 E778.7606
G1 X7.36 Y2.68 E778.8399
G1 X5.14 Y1.40 E778.9127
G1 X5.14 Y-1.40 E778.9924
G1 X7.36 Y-2.68 E779.0652
G1 X7.36 Y-5.47 E779.1446
G1 X5.14 Y-6.75 E779.2174
G1 X5.14 Y-8.69 E779.2726
G1 X4.86 Y-8.69 E779.2806
G1 X4.86 Y-6.75 E779.3358
G1 X2.64 Y-5.47 E779.4086
G1 X2.64 Y-2.68 E779.4879
G1 X4.86 Y-1.40 E779.5608
G1 X4.86 Y1.40 E779.6404
G1 X2.64 Y2.68 E779.7133
G1 X2.64 Y5.47 E779.7926
G1 X4.86 Y6.75 E779.8655
G1 X4.86 Y8.69 E779.9207
G1 X0.14 Y8.69 E780.0549
G1 X0.14 Y6.75 E780.1101
G1 X2.36 Y5.47 E780.1830
G1 X2.36 Y2.68 E780.2623
G1 X0.14 Y1.40 E780.3352
G1 X0.14 Y-1.40 E780.4148
G1 X2.36 Y-2.68 E780.4877
G1 X2.36 Y-5.47 E780.5670
G1 X0.14 Y-6.75 E780.6399
G1 X0.14 Y-8.69 E780.6951
G1 X-0.14 Y-8.69 E780.7030
G1 X-0.14 Y-6.75 E780.7582
G1 X-2.36 Y-5.47 E780.8311
G1 X-2.36 Y-2.68 E780.9104
G1 X-0.14 Y-1.40 E780.9833
G1 X-0.14 Y1.40 E781.0629
G1 X-2.36 Y2.68 E781.1357
G1 X-2.36 Y5.47 E781.2151
G1 X-0.14 Y6.75 E781.2880
G1 X-0.14 Y8.69 E781.3431
G1 X-4.86 Y8.69 E781.4774
G1 X-4.86 Y6.75 E781.5326
G1 X-2.64 Y5.47 E781.6054
G1 X-2.64 Y2.68 E781.6848
G1 X-4.86 Y1.40 E781.7576
G1 X-4.86 Y-1.40 E781.8373
G1 X-2.64 Y-2.68 E781.9101
G1 X-2.64 Y-5.47 E781.9894
G1 X-4.86 Y-6.75 E782.0623
G1 X-4.86 Y-8.69 E782.1175
G1 X-5.14 Y-8.69 E782.1254
G1 X-5.14 Y-6.75 E782.1806
G1 X-7.36 Y-5.47 E782.2535
G1 X-7.36 Y-2.68 E782.3328
G1 X-5.14 Y-1.40 E782.4057
G1 X-5.14 Y1.40 E782.4853
G1 X-7.36 Y2.68 E782.5582
G1 X-7.36 Y5.47 E782.6375
G1 X-5.14 Y6.75 E782.7104
G1 X-5.14 Y8.69 E782.7656
G1 X-8.69 Y8.69 E782.8665
G1 X-8.69 Y6.08 E782.9407
G1 X-7.64 Y5.47 E782.9753
G1 X-7.64 Y2.68 E783.0546
G1 X-8.69 Y2.07 E783.0892
G1 X-8.69 Y-2.07 E783.2069
G1 X-7.64 Y-2.68 E783.2415
G1 X-7.64 Y-5.47 E783.3208
G1 X-8.69 Y-6.08 E783.3553
;layer:0.18
G1 E783.0554 F1800
G1 X9.03 Y-9.03 F4800
G1 Z8.170 F420
G1 E783.3553 F1800
;structure:shell-inner
G1 X9.03 Y-9.03 F4800
G1 X9.03 Y0.97 E783.6398 F1680
G1 X9.03 Y9.03 E783.8690 F1764
G1 X7.09 Y9.03 E783.9241
G1 X-2.91 Y9.03 E784.2085 F1848
G1 X-9.03 Y9.03 E784.3826 F1932
G1 X-9.03 Y5.15 E784.4929
G1 X-9.03 Y-4.85 E784.7772 F2016
G1 X-9.03 Y-9.03 E784.8961 F2100
G1 X9.03 Y-9.03 E785.4097
G1 E785.1097 F1800
G1 X9.43 Y-9.43 F4800
G1 E785.4097 F1800
G1 X9.43 Y-9.43 F4800
G1 X9.43 Y9.43 E785.9460 F2100
G1 X-9.43 Y9.43 E786.4823
G1 X-9.43 Y-9.43 E787.0186
G1 X9.43 Y-9.43 E787.5549
G1 E787.2549 F1800
G1 X9.83 Y-9.83 F4800
G1 E787.5549 F1800
;structure:shell-outer
G1 X9.83 Y-9.83 F4800
M204 S500
G1 X9.83 Y9.83 E788.1140 F1500
G1 X-9.83 Y9.83 E788.6730
G1 X-9.83 Y-9.83 E789.2321
G1 X9.83 Y-9.83 E789.7912
G1 E789.4912 F1800
M204 S1000
G1 X8.69 Y-6.08 F4800
G1 E789.7912 F1800
;structure:infill-sparse
G1 X8.69 Y-6.08 F4800
G1 X7.64 Y-5.47 E789.8257 F3000
G1 X7.64 Y-2.68 E789.9051
G1 X8.69 Y-2.07 E789.9396
G1 X8.69 Y2.07 E790.0574
G1 X7.64 Y2.68 E790.0919
G1 X7.64 Y5.47 E790.1713
G1 X8.69 Y6.08 E790.2058
G1 X8.69 Y8.69 E790.2801
G1 X5.14 Y8.69 E790.3810
G1 X5.14 Y6.75 E790.4362
G1 X7.36 Y5.47 E790.5090
G1 X7.36 Y2.68 E790.5884
G1 X5.14 Y1.40 E790.6613
G1 X5.14 Y-1.40 E790.7408
G1 X7.36 Y-2.68 E790.8137
G1 X7.36 Y-5.47 E790.8931
G1 X5.14 Y-6.75 E790.9659
G1 X5.14 Y-8.69 E791.0211
G1 X4.86 Y-8.69 E791.0291
G1 X4.86 Y-6.75 E791.0842
G1 X2.64 Y-5.47 E791.1571
G1 X2.64 Y-2.68 E791.2365
G1 X4.86 Y-1.40 E791.3093
G1 X4.86 Y1.40 E791.3889
G1 X2.64 Y2.68 E791.4618
G1 X2.64 Y5.47 E791.5411
G1 X4.86 Y6.75 E791.6140
G1 X4.86 Y8.69 E791.6692
G1 X0.14 Y8.69 E791.8035
G1 X0.14 Y6.75 E791.8586
G1 X2.36 Y5.47 E791.9315
G1 X2.36 Y2.68 E792.0108
G1 X0.14 Y1.40 E792.0837
G1 X0.14 Y-1.40 E792.1633
G1 X2.36 Y-2.68 E792.2362
G1 X2.36 Y-5.47 E792.3155
G1 X0.14 Y-6.75 E792.3884
G1 X0.14 Y-8.69 E792.4435
G1 X-0.14 Y-8.69 E792.4515
G1 X-0.14 Y-6.75 E792.5067
G1 X-2.36 Y-5.47 E792.5796
G1 X-2.36 Y-2.68 E792.6589
G1 X-0.14 Y-1.40 E792.7318
G1 X-0.14 Y1.40 E792.8114
G1 X-2.36 Y2.68 E792.8843
G1 X-2.36 Y5.47 E792.9636
G1 X-0.14 Y6.75 E793.0364
G1 X-0.14 Y8.69 E793.0916
G1 X-4.86 Y8.69 E793.2259
G1 X-4.86 Y6.75 E793.2811
G1 X-2.64 Y5.47 E793.3539
G1 X-2.64 Y2.68 E793.4332
G1 X-4.86 Y1.40 E793.5061
G1 X-4.86 Y-1.40 E793.5858
G1 X-2.64 Y-2.68 E793.6586
G1 X-2.64 Y-5.47 E793.7379
G1 X-4.86 Y-6.75 E793.8108
G1 X-4.86 Y-8.69 E793.8660
G1 X-5.14 Y-8.69 E793.8740
G1 X-5.14 Y-6.75 E793.9291
G1 X-7.36 Y-5.47 E794.0020
G1 X-7.36 Y-2.68 E794.0813
G1 X-5.14 Y-1.40 E794.1542
G1 X-5.14 Y1.40 E794.2338
G1 X-7.36 Y2.68 E794.3067
G1 X-7.36 Y5.47 E794.3860
G1 X-5.14 Y6.75 E794.4589
G1 X-5.14 Y8.69 E794.5140
G1 X-8.69 Y8.69 E794.6150
G1 X-8.69 Y6.08 E794.6893
G1 X-7.64 Y5.47 E794.7238
G1 X-7.64 Y2.68 E794.8031
G1 X-8.69 Y2.07 E794.8377
G1 X-8.69 Y-2.07 E794.9554
G1 X-7.64 Y-2.68 E794.9900
G1 X-7.64 Y-5.47 E795.0693
G1 X-8.69 Y-6.08 E795.1039
;layer:0.18
G1 E794.8039 F1800
G1 X9.03 Y-9.03 F4800
G1 Z8.350 F420
G1 E795.1039 F1800
;structure:shell-inner
G1 X9.03 Y-9.03 F4800
G1 X9.03 Y0.97 E795.3882 F1680
G1 X9.03 Y9.03 E795.6174 F1764
G1 X7.09 Y9.03 E795.6726
G1 X-2.91 Y9.03 E795.9570 F1848
G1 X-9.03 Y9.03 E796.1310 F1932
G1 X-9.03 Y5.15 E796.2414
G1 X-9.03 Y-4.85 E796.5258 F2016
G1 X-9.03 Y-9.03 E796.6447 F2100
G1 X9.03 Y-9.03 E797.1582
G1 E796.8582 F1800
G1 X9.43 Y-9.43 F4800
G1 E797.1582 F1800
G1 X9.43 Y-9.43 F4800
G1 X9.43 Y9.43 E797.6945 F2100
G1 X-9.43 Y9.43 E798.2308
G1 X-9.43 Y-9.43 E798.7672
G1 X9.43 Y-9.43 E799.3035
G1 E799.0034 F1800
G1 X9.83 Y-9.83 F4800
G1 E799.3035 F1800
;structure:shell-outer
G1 X9.83 Y-9.83 F4800
M204 S500
G1 X9.83 Y9.83 E799.8625 F1500
G1 X-9.83 Y9.83 E800.4216
G1 X-9.83 Y-9.83 E800.9807
G1 X9.83 Y-9.83 E801.5397
G1 E801.2397 F1800
M204 S1000
G1 X8.69 Y-6.08 F4800
G1 E801.5397 F1800
;structure:infill-sparse
G1 X8.69 Y-6.08 F4800
G1 X7.64 Y-5.47 E801.5743 F3000
G1 X7.64 Y-2.68 E801.6536
G1 X8.69 Y-2.07 E801.6881
G1 X8.69 Y2.07 E801.8058
G1 X7.64 Y2.68 E801.8405
G1 X7.64 Y5.47 E801.9197
G1 X8.69 Y6.08 E801.9543
G1 X8.69 Y8.69 E802.0286
G1 X5.14 Y8.69 E802.1295
G1 X5.14 Y6.75 E802.1847
G1 X7.36 Y5.47 E802.2576
G1 X7.36 Y2.68 E802.3369
G1 X5.14 Y1.40 E802.4097
G1 X5.14 Y-1.40 E802.4894
G1 X7.36 Y-2.68 E802.5623
G1 X7.36 Y-5.47 E802.6415
G1 X5.14 Y-6.75 E802.7144
G1 X5.14 Y-8.69 E802.7697
G1 X4.86 Y-8.69 E802.7776
G1 X4.86 Y-6.75 E802.8328
G1 X2.64 Y-5.47 E802.9056
G1 X2.64 Y-2.68 E802.9849
G1 X4.86 Y-1.40 E803.0578
G1 X4.86 Y1.40 E803.1375
G1 X2.64 Y2.68 E803.2103
G1 X2.64 Y5.47 E803.2896
G1 X4.86 Y6.75 E803.3625
G1 X4.86 Y8.69 E803.4177
G1 X0.14 Y8.69 E803.5519
G1 X0.14 Y6.75 E803.6071
G1 X2.36 Y5.47 E803.6800
G1 X2.36 Y2.68 E803.7593
G1 X0.14 Y1.40 E803.8322
G1 X0.14 Y-1.40 E803.9118
G1 X2.36 Y-2.68 E803.9847
G1 X2.36 Y-5.47 E804.0640
G1 X0.14 Y-6.75 E804.1369
G1 X0.14 Y-8.69 E804.1921
G1 X-0.14 Y-8.69 E804.2000
G1 X-0.14 Y-6.75 E804.2552
G1 X-2.36 Y-5.47 E804.3281
G1 X-2.36 Y-2.68 E804.4073
G1 X-0.14 Y-1.40 E804.4802
G1 X-0.14 Y1.40 E804.5599
G1 X-2.36 Y2.68 E804.6328
G1 X-2.36 Y5.47 E804.7120
G1 X-0.14 Y6.75 E804.7849
G1 X-0.14 Y8.69 E804.8401
G1 X-4.86 Y8.69 E804.9744
G1 X-4.86 Y6.75 E805.0295
G1 X-2.64 Y5.47 E805.1024
G1 X-2.64 Y2.68 E805.1818
G1 X-4.86 Y1.40 E805.2546
G1 X-4.86 Y-1.40 E805.3342
G1 X-2.64 Y-2.68 E805.4071
G1 X-2.64 Y-5.47 E805.4865
G1 X-4.86 Y-6.75 E805.5593
G1 X-4.86 Y-8.69 E805.6145
G1 X-5.14 Y-8.69 E805.6224
G1 X-5.14 Y-6.75 E805.6776
G1 X-7.36 Y-5.47 E805.7505
G1 X-7.36 Y-2.68 E805.8298
G1 X-5.14 Y-1.40 E805.9027
G1 X-5.14 Y1.40 E805.9823
G1 X-7.36 Y2.68 E806.0552
G1 X-7.36 Y5.47 E806.1345
G1 X-5.14 Y6.75 E806.2074
G1 X-5.14 Y8.69 E806.2626
G1 X-8.69 Y8.69 E806.3635
G1 X-8.69 Y6.08 E806.4377
G1 X-7.64 Y5.47 E806.4723
G1 X-7.64 Y2.68 E806.5516
G1 X-8.69 Y2.07 E806.5862
G1 X-8.69 Y-2.07 E806.7039
G1 X-7.64 Y-2.68 E806.7385
G1 X-7.64 Y-5.47 E806.8178
G1 X-8.69 Y-6.08 E806.8524
;layer:0.18
G1 E806.5524 F1800
G1 X9.03 Y-9.03 F4800
G1 Z8.530 F420
G1 E806.8524 F1800
;structure:shell-inner
G1 X9.03 Y-9.03 F4800
G1 X9.03 Y0.97 E807.1368 F1680
G1 X9.03 Y9.03 E807.3660 F1764
G1 X7.09 Y9.03 E807.4211
G1 X-2.91 Y9.03 E807.7055 F1848
G1 X-9.03 Y9.03 E807.8796 F1932
G1 X-9.03 Y5.15 E807.9899
G1 X-9.03 Y-4.85 E808.2742 F2016
G1 X-9.03 Y-9.03 E808.3931 F2100
G1 X9.03 Y-9.03 E808.9067
G1 E808.6067 F1800
G1 X9.43 Y-9.43 F4800
G1 E808.9067 F1800
G1 X9.43 Y-9.43 F4800
G1 X9.43 Y9.43 E809.4430 F2100
G1 X-9.43 Y9.43 E809.9793
G1 X-9.43 Y-9.43 E810.5156
G1 X9.43 Y-9.43 E811.0519
G1 E810.7520 F1800
G1 X9.83 Y-9.83 F4800
G1 E811.0519 F1800
;structure:shell-outer
G1 X9.83 Y-9.83 F4800
M204 S500
G1 X9.83 Y9.83 E811.6110 F1500
G1 X-9.83 Y9.83 E812.1700
G1 X-9.83 Y-9.83 E812.7291
G1 X9.83 Y-9.83 E813.2882
G1 E812.9882 F1800
M204 S1000
G1 X8.69 Y-6.08 F4800
G1 E813.2882 F1800
;structure:infill-sparse
G1 X8.69 Y-6.08 F4800
G1 X7.64 Y-5.47 E813.3228 F3000
G1 X7.64 Y-2.68 E813.4020
G1 X8.69 Y-2.07 E813.4366
G1 X8.69 Y2.07 E813.5544
G1 X7.64 Y2.68 E813.5889
G1 X7.64 Y5.47 E813.6683
G1 X8.69 Y6.08 E813.7028
G1 X8.69 Y8.69 E813.7770
G1 X5.14 Y8.69 E813.8780
G1 X5.14 Y6.75 E813.9332
G1 X7.36 Y5.47 E814.0060
G1 X7.36 Y2.68 E814.0854
G1 X5.14 Y1.40 E814.1583
G1 X5.14 Y-1.40 E814.2379
G1 X7.36 Y-2.68 E814.3107
G1 X7.36 Y-5.47 E814.3901
G1 X5.14 Y-6.75 E814.4630
G1 X5.14 Y-8.69 E814.5181
G1 X4.86 Y-8.69 E814.5261
G1 X4.86 Y-6.75 E814.5812
G1 X2.64 Y-5.47 E814.6541
G1 X2.64 Y-2.68 E814.7335
G1 X4.86 Y-1.40 E814.8063
G1 X4.86 Y1.40 E814.8859
G1 X2.64 Y2.68 E814.9588
G1 X2.64 Y5.47 E815.0381
G1 X4.86 Y6.75 E815.1110
G1 X4.86 Y8.69 E815.1662
G1 X0.14 Y8.69 E815.3004
G1 X0.14 Y6.75 E815.3557
G1 X2.36 Y5.47 E815.4285
G1 X2.36 Y2.68 E815.5078
G1 X0.14 Y1.40 E815.5807
G1 X0.14 Y-1.40 E815.6603
G1 X2.36 Y-2.68 E815.7332
G1 X2.36 Y-5.47 E815.8125
G1 X0.14 Y-6.75 E815.8854
G1 X0.14 Y-8.69 E815.9406
G1 X-0.14 Y-8.69 E815.9485
G1 X-0.14 Y-6.75 E816.0037
G1 X-2.36 Y-5.47 E816.0765
G1 X-2.36 Y-2.68 E816.1559
G1 X-0.14 Y-1.40 E816.2288
G1 X-0.14 Y1.40 E816.3083
G1 X-2.36 Y2.68 E816.3812
G1 X-2.36 Y5.47 E816.4606
G1 X-0.14 Y6.75 E816.5334
G1 X-0.14 Y8.69 E816.5886
G1 X-4.86 Y8.69 E816.7229
G1 X-4.86 Y6.75 E816.7781
G1 X-2.64 Y5.47 E816.8510
G1 X-2.64 Y2.68 E816.9302
G1 X-4.86 Y1.40 E817.0031
G1 X-4.86 Y-1.40 E817.0828
G1 X-2.64 Y-2.68 E817.1556
G1 X-2.64 Y-5.47 E817.2349
G1 X-4.86 Y-6.75 E817.3078
G1 X-4.86 Y-8.69 E817.3630
G1 X-5.14 Y-8.69 E817.3709
G1 X-5.14 Y-6.75 E817.4261
G1 X-7.36 Y-5.47 E817.4990
G1 X-7.36 Y-2.68 E817.5783
G1 X-5.14 Y-1.40 E817.6512
G1 X-5.14 Y1.40 E817.7308
G1 X-7.36 Y2.68 E817.8037
G1 X-7.36 Y5.47 E817.8830
G1 X-5.14 Y6.75 E817.9559
G1 X-5.14 Y8.69 E818.0110
G1 X-8.69 Y8.69 E818.1120
G1 X-8.69 Y6.08 E818.1863
G1 X-7.64 Y5.47 E818.2208
G1 X-7.64 Y2.68 E818.3001
G1 X-8.69 Y2.07 E818.3347
G1 X-8.69 Y-2.07 E818.4525
G1 X-7.64 Y-2.68 E818.4870
G1 X-7.64 Y-5.47 E818.5663
G1 X-8.69 Y-6.08 E818.6009
;layer:0.18
G1 E818.3009 F1800
G1 X9.03 Y-9.03 F4800
G1 Z8.710 F420
G1 E818.6009 F1800
;structure:shell-inner
G1 X9.03 Y-9.03 F4800
G1 X9.03 Y0.97 E818.8853 F1680
G1 X9.03 Y9.03 E819.1144 F1764
G1 X7.09 Y9.03 E819.1696
G1 X-2.91 Y9.03 E819.4540 F1848
G1 X-9.03 Y9.03 E819.6281 F1932
G1 X-9.03 Y5.15 E819.7384
G1 X-9.03 Y-4.85 E820.0228 F2016
G1 X-9.03 Y-9.03 E820.1416 F2100
G1 X9.03 Y-9.03 E820.6552
G1 E820.3552 F1800
G1 X9.43 Y-9.43 F4800
G1 E820.6552 F1800
G1 X9.43 Y-9.43 F4800
G1 X9.43 Y9.43 E821.1915 F2100
G1 X-9.43 Y9.43 E821.7278
G1 X-9.43 Y-9.43 E822.2641
G1 X9.43 Y-9.43 E822.8004
G1 E822.5004 F1800
G1 X9.83 Y-9.83 F4800
G1 E822.8004 F1800
;structure:shell-outer
G1 X9.83 Y-9.83 F4800
M204 S500
G1 X9.83 Y9.83 E823.3595 F1500
G1 X-9.83 Y9.83 E823.9186
G1 X-9.83 Y-9.83 E824.4776
G1 X9.83 Y-9.83 E825.0367
G1 E824.7367 F1800
M204 S1000
G1 X8.69 Y-6.08 F4800
G1 E825.0367 F1800
;structure:infill-sparse
G1 X8.69 Y-6.08 F4800
G1 X7.64 Y-5.47 E825.0712 F3000
G1 X7.64 Y-2.68 E825.1506
G1 X8.69 Y-2.07 E825.1851
G1 X8.69 Y2.07 E825.3029
G1 X7.64 Y2.68 E825.3375
G1 X7.64 Y5.47 E825.4167
G1 X8.69 Y6.08 E825.4513
G1 X8.69 Y8.69 E825.5256
G1 X5.14 Y8.69 E825.6265
G1 X5.14 Y6.75 E825.6817
G1 X7.36 Y5.47 E825.7546
G1 X7.36 Y2.68 E825.8339
G1 X5.14 Y1.40 E825.9067
G1 X5.14 Y-1.40 E825.9864
G1 X7.36 Y-2.68 E826.0593
G1 X7.36 Y-5.47 E826.1385
G1 X5.14 Y-6.75 E826.2114
G1 X5.14 Y-8.69 E826.2666
G1 X4.86 Y-8.69 E826.2745
G1 X4.86 Y-6.75 E826.3298
G1 X2.64 Y-5.47 E826.4026
G1 X2.64 Y-2.68 E826.4819
G1 X4.86 Y-1.40 E826.5548
G1 X4.86 Y1.40 E826.6345
G1 X2.64 Y2.68 E826.7073
G1 X2.64 Y5.47 E826.7866
G1 X4.86 Y6.75 E826.8595
G1 X4.86 Y8.69 E826.9147
G1 X0.14 Y8.69 E827.0490
G1 X0.14 Y6.75 E827.1041
G1 X2.36 Y5.47 E827.1770
G1 X2.36 Y2.68 E827.2563
G1 X0.14 Y1.40 E827.3292
G1 X0.14 Y-1.40 E827.4088
G1 X2.36 Y-2.68 E827.4817
G1 X2.36 Y-5.47 E827.5610
G1 X0.14 Y-6.75 E827.6339
G1 X0.14 Y-8.69 E827.6891
G1 X-0.14 Y-8.69 E827.6970
G1 X-0.14 Y-6.75 E827.7522
G1 X-2.36 Y-5.47 E827.8251
G1 X-2.36 Y-2.68 E827.9044
G1 X-0.14 Y-1.40 E827.9772
G1 X-0.14 Y1.40 E828.0569
G1 X-2.36 Y2.68 E828.1298
G1 X-2.36 Y5.47 E828.2090
G1 X-0.14 Y6.75 E828.2819
G1 X-0.14 Y8.69 E828.3371
G1 X-4.86 Y8.69 E828.4714
G1 X-4.86 Y6.75 E828.5266
G1 X-2.64 Y5.47 E828.5994
G1 X-2.64 Y2.68 E828.6788
G1 X-4.86 Y1.40 E828.7516
G1 X-4.86 Y-1.40 E828.8312
G1 X-2.64 Y-2.68 E828.9041
G1 X-2.64 Y-5.47 E828.9835
G1 X-4.86 Y-6.75 E829.0563
G1 X-4.86 Y-8.69 E829.1115
G1 X-5.14 Y-8.69 E829.1194
G1 X-5.14 Y-6.75 E829.1746
G1 X-7.36 Y-5.47 E829.2475
G1 X-7.36 Y-2.68 E829.3268
G1 X-5.14 Y-1.40 E829.3997
G1 X-5.14 Y1.40 E829.4793
G1 X-7.36 Y2.68 E829.5522
G1 X-7.36 Y5.47 E829.6315
G1 X-5.14 Y6.75 E829.7043
G1 X-5.14 Y8.69 E829.7596
G1 X-8.69 Y8.69 E829.8605
G1 X-8.69 Y6.08 E829.9348
G1 X-7.64 Y5.47 E829.9693
G1 X-7.64 Y2.68 E830.0486
G1 X-8.69 Y2.07 E830.0832
G1 X-8.69 Y-2.07 E830.2009
G1 X-7.64 Y-2.68 E830.2355
G1 X-7.64 Y-5.47 E830.3148
G1 X-8.69 Y-6.08 E830.3494
;layer:0.18
G1 E830.0494 F1800
G1 X9.03 Y-9.03 F4800
G1 Z8.890 F420
G1 E830.3494 F1800
;structure:shell-inner
G1 X9.03 Y-9.03 F4800
G1 X9.03 Y0.97 E830.6337 F1680
G1 X9.03 Y9.03 E830.8629 F1764
G1 X7.09 Y9.03 E830.9182
G1 X-2.91 Y9.03 E831.2025 F1848
G1 X-9.03 Y9.03 E831.3766 F1932
G1 X-9.03 Y5.15 E831.4869
G1 X-9.03 Y-4.85 E831.7712 F2016
G1 X-9.03 Y-9.03 E831.8901 F2100
G1 X9.03 Y-9.03 E832.4037
G1 E832.1037 F1800
G1 X9.43 Y-9.43 F4800
G1 E832.4037 F1800
G1 X9.43 Y-9.43 F4800
G1 X9.43 Y9.43 E832.9400 F2100
G1 X-9.43 Y9.43 E833.4763
G1 X-9.43 Y-9.43 E834.0126
G1 X9.43 Y-9.43 E834.5490
G1 E834.2490 F1800
G1 X9.83 Y-9.83 F4800
G1 E834.5490 F1800
;structure:shell-outer
G1 X9.83 Y-9.83 F4800
M204 S500
G1 X9.83 Y9.83 E835.1080 F1500
G1 X-9.83 Y9.83 E835.6671
G1 X-9.83 Y-9.83 E836.2261
G1 X9.83 Y-9.83 E836.7852
G1 E836.4852 F1800
M204 S1000
G1 X8.69 Y-6.08 F4800
G1 E836.7852 F1800
;structure:infill-sparse
G1 X8.69 Y-6.08 F4800
G1 X7.64 Y-5.47 E836.8198 F3000
G1 X7.64 Y-2.68 E836.8990
G1 X8.69 Y-2.07 E836.9337
G1 X8.69 Y2.07 E837.0514
G1 X7.64 Y2.68 E837.0859
G1 X7.64 Y5.47 E837.1652
G1 X8.69 Y6.08 E837.1998
G1 X8.69 Y8.69 E837.2740
G1 X5.14 Y8.69 E837.3750
G1 X5.14 Y6.75 E837.4302
G1 X7.36 Y5.47 E837.5031
G1 X7.36 Y2.68 E837.5824
G1 X5.14 Y1.40 E837.6553
G1 X5.14 Y-1.40 E837.7349
G1 X7.36 Y-2.68 E837.8077
G1 X7.36 Y-5.47 E837.8871
G1 X5.14 Y-6.75 E837.9600
G1 X5.14 Y-8.69 E838.0151
G1 X4.86 Y-8.69 E838.0231
G1 X4.86 Y-6.75 E838.0782
G1 X2.64 Y-5.47 E838.1511
G1 X2.64 Y-2.68 E838.2304
G1 X4.86 Y-1.40 E838.3033
G1 X4.86 Y1.40 E838.3829
G1 X2.64 Y2.68 E838.4558
G1 X2.64 Y5.47 E838.5351
G1 X4.86 Y6.75 E838.6080
G1 X4.86 Y8.69 E838.6632
G1 X0.14 Y8.69 E838.7974
G1 X0.14 Y6.75 E838.8526
G1 X2.36 Y5.47 E838.9255
G1 X2.36 Y2.68 E839.0048
G1 X0.14 Y1.40 E839.0777
G1 X0.14 Y-1.40 E839.1573
G1 X2.36 Y-2.68 E839.2302
G1 X2.36 Y-5.47 E839.3095
G1 X0.14 Y-6.75 E839.3824
G1 X0.14 Y-8.69 E839.4376
G1 X-0.14 Y-8.69 E839.4455
G1 X-0.14 Y-6.75 E839.5007
G1 X-2.36 Y-5.47 E839.5735
G1 X-2.36 Y-2.68 E839.6529
G1 X-0.14 Y-1.40 E839.7258
G1 X-0.14 Y1.40 E839.8054
G1 X-2.36 Y2.68 E839.8782
G1 X-2.36 Y5.47 E839.9576
G1 X-0.14 Y6.75 E840.0305
G1 X-0.14 Y8.69 E840.0856
G1 X-4.86 Y8.69 E840.2198
G1 X-4.86 Y6.75 E840.2751
G1 X-2.64 Y5.47 E840.3480
G1 X-2.64 Y2.68 E840.4272
G1 X-4.86 Y1.40 E840.5001
G1 X-4.86 Y-1.40 E840.5798
G1 X-2.64 Y-2.68 E840.6526
G1 X-2.64 Y-5.47 E840.7319
G1 X-4.86 Y-6.75 E840.8048
G1 X-4.86 Y-8.69 E840.8600
G1 X-5.14 Y-8.69 E840.8679
G1 X-5.14 Y-6.75 E840.9231
G1 X-7.36 Y-5.47 E840.9960
G1 X-7.36 Y-2.68 E841.0753
G1 X-5.14 Y-1.40 E841.1482
G1 X-5.14 Y1.40 E841.2278
G1 X-7.36 Y2.68 E841.3007
G1 X-7.36 Y5.47 E841.3800
G1 X-5.14 Y6.75 E841.4529
G1 X-5.14 Y8.69 E841.5081
G1 X-8.69 Y8.69 E841.6090
G1 X-8.69 Y6.08 E841.6832
G1 X-7.64 Y5.47 E841.7178
G1 X-7.64 Y2.68 E841.7971
G1 X-8.69 Y2.07 E841.8317
G1 X-8.69 Y-2.07 E841.9495
G1 X-7.64 Y-2.68 E841.9840
G1 X-7.64 Y-5.47 E842.0633
G1 X-8.69 Y-6.08 E842.0979
;layer:0.18
G1 E841.7979 F1800
G1 X9.03 Y-9.03 F4800
G1 Z9.070 F420
G1 E842.0979 F1800
;structure:shell-inner
G1 X9.03 Y-9.03 F4800
G1 X9.03 Y0.97 E842.3823 F1680
G1 X9.03 Y9.03 E842.6115 F1764
G1 X7.09 Y9.03 E842.6666
G1 X-2.91 Y9.03 E842.9510 F1848
G1 X-9.03 Y9.03 E843.1251 F1932
G1 X-9.03 Y5.15 E843.2354
G1 X-9.03 Y-4.85 E843.5198 F2016
G1 X-9.03 Y-9.03 E843.6386 F2100
G1 X9.03 Y-9.03 E844.1522
G1 E843.8522 F1800
G1 X9.43 Y-9.43 F4800
G1 E844.1522 F1800
G1 X9.43 Y-9.43 F4800
G1 X9.43 Y9.43 E844.6885 F2100
G1 X-9.43 Y9.43 E845.2248
G1 X-9.43 Y-9.43 E845.7611
G1 X9.43 Y-9.43 E846.2974
G1 E845.9974 F1800
G1 X9.83 Y-9.83 F4800
G1 E846.2974 F1800
;structure:shell-outer
G1 X9.83 Y-9.83 F4800
M204 S500
G1 X9.83 Y9.83 E846.8565 F1500
G1 X-9.83 Y9.83 E847.4156
G1 X-9.83 Y-9.83 E847.9746
G1 X9.83 Y-9.83 E848.5337
G1 E848.2337 F1800
M204 S1000
G1 X8.69 Y-6.08 F4800
G1 E848.5337 F1800
;structure:infill-sparse
G1 X8.69 Y-6.08 F4800
G1 X7.64 Y-5.47 E848.5682 F3000
G1 X7.64 Y-2.68 E848.6476
G1 X8.69 Y-2.07 E848.6821
G1 X8.69 Y2.07 E848.7999
G1 X7.64 Y2.68 E848.8344
G1 X7.64 Y5.47 E848.9138
G1 X8.69 Y6.08 E848.9483
G1 X8.69 Y8.69 E849.0226
G1 X5.14 Y8.69 E849.1235
G1 X5.14 Y6.75 E849.1787
G1 X7.36 Y5.47 E849.2516
G1 X7.36 Y2.68 E849.3309
G1 X5.14 Y1.40 E849.4037
G1 X5.14 Y-1.40 E849.4834
G1 X7.36 Y-2.68 E849.5563
G1 X7.36 Y-5.47 E849.6356
G1 X5.14 Y-6.75 E849.7084
G1 X5.14 Y-8.69 E849.7636
G1 X4.86 Y-8.69 E849.7715
G1 X4.86 Y-6.75 E849.8267
G1 X2.64 Y-5.47 E849.8996
G1 X2.64 Y-2.68 E849.9789
G1 X4.86 Y-1.40 E850.0518
G1 X4.86 Y1.40 E850.1314
G1 X2.64 Y2.68 E850.2043
G1 X2.64 Y5.47 E850.2836
G1 X4.86 Y6.75 E850.3565
G1 X4.86 Y8.69 E850.4117
G1 X0.14 Y8.69 E850.5460
G1 X0.14 Y6.75 E850.6011
G1 X2.36 Y5.47 E850.6740
G1 X2.36 Y2.68 E850.7533
G1 X0.14 Y1.40 E850.8262
G1 X0.14 Y-1.40 E850.9058
G1 X2.36 Y-2.68 E850.9787
G1 X2.36 Y-5.47 E851.0580
G1 X0.14 Y-6.75 E851.1309
G1 X0.14 Y-8.69 E851.1860
G1 X-0.14 Y-8.69 E851.1940
G1 X-0.14 Y-6.75 E851.2492
G1 X-2.36 Y-5.47 E851.3221
G1 X-2.36 Y-2.68 E851.4014
G1 X-0.14 Y-1.40 E851.4742
G1 X-0.14 Y1.40 E851.5539
G1 X-2.36 Y2.68 E851.6268
G1 X-2.36 Y5.47 E851.7061
G1 X-0.14 Y6.75 E851.7789
G1 X-0.14 Y8.69 E851.8341
G1 X-4.86 Y8.69 E851.9684
G1 X-4.86 Y6.75 E852.0236
G1 X-2.64 Y5.47 E852.0964
G1 X-2.64 Y2.68 E852.1757
G1 X-4.86 Y1.40 E852.2486
G1 X-4.86 Y-1.40 E852.3282
G1 X-2.64 Y-2.68 E852.4011
G1 X-2.64 Y-5.47 E852.4804
G1 X-4.86 Y-6.75 E852.5533
G1 X-4.86 Y-8.69 E852.6085
G1 X-5.14 Y-8.69 E852.6165
G1 X-5.14 Y-6.75 E852.6716
G1 X-7.36 Y-5.47 E852.7445
G1 X-7.36 Y-2.68 E852.8238
G1 X-5.14 Y-1.40 E852.8967
G1 X-5.14 Y1.40 E852.9763
G1 X-7.36 Y2.68 E853.0492
G1 X-7.36 Y5.47 E853.1285
G1 X-5.14 Y6.75 E853.2014
G1 X-5.14 Y8.69 E853.2566
G1 X-8.69 Y8.69 E853.3575
G1 X-8.69 Y6.08 E853.4318
G1 X-7.64 Y5.47 E853.4663
G1 X-7.64 Y2.68 E853.5457
G1 X-8.69 Y2.07 E853.5802
G1 X-8.69 Y-2.07 E853.6979
G1 X-7.64 Y-2.68 E853.7325
G1 X-7.64 Y-5.47 E853.8118
G1 X-8.69 Y-6.08 E853.8464
;layer:0.18
G1 E853.5464 F1800
G1 X9.03 Y-9.03 F4800
G1 Z9.250 F420
G1 E853.8464 F1800
;structure:shell-inner
G1 X9.03 Y-9.03 F4800
G1 X9.03 Y0.97 E854.1307 F1680
G1 X9.03 Y9.03 E854.3599 F1764
G1 X7.09 Y9.03 E854.4151
G1 X-2.91 Y9.03 E854.6995 F1848
G1 X-9.03 Y9.03 E854.8735 F1932
G1 X-9.03 Y5.15 E854.9839
G1 X-9.03 Y-4.85 E855.2682 F2016
G1 X-9.03 Y-9.03 E855.3871 F2100
G1 X9.03 Y-9.03 E855.9007
G1 E855.6007 F1800
G1 X9.43 Y-9.43 F4800
G1 E855.9007 F1800
G1 X9.43 Y-9.43 F4800
G1 X9.43 Y9.43 E856.4370 F2100
G1 X-9.43 Y9.43 E856.9733
G1 X-9.43 Y-9.43 E857.5096
G1 X9.43 Y-9.43 E858.0460
G1 E857.7459 F1800
G1 X9.83 Y-9.83 F4800
G1 E858.0460 F1800
;structure:shell-outer
G1 X9.83 Y-9.83 F4800
M204 S500
G1 X9.83 Y9.83 E858.6050 F1500
G1 X-9.83 Y9.83 E859.1641
G1 X-9.83 Y-9.83 E859.7231
G1 X9.83 Y-9.83 E860.2822
G1 E859.9822 F1800
M204 S1000
G1 X8.69 Y-6.08 F4800
G1 E860.2822 F1800
;structure:infill-sparse
G1 X8.69 Y-6.08 F4800
G1 X7.64 Y-5.47 E860.3168 F3000
G1 X7.64 Y-2.68 E860.3961
G1 X8.69 Y-2.07 E860.4306
G1 X8.69 Y2.07 E860.5484
G1 X7.64 Y2.68 E860.5829
G1 X7.64 Y5.47 E860.6622
G1 X8.69 Y6.08 E860.6968
G1 X8.69 Y8.69 E860.7711
G1 X5.14 Y8.69 E860.8720
G1 X5.14 Y6.75 E860.9272
G1 X7.36 Y5.47 E861.0001
G1 X7.36 Y2.68 E861.0793
G1 X5.14 Y1.40 E861.1522
G1 X5.14 Y-1.40 E861.2319
G1 X7.36 Y-2.68 E861.3047
G1 X7.36 Y-5.47 E861.3840
G1 X5.14 Y-6.75 E861.4569
G1 X5.14 Y-8.69 E861.5121
G1 X4.86 Y-8.69 E861.5201
G1 X4.86 Y-6.75 E861.5753
G1 X2.64 Y-5.47 E861.6481
G1 X2.64 Y-2.68 E861.7274
G1 X4.86 Y-1.40 E861.8003
G1 X4.86 Y1.40 E861.8799
G1 X2.64 Y2.68 E861.9528
G1 X2.64 Y5.47 E862.0321
G1 X4.86 Y6.75 E862.1050
G1 X4.86 Y8.69 E862.1602
G1 X0.14 Y8.69 E862.2944
G1 X0.14 Y6.75 E862.3496
G1 X2.36 Y5.47 E862.4225
G1 X2.36 Y2.68 E862.5018
G1 X0.14 Y1.40 E862.5747
G1 X0.14 Y-1.40 E862.6543
G1 X2.36 Y-2.68 E862.7272
G1 X2.36 Y-5.47 E862.8065
G1 X0.14 Y-6.75 E862.8794
G1 X0.14 Y-8.69 E862.9346
G1 X-0.14 Y-8.69 E862.9425
G1 X-0.14 Y-6.75 E862.9977
G1 X-2.36 Y-5.47 E863.0706
G1 X-2.36 Y-2.68 E863.1499
G1 X-0.14 Y-1.40 E863.2228
G1 X-0.14 Y1.40 E863.3024
G1 X-2.36 Y2.68 E863.3752
G1 X-2.36 Y5.47 E863.4546
G1 X-0.14 Y6.75 E863.5275
G1 X-0.14 Y8.69 E863.5826
G1 X-4.86 Y8.69 E863.7169
G1 X-4.86 Y6.75 E863.7720
G1 X-2.64 Y5.47 E863.8449
G1 X-2.64 Y2.68 E863.9243
G1 X-4.86 Y1.40 E863.9971
G1 X-4.86 Y-1.40 E864.0767
G1 X-2.64 Y-2.68 E864.1496
G1 X-2.64 Y-5.47 E864.2289
G1 X-4.86 Y-6.75 E864.3018
G1 X-4.86 Y-8.69 E864.3570
G1 X-5.14 Y-8.69 E864.3649
G1 X-5.14 Y-6.75 E864.4201
G1 X-7.36 Y-5.47 E864.4930
G1 X-7.36 Y-2.68 E864.5723
G1 X-5.14 Y-1.40 E864.6452
G1 X-5.14 Y1.40 E864.7248
G1 X-7.36 Y2.68 E864.7977
G1 X-7.36 Y5.47 E864.8770
G1 X-5.14 Y6.75 E864.9499
G1 X-5.14 Y8.69 E865.0051
G1 X-8.69 Y8.69 E865.1060
G1 X-8.69 Y6.08 E865.1802
G1 X-7.64 Y5.47 E865.2148
G1 X-7.64 Y2.68 E865.2941
G1 X-8.69 Y2.07 E865.3287
G1 X-8.69 Y-2.07 E865.4464
G1 X-7.64 Y-2.68 E865.4810
G1 X-7.64 Y-5.47 E865.5603
G1 X-8.69 Y-6.08 E865.5948
;layer:0.18
G1 E865.2949 F1800
G1 X9.03 Y-9.03 F4800
G1 Z9.430 F420
G1 E865.5948 F1800
;structure:shell-inner
G1 X9.03 Y-9.03 F4800
G1 X9.03 Y0.97 E865.8793 F1680
G1 X9.03 Y9.03 E866.1085 F1764
G1 X7.09 Y9.03 E866.1636
G1 X-2.91 Y9.03 E866.4480 F1848
G1 X-9.03 Y9.03 E866.6221 F1932
G1 X-9.03 Y5.15 E866.7324
G1 X-9.03 Y-4.85 E867.0167 F2016
G1 X-9.03 Y-9.03 E867.1356 F2100
G1 X9.03 Y-9.03 E867.6492
G1 E867.3492 F1800
G1 X9.43 Y-9.43 F4800
G1 E867.6492 F1800
G1 X9.43 Y-9.43 F4800
G1 X9.43 Y9.43 E868.1855 F2100
G1 X-9.43 Y9.43 E868.7218
G1 X-9.43 Y-9.43 E869.2581
G1 X9.43 Y-9.43 E869.7944
G1 E869.4944 F1800
G1 X9.83 Y-9.83 F4800
G1 E869.7944 F1800
;structure:shell-outer
G1 X9.83 Y-9.83 F4800
M204 S500
G1 X9.83 Y9.83 E870.3535 F1500
G1 X-9.83 Y9.83 E870.9125
G1 X-9.83 Y-9.83 E871.4716
G1 X9.83 Y-9.83 E872.0307
G1 E871.7307 F1800
M204 S1000
G1 X8.69 Y-6.08 F4800
G1 E872.0307 F1800
;structure:infill-sparse
G1 X8.69 Y-6.08 F4800
G1 X7.64 Y-5.47 E872.0652 F3000
G1 X7.64 Y-2.68 E872.1446
G1 X8.69 Y-2.07 E872.1791
G1 X8.69 Y2.07 E872.2969
G1 X7.64 Y2.68 E872.3314
G1 X7.64 Y5.47 E872.4108
G1 X8.69 Y6.08 E872.4453
G1 X8.69 Y8.69 E872.5196
G1 X5.14 Y8.69 E872.6205
G1 X5.14 Y6.75 E872.6757
G1 X7.36 Y5.47 E872.7485
G1 X7.36 Y2.68 E872.8279
G1 X5.14 Y1.40 E872.9008
G1 X5.14 Y-1.40 E872.9803
G1 X7.36 Y-2.68 E873.0532
G1 X7.36 Y-5.47 E873.1326
G1 X5.14 Y-6.75 E873.2054
G1 X5.14 Y-8.69 E873.2606
G1 X4.86 Y-8.69 E873.2686
G1 X4.86 Y-6.75 E873.3237
G1 X2.64 Y-5.47 E873.3966
G1 X2.64 Y-2.68 E873.4760
G1 X4.86 Y-1.40 E873.5488
G1 X4.86 Y1.40 E873.6284
G1 X2.64 Y2.68 E873.7013
G1 X2.64 Y5.47 E873.7806
G1 X4.86 Y6.75 E873.8535
G1 X4.86 Y8.69 E873.9087
G1 X0.14 Y8.69 E874.0429
G1 X0.14 Y6.75 E874.0981
G1 X2.36 Y5.47 E874.1710
G1 X2.36 Y2.68 E874.2503
G1 X0.14 Y1.40 E874.3232
G1 X0.14 Y-1.40 E874.4028
G1 X2.36 Y-2.68 E874.4757
G1 X2.36 Y-5.47 E874.5550
G1 X0.14 Y-6.75 E874.6279
G1 X0.14 Y-8.69 E874.6830
G1 X-0.14 Y-8.69 E874.6910
G1 X-0.14 Y-6.75 E874.7462
G1 X-2.36 Y-5.47 E874.8191
G1 X-2.36 Y-2.68 E874.8984
G1 X-0.14 Y-1.40 E874.9713
G1 X-0.14 Y1.40 E875.0509
G1 X-2.36 Y2.68 E875.1238
G1 X-2.36 Y5.47 E875.2031
G1 X-0.14 Y6.75 E875.2759
G1 X-0.14 Y8.69 E875.3311
G1 X-4.86 Y8.69 E875.4654
G1 X-4.86 Y6.75 E875.5206
G1 X-2.64 Y5.47 E875.5934
G1 X-2.64 Y2.68 E875.6727
G1 X-4.86 Y1.40 E875.7456
G1 X-4.86 Y-1.40 E875.8253
G1 X-2.64 Y-2.68 E875.8981
G1 X-2.64 Y-5.47 E875.9774
G1 X-4.86 Y-6.75 E876.0503
G1 X-4.86 Y-8.69 E876.1055
G1 X-5.14 Y-8.69 E876.1135
G1 X-5.14 Y-6.75 E876.1686
G1 X-7.36 Y-5.47 E876.2415
G1 X-7.36 Y-2.68 E876.3208
G1 X-5.14 Y-1.40 E876.3937
G1 X-5.14 Y1.40 E876.4733
G1 X-7.36 Y2.68 E876.5462
G1 X-7.36 Y5.47 E876.6255
G1 X-5.14 Y6.75 E876.6984
G1 X-5.14 Y8.69 E876.7535
G1 X-8.69 Y8.69 E876.8545
G1 X-8.69 Y6.08 E876.9288
G1 X-7.64 Y5.47 E876.9633
G1 X-7.64 Y2.68 E877.0426
G1 X-8.69 Y2.07 E877.0772
G1 X-8.69 Y-2.07 E877.1949
G1 X-7.64 Y-2.68 E877.2295
G1 X-7.64 Y-5.47 E877.3088
G1 X-8.69 Y-6.08 E877.3434
;layer:0.18
G1 E877.0434 F1800
G1 X9.03 Y-9.03 F4800
G1 Z9.610 F420
G1 E877.3434 F1800
;structure:shell-inner
G1 X9.03 Y-9.03 F4800
G1 X9.03 Y0.97 E877.6277 F1680
G1 X9.03 Y9.03 E877.8569 F1764
G1 X7.09 Y9.03 E877.9121
G1 X-2.91 Y9.03 E878.1965 F1848
G1 X-9.03 Y9.03 E878.3705 F1932
G1 X-9.03 Y5.15 E878.4809
G1 X-9.03 Y-4.85 E878.7653 F2016
G1 X-9.03 Y-9.03 E878.8842 F2100
G1 X9.03 Y-9.03 E879.3977
G1 E879.0977 F1800
G1 X9.43 Y-9.43 F4800
G1 E879.3977 F1800
G1 X9.43 Y-9.43 F4800
G1 X9.43 Y9.43 E879.9340 F2100
G1 X-9.43 Y9.43 E880.4703
G1 X-9.43 Y-9.43 E881.0067
G1 X9.43 Y-9.43 E881.5429
G1 E881.2429 F1800
G1 X9.83 Y-9.83 F4800
G1 E881.5429 F1800
;structure:shell-outer
G1 X9.83 Y-9.83 F4800
M204 S500
G1 X9.83 Y9.83 E882.1020 F1500
G1 X-9.83 Y9.83 E882.6611
G1 X-9.83 Y-9.83 E883.2202
G1 X9.83 Y-9.83 E883.7792
G1 E883.4792 F1800
M204 S1000
G1 X8.69 Y-6.08 F4800
G1 E883.7792 F1800
;structure:infill-sparse
G1 X8.69 Y-6.08 F4800
G1 X7.64 Y-5.47 E883.8137 F3000
G1 X7.64 Y-2.68 E883.8931
G1 X8.69 Y-2.07 E883.9276
G1 X8.69 Y2.07 E884.0453
G1 X7.64 Y2.68 E884.0800
G1 X7.64 Y5.47 E884.1592
G1 X8.69 Y6.08 E884.1938
G1 X8.69 Y8.69 E884.2681
G1 X5.14 Y8.69 E884.3690
G1 X5.14 Y6.75 E884.4242
G1 X7.36 Y5.47 E884.4971
G1 X7.36 Y2.68 E884.5764
G1 X5.14 Y1.40 E884.6492
G1 X5.14 Y-1.40 E884.7289
G1 X7.36 Y-2.68 E884.8018
G1 X7.36 Y-5.47 E884.8810
G1 X5.14 Y-6.75 E884.9539
G1 X5.14 Y-8.69 E885.0092
G1 X4.86 Y-8.69 E885.0171
G1 X4.86 Y-6.75 E885.0723
G1 X2.64 Y-5.47 E885.1451
G1 X2.64 Y-2.68 E885.2244
G1 X4.86 Y-1.40 E885.2973
G1 X4.86 Y1.40 E885.3770
G1 X2.64 Y2.68 E885.4498
G1 X2.64 Y5.47 E885.5291
G1 X4.86 Y6.75 E885.6020
G1 X4.86 Y8.69 E885.6572
G1 X0.14 Y8.69 E885.7914
G1 X0.14 Y6.75 E885.8466
G1 X2.36 Y5.47 E885.9195
G1 X2.36 Y2.68 E885.9988
G1 X0.14 Y1.40 E886.0717
G1 X0.14 Y-1.40 E886.1513
G1 X2.36 Y-2.68 E886.2242
G1 X2.36 Y-5.47 E886.3035
G1 X0.14 Y-6.75 E886.3764
G1 X0.14 Y-8.69 E886.4316
G1 X-0.14 Y-8.69 E886.4395
G1 X-0.14 Y-6.75 E886.4947
G1 X-2.36 Y-5.47 E886.5676
G1 X-2.36 Y-2.68 E886.6469
G1 X-0.14 Y-1.40 E886.7197
G1 X-0.14 Y1.40 E886.7994
G1 X-2.36 Y2.68 E886.8723
G1 X-2.36 Y5.47 E886.9515
G1 X-0.14 Y6.75 E887.0244
G1 X-0.14 Y8.69 E887.0797
G1 X-4.86 Y8.69 E887.2139
G1 X-4.86 Y6.75 E887.2690
G1 X-2.64 Y5.47 E887.3419
G1 X-2.64 Y2.68 E887.4213
G1 X-4.86 Y1.40 E887.4941
G1 X-4.86 Y-1.40 E887.5737
G1 X-2.64 Y-2.68 E887.6466
G1 X-2.64 Y-5.47 E887.7260
G1 X-4.86 Y-6.75 E887.7988
G1 X-4.86 Y-8.69 E887.8540
G1 X-5.14 Y-8.69 E887.8619
G1 X-5.14 Y-6.75 E887.9171
G1 X-7.36 Y-5.47 E887.9900
G1 X-7.36 Y-2.68 E888.0693
G1 X-5.14 Y-1.40 E888.1422
G1 X-5.14 Y1.40 E888.2218
G1 X-7.36 Y2.68 E888.2947
G1 X-7.36 Y5.47 E888.3740
G1 X-5.14 Y6.75 E888.4469
G1 X-5.14 Y8.69 E888.5021
G1 X-8.69 Y8.69 E888.6030
G1 X-8.69 Y6.08 E888.6772
G1 X-7.64 Y5.47 E888.7118
G1 X-7.64 Y2.68 E888.7911
G1 X-8.69 Y2.07 E888.8257
G1 X-8.69 Y-2.07 E888.9434
G1 X-7.64 Y-2.68 E888.9780
G1 X-7.64 Y-5.47 E889.0573
G1 X-8.69 Y-6.08 E889.0919
;layer:0.18
G1 E888.7919 F1800
G1 X9.03 Y-9.03 F4800
G1 Z9.790 F420
G1 E889.0919 F1800
;structure:shell-inner
G1 X9.03 Y-9.03 F4800
G1 X9.03 Y0.97 E889.3762 F1680
G1 X9.03 Y9.03 E889.6054 F1764
G1 X7.09 Y9.03 E889.6606
G1 X-2.91 Y9.03 E889.9450 F1848
G1 X-9.03 Y9.03 E890.1191 F1932
G1 X-9.03 Y5.15 E890.2294
G1 X-9.03 Y-4.85 E890.5137 F2016
G1 X-9.03 Y-9.03 E890.6326 F2100
G1 X9.03 Y-9.03 E891.1462
G1 E890.8462 F1800
G1 X9.43 Y-9.43 F4800
G1 E891.1462 F1800
G1 X9.43 Y-9.43 F4800
G1 X9.43 Y9.43 E891.6825 F2100
G1 X-9.43 Y9.43 E892.2188
G1 X-9.43 Y-9.43 E892.7551
G1 X9.43 Y-9.43 E893.2914
G1 E892.9915 F1800
G1 X9.83 Y-9.83 F4800
G1 E893.2914 F1800
;structure:shell-outer
G1 X9.83 Y-9.83 F4800
M204 S500
G1 X9.83 Y9.83 E893.8505 F1500
G1 X-9.83 Y9.83 E894.4095
G1 X-9.83 Y-9.83 E894.9686
G1 X9.83 Y-9.83 E895.5277
G1 E895.2277 F1800
M204 S1000
G1 X8.69 Y-6.08 F4800
G1 E895.5277 F1800
;structure:infill-sparse
G1 X8.69 Y-6.08 F4800
G1 X7.64 Y-5.47 E895.5623 F3000
G1 X7.64 Y-2.68 E895.6415
G1 X8.69 Y-2.07 E895.6761
G1 X8.69 Y2.07 E895.7939
G1 X7.64 Y2.68 E895.8284
G1 X7.64 Y5.47 E895.9078
G1 X8.69 Y6.08 E895.9423
G1 X8.69 Y8.69 E896.0165
G1 X5.14 Y8.69 E896.1175
G1 X5.14 Y6.75 E896.1727
G1 X7.36 Y5.47 E896.2455
G1 X7.36 Y2.68 E896.3249
G1 X5.14 Y1.40 E896.3978
G1 X5.14 Y-1.40 E896.4774
G1 X7.36 Y-2.68 E896.5502
G1 X7.36 Y-5.47 E896.6296
G1 X5.14 Y-6.75 E896.7025
G1 X5.14 Y-8.69 E896.7576
G1 X4.86 Y-8.69 E896.7656
G1 X4.86 Y-6.75 E896.8207
G1 X2.64 Y-5.47 E896.8936
G1 X2.64 Y-2.68 E896.9730
G1 X4.86 Y-1.40 E897.0458
G1 X4.86 Y1.40 E897.1254
G1 X2.64 Y2.68 E897.1983
G1 X2.64 Y5.47 E897.2776
G1 X4.86 Y6.75 E897.3505
G1 X4.86 Y8.69 E897.4057
G1 X0.14 Y8.69 E897.5399
G1 X0.14 Y6.75 E897.5952
G1 X2.36 Y5.47 E897.6680
G1 X2.36 Y2.68 E897.7473
G1 X0.14 Y1.40 E897.8202
G1 X0.14 Y-1.40 E897.8998
G1 X2.36 Y-2.68 E897.9727
G1 X2.36 Y-5.47 E898.0520
G1 X0.14 Y-6.75 E898.1249
G1 X0.14 Y-8.69 E898.1801
G1 X-0.14 Y-8.69 E898.1880
G1 X-0.14 Y-6.75 E898.2432
G1 X-2.36 Y-5.47 E898.3160
G1 X-2.36 Y-2.68 E898.3954
G1 X-0.14 Y-1.40 E898.4683
G1 X-0.14 Y1.40 E898.5479
G1 X-2.36 Y2.68 E898.6207
G1 X-2.36 Y5.47 E898.7001
G1 X-0.14 Y6.75 E898.7729
G1 X-0.14 Y8.69 E898.8281
G1 X-4.86 Y8.69 E898.9624
G1 X-4.86 Y6.75 E899.0176
G1 X-2.64 Y5.47 E899.0905
G1 X-2.64 Y2.68 E899.1697
G1 X-4.86 Y1.40 E899.2426
G1 X-4.86 Y-1.40 E899.3223
G1 X-2.64 Y-2.68 E899.3951
G1 X-2.64 Y-5.47 E899.4744
G1 X-4.86 Y-6.75 E899.5473
G1 X-4.86 Y-8.69 E899.6025
G1 X-5.14 Y-8.69 E899.6104
G1 X-5.14 Y-6.75 E899.6656
G1 X-7.36 Y-5.47 E899.7385
G1 X-7.36 Y-2.68 E899.8178
G1 X-5.14 Y-1.40 E899.8907
G1 X-5.14 Y1.40 E899.9703
G1 X-7.36 Y2.68 E900.0432
G1 X-7.36 Y5.47 E900.1225
G1 X-5.14 Y6.75 E900.1954
G1 X-5.14 Y8.69 E900.2505
G1 X-8.69 Y8.69 E900.3515
G1 X-8.69 Y6.08 E900.4257
G1 X-7.64 Y5.47 E900.4603
G1 X-7.64 Y2.68 E900.5396
G1 X-8.69 Y2.07 E900.5742
G1 X-8.69 Y-2.07 E900.6920
G1 X-7.64 Y-2.68 E900.7265
G1 X-7.64 Y-5.47 E900.8058
G1 X-8.69 Y-6.08 E900.8404
;layer:0.18
G1 E900.5404 F1800
G1 X9.03 Y-9.03 F4800
G1 Z9.970 F420
G1 E900.8404 F1800
;structure:shell-inner
G1 X9.03 Y-9.03 F4800
G1 X9.03 Y0.97 E901.1248 F1680
G1 X9.03 Y9.03 E901.3539 F1764
G1 X7.09 Y9.03 E901.4091
G1 X-2.91 Y9.03 E901.6935 F1848
G1 X-9.03 Y9.03 E901.8676 F1932
G1 X-9.03 Y5.15 E901.9779
G1 X-9.03 Y-4.85 E902.2623 F2016
G1 X-9.03 Y-9.03 E902.3811 F2100
G1 X9.03 Y-9.03 E902.8947
G1 E902.5947 F1800
G1 X9.43 Y-9.43 F4800
G1 E902.8947 F1800
G1 X9.43 Y-9.43 F4800
G1 X9.43 Y9.43 E903.4310 F2100
G1 X-9.43 Y9.43 E903.9673
G1 X-9.43 Y-9.43 E904.5036
G1 X9.43 Y-9.43 E905.0399
G1 E904.7399 F1800
G1 X9.83 Y-9.83 F4800
G1 E905.0399 F1800
;structure:shell-outer
G1 X9.83 Y-9.83 F4800
M204 S500
G1 X9.83 Y9.83 E905.5990 F1500
G1 X-9.83 Y9.83 E906.1581
G1 X-9.83 Y-9.83 E906.7171
G1 X9.83 Y-9.83 E907.2762
G1 E906.9762 F1800
M204 S1000
G1 X8.69 Y-6.08 F4800
G1 E907.2762 F1800
;structure:infill-sparse
G1 X8.69 Y-6.08 F4800
G1 X7.64 Y-5.47 E907.3107 F3000
G1 X7.64 Y-2.68 E907.3901
G1 X8.69 Y-2.07 E907.4246
G1 X8.69 Y2.07 E907.5424
G1 X7.64 Y2.68 E907.5770
G1 X7.64 Y5.47 E907.6563
G1 X8.69 Y6.08 E907.6908
G1 X8.69 Y8.69 E907.7651
G1 X5.14 Y8.69 E907.8660
G1 X5.14 Y6.75 E907.9212
G1 X7.36 Y5.47 E907.9941
G1 X7.36 Y2.68 E908.0734
G1 X5.14 Y1.40 E908.1462
G1 X5.14 Y-1.40 E908.2259
G1 X7.36 Y-2.68 E908.2988
G1 X7.36 Y-5.47 E908.3781
G1 X5.14 Y-6.75 E908.4509
G1 X5.14 Y-8.69 E908.5061
G1 X4.86 Y-8.69 E908.5140
G1 X4.86 Y-6.75 E908.5693
G1 X2.64 Y-5.47 E908.6422
G1 X2.64 Y-2.68 E908.7214
G1 X4.86 Y-1.40 E908.7943
G1 X4.86 Y1.40 E908.8740
G1 X2.64 Y2.68 E908.9468
G1 X2.64 Y5.47 E909.0261
G1 X4.86 Y6.75 E909.0990
G1 X4.86 Y8.69 E909.1542
G1 X0.14 Y8.69 E909.2885
G1 X0.14 Y6.75 E909.3436
G1 X2.36 Y5.47 E909.4165
G1 X2.36 Y2.68 E909.4958
G1 X0.14 Y1.40 E909.5687
G1 X0.14 Y-1.40 E909.6483
G1 X2.36 Y-2.68 E909.7212
G1 X2.36 Y-5.47 E909.8005
G1 X0.14 Y-6.75 E909.8734
G1 X0.14 Y-8.69 E909.9286
G1 X-0.14 Y-8.69 E909.9365
G1 X-0.14 Y-6.75 E909.9917
G1 X-2.36 Y-5.47 E910.0646
G1 X-2.36 Y-2.68 E910.1439
G1 X-0.14 Y-1.40 E910.2167
G1 X-0.14 Y1.40 E910.2964
G1 X-2.36 Y2.68 E910.3693
G1 X-2.36 Y5.47 E910.4485
G1 X-0.14 Y6.75 E910.5214
G1 X-0.14 Y8.69 E910.5766
G1 X-4.86 Y8.69 E910.7109
G1 X-4.86 Y6.75 E910.7661
G1 X-2.64 Y5.47 E910.8389
G1 X-2.64 Y2.68 E910.9183
G1 X-4.86 Y1.40 E910.9911
G1 X-4.86 Y-1.40 E911.0707
G1 X-2.64 Y-2.68 E911.1436
G1 X-2.64 Y-5.47 E911.2230
G1 X-4.86 Y-6.75 E911.2958
G1 X-4.86 Y-8.69 E911.3510
G1 X-5.14 Y-8.69 E911.3589
G1 X-5.14 Y-6.75 E911.4141
G1 X-7.36 Y-5.47 E911.4870
G1 X-7.36 Y-2.68 E911.5663
G1 X-5.14 Y-1.40 E911.6392
G1 X-5.14 Y1.40 E911.7188
G1 X-7.36 Y2.68 E911.7917
G1 X-7.36 Y5.47 E911.8710
G1 X-5.14 Y6.75 E911.9438
G1 X-5.14 Y8.69 E911.9991
G1 X-8.69 Y8.69 E912.1000
G1 X-8.69 Y6.08 E912.1743
G1 X-7.64 Y5.47 E912.2088
G1 X-7.64 Y2.68 E912.2881
G1 X-8.69 Y2.07 E912.3227
G1 X-8.69 Y-2.07 E912.4404
G1 X-7.64 Y-2.68 E912.4750
G1 X-7.64 Y-5.47 E912.5543
G1 X-8.69 Y-6.08 E912.5889
;layer:0.18
G1 E912.2889 F1800
G1 X9.03 Y-9.03 F4800
G1 Z10.150 F420
G1 E912.5889 F1800
;structure:shell-inner
G1 X9.03 Y-9.03 F4800
G1 X9.03 Y0.97 E912.8732 F1680
G1 X9.03 Y9.03 E913.1024 F1764
G1 X7.09 Y9.03 E913.1577
G1 X-2.91 Y9.03 E913.4420 F1848
G1 X-9.03 Y9.03 E913.6161 F1932
G1 X-9.03 Y5.15 E913.7264
G1 X-9.03 Y-4.85 E914.0107 F2016
G1 X-9.03 Y-9.03 E914.1296 F2100
G1 X9.03 Y-9.03 E914.6432
G1 E914.3432 F1800
G1 X9.43 Y-9.43 F4800
G1 E914.6432 F1800
G1 X9.43 Y-9.43 F4800
G1 X9.43 Y9.43 E915.1795 F2100
G1 X-9.43 Y9.43 E915.7158
G1 X-9.43 Y-9.43 E916.2521
G1 X9.43 Y-9.43 E916.7885
G1 E916.4885 F1800
G1 X9.83 Y-9.83 F4800
G1 E916.7885 F1800
;structure:shell-outer
G1 X9.83 Y-9.83 F4800
M204 S500
G1 X9.83 Y9.83 E917.3475 F1500
G1 X-9.83 Y9.83 E917.9066
G1 X-9.83 Y-9.83 E918.4656
G1 X9.83 Y-9.83 E919.0247
G1 E918.7247 F1800
M204 S1000
G1 X8.69 Y-6.08 F4800
G1 E919.0247 F1800
;structure:infill-sparse
G1 X8.69 Y-6.08 F4800
G1 X7.64 Y-5.47 E919.0593 F3000
G1 X7.64 Y-2.68 E919.1385
G1 X8.69 Y-2.07 E919.1731
G1 X8.69 Y2.07 E919.2909
G1 X7.64 Y2.68 E919.3254
G1 X7.64 Y5.47 E919.4047
G1 X8.69 Y6.08 E919.4393
G1 X8.69 Y8.69 E919.5135
G1 X5.14 Y8.69 E919.6145
G1 X5.14 Y6.75 E919.6697
G1 X7.36 Y5.47 E919.7426
G1 X7.36 Y2.68 E919.8219
G1 X5.14 Y1.40 E919.8948
G1 X5.14 Y-1.40 E919.9744
G1 X7.36 Y-2.68 E920.0472
G1 X7.36 Y-5.47 E920.1266
G1 X5.14 Y-6.75 E920.1995
G1 X5.14 Y-8.69 E920.2546
G1 X4.86 Y-8.69 E920.2626
G1 X4.86 Y-6.75 E920.3177
G1 X2.64 Y-5.47 E920.3906
G1 X2.64 Y-2.68 E920.4699
G1 X4.86 Y-1.40 E920.5428
G1 X4.86 Y1.40 E920.6224
G1 X2.64 Y2.68 E920.6953
G1 X2.64 Y5.47 E920.7746
G1 X4.86 Y6.75 E920.8475
G1 X4.86 Y8.69 E920.9027
G1 X0.14 Y8.69 E921.0369
G1 X0.14 Y6.75 E921.0921
G1 X2.36 Y5.47 E921.1650
G1 X2.36 Y2.68 E921.2443
G1 X0.14 Y1.40 E921.3172
G1 X0.14 Y-1.40 E921.3968
G1 X2.36 Y-2.68 E921.4697
G1 X2.36 Y-5.47 E921.5490
G1 X0.14 Y-6.75 E921.6219
G1 X0.14 Y-8.69 E921.6771
G1 X-0.14 Y-8.69 E921.6850
G1 X-0.14 Y-6.75 E921.7402
G1 X-2.36 Y-5.47 E921.8130
G1 X-2.36 Y-2.68 E921.8924
G1 X-0.14 Y-1.40 E921.9653
G1 X-0.14 Y1.40 E922.0449
G1 X-2.36 Y2.68 E922.1177
G1 X-2.36 Y5.47 E922.1971
G1 X-0.14 Y6.75 E922.2700
G1 X-0.14 Y8.69 E922.3251
G1 X-4.86 Y8.69 E922.4594
G1 X-4.86 Y6.75 E922.5146
G1 X-2.64 Y5.47 E922.5875
G1 X-2.64 Y2.68 E922.6667
G1 X-4.86 Y1.40 E922.7396
G1 X-4.86 Y-1.40 E922.8193
G1 X-2.64 Y-2.68 E922.8922
G1 X-2.64 Y-5.47 E922.9714
G1 X-4.86 Y-6.75 E923.0443
G1 X-4.86 Y-8.69 E923.0995
G1 X-5.14 Y-8.69 E923.1074
G1 X-5.14 Y-6.75 E923.1626
G1 X-7.36 Y-5.47 E923.2355
G1 X-7.36 Y-2.68 E923.3148
G1 X-5.14 Y-1.40 E923.3877
G1 X-5.14 Y1.40 E923.4673
G1 X-7.36 Y2.68 E923.5402
G1 X-7.36 Y5.47 E923.6195
G1 X-5.14 Y6.75 E923.6924
G1 X-5.14 Y8.69 E923.7476
G1 X-8.69 Y8.69 E923.8485
G1 X-8.69 Y6.08 E923.9227
G1 X-7.64 Y5.47 E923.9573
G1 X-7.64 Y2.68 E924.0366
G1 X-8.69 Y2.07 E924.0712
G1 X-8.69 Y-2.07 E924.1890
G1 X-7.64 Y-2.68 E924.2235
G1 X-7.64 Y-5.47 E924.3028
G1 X-8.69 Y-6.08 E924.3374
;layer:0.18
G1 E924.0374 F1800
G1 X9.03 Y-9.03 F4800
G1 Z10.330 F420
G1 E924.3374 F1800
;structure:shell-inner
G1 X9.03 Y-9.03 F4800
G1 X9.03 Y0.97 E924.6218 F1680
G1 X9.03 Y9.03 E924.8510 F1764
G1 X7.09 Y9.03 E924.9061
G1 X-2.91 Y9.03 E925.1905 F1848
G1 X-9.03 Y9.03 E925.3646 F1932
G1 X-9.03 Y5.15 E925.4749
G1 X-9.03 Y-4.85 E925.7593 F2016
G1 X-9.03 Y-9.03 E925.8781 F2100
G1 X9.03 Y-9.03 E926.3917
G1 E926.0917 F1800
G1 X9.43 Y-9.43 F4800
G1 E926.3917 F1800
G1 X9.43 Y-9.43 F4800
G1 X9.43 Y9.43 E926.9280 F2100
G1 X-9.43 Y9.43 E927.4643
G1 X-9.43 Y-9.43 E928.0006
G1 X9.43 Y-9.43 E928.5369
G1 E928.2369 F1800
G1 X9.83 Y-9.83 F4800
G1 E928.5369 F1800
;structure:shell-outer
G1 X9.83 Y-9.83 F4800
M204 S500
G1 X9.83 Y9.83 E929.0960 F1500
G1 X-9.83 Y9.83 E929.6551
G1 X-9.83 Y-9.83 E930.2141
G1 X9.83 Y-9.83 E930.7732
G1 E930.4732 F1800
M204 S1000
G1 X8.69 Y-6.08 F4800
G1 E930.7732 F1800
;structure:infill-sparse
G1 X8.69 Y-6.08 F4800
G1 X7.64 Y-5.47 E930.8077 F3000
G1 X7.64 Y-2.68 E930.8871
G1 X8.69 Y-2.07 E930.9216
G1 X8.69 Y2.07 E931.0394
G1 X7.64 Y2.68 E931.0739
G1 X7.64 Y5.47 E931.1533
G1 X8.69 Y6.08 E931.1878
G1 X8.69 Y8.69 E931.2621
G1 X5.14 Y8.69 E931.3630
G1 X5.14 Y6.75 E931.4182
G1 X7.36 Y5.47 E931.4911
G1 X7.36 Y2.68 E931.5704
G1 X5.14 Y1.40 E931.6432
G1 X5.14 Y-1.40 E931.7229
G1 X7.36 Y-2.68 E931.7958
G1 X7.36 Y-5.47 E931.8751
G1 X5.14 Y-6.75 E931.9479
G1 X5.14 Y-8.69 E932.0031
G1 X4.86 Y-8.69 E932.0110
G1 X4.86 Y-6.75 E932.0662
G1 X2.64 Y-5.47 E932.1391
G1 X2.64 Y-2.68 E932.2184
G1 X4.86 Y-1.40 E932.2913
G1 X4.86 Y1.40 E932.3709
G1 X2.64 Y2.68 E932.4438
G1 X2.64 Y5.47 E932.5231
G1 X4.86 Y6.75 E932.5960
G1 X4.86 Y8.69 E932.6512
G1 X0.14 Y8.69 E932.7855
G1 X0.14 Y6.75 E932.8406
G1 X2.36 Y5.47 E932.9135
G1 X2.36 Y2.68 E932.9928
G1 X0.14 Y1.40 E933.0657
G1 X0.14 Y-1.40 E933.1453
G1 X2.36 Y-2.68 E933.2182
G1 X2.36 Y-5.47 E933.2975
G1 X0.14 Y-6.75 E933.3704
G1 X0.14 Y-8.69 E933.4255
G1 X-0.14 Y-8.69 E933.4335
G1 X-0.14 Y-6.75 E933.4887
G1 X-2.36 Y-5.47 E933.5616
G1 X-2.36 Y-2.68 E933.6409
G1 X-0.14 Y-1.40 E933.7137
G1 X-0.14 Y1.40 E933.7934
G1 X-2.36 Y2.68 E933.8663
G1 X-2.36 Y5.47 E933.9456
G1 X-0.14 Y6.75 E934.0184
G1 X-0.14 Y8.69 E934.0736
G1 X-4.86 Y8.69 E934.2079
G1 X-4.86 Y6.75 E934.2631
G1 X-2.64 Y5.47 E934.3359
G1 X-2.64 Y2.68 E934.4152
G1 X-4.86 Y1.40 E934.4881
G1 X-4.86 Y-1.40 E934.5677
G1 X-2.64 Y-2.68 E934.6406
G1 X-2.64 Y-5.47 E934.7199
G1 X-4.86 Y-6.75 E934.7928
G1 X-4.86 Y-8.69 E934.8480
G1 X-5.14 Y-8.69 E934.8560
G1 X-5.14 Y-6.75 E934.9111
G1 X-7.36 Y-5.47 E934.9840
G1 X-7.36 Y-2.68 E935.0633
G1 X-5.14 Y-1.40 E935.1362
G1 X-5.14 Y1.40 E935.2158
G1 X-7.36 Y2.68 E935.2887
G1 X-7.36 Y5.47 E935.3680
G1 X-5.14 Y6.75 E935.4409
G1 X-5.14 Y8.69 E935.4960
G1 X-8.69 Y8.69 E935.5970
G1 X-8.69 Y6.08 E935.6713
G1 X-7.64 Y5.47 E935.7058
G1 X-7.64 Y2.68 E935.7851
G1 X-8.69 Y2.07 E935.8197
G1 X-8.69 Y-2.07 E935.9374
G1 X-7.64 Y-2.68 E935.9720
G1 X-7.64 Y-5.47 E936.0513
G1 X-8.69 Y-6.08 E936.0859
;layer:0.18
G1 E935.7859 F1800
G1 X9.03 Y-9.03 F4800
G1 Z10.510 F420
G1 E936.0859 F1800
;structure:shell-inner
G1 X9.03 Y-9.03 F4800
G1 X9.03 Y0.97 E936.3702 F1680
G1 X9.03 Y9.03 E936.5994 F1764
G1 X7.09 Y9.03 E936.6546
G1 X-2.91 Y9.03 E936.9390 F1848
G1 X-9.03 Y9.03 E937.1130 F1932
G1 X-9.03 Y5.15 E937.2234
G1 X-9.03 Y-4.85 E937.5078 F2016
G1 X-9.03 Y-9.03 E937.6266 F2100
G1 X9.03 Y-9.03 E938.1402
G1 E937.8402 F1800
G1 X9.43 Y-9.43 F4800
G1 E938.1402 F1800
G1 X9.43 Y-9.43 F4800
G1 X9.43 Y9.43 E938.6765 F2100
G1 X-9.43 Y9.43 E939.2128
G1 X-9.43 Y-9.43 E939.7491
G1 X9.43 Y-9.43 E940.2855
G1 E939.9854 F1800
G1 X9.83 Y-9.83 F4800
G1 E940.2855 F1800
;structure:shell-outer
G1 X9.83 Y-9.83 F4800
M204 S500
G1 X9.83 Y9.83 E940.8445 F1500
G1 X-9.83 Y9.83 E941.4036
G1 X-9.83 Y-9.83 E941.9626
G1 X9.83 Y-9.83 E942.5217
G1 E942.2217 F1800
M204 S1000
G1 X8.69 Y-6.08 F4800
G1 E942.5217 F1800
;structure:infill-sparse
G1 X8.69 Y-6.08 F4800
G1 X7.64 Y-5.47 E942.5563 F3000
G1 X7.64 Y-2.68 E942.6356
G1 X8.69 Y-2.07 E942.6701
G1 X8.69 Y2.07 E942.7879
G1 X7.64 Y2.68 E942.8224
G1 X7.64 Y5.47 E942.9017
G1 X8.69 Y6.08 E942.9363
G1 X8.69 Y8.69 E943.0106
G1 X5.14 Y8.69 E943.1115
G1 X5.14 Y6.75 E943.1667
G1 X7.36 Y5.47 E943.2396
G1 X7.36 Y2.68 E943.3188
G1 X5.14 Y1.40 E943.3917
G1 X5.14 Y-1.40 E943.4714
G1 X7.36 Y-2.68 E943.5443
G1 X7.36 Y-5.47 E943.6235
G1 X5.14 Y-6.75 E943.6964
G1 X5.14 Y-8.69 E943.7516
G1 X4.86 Y-8.69 E943.7596
G1 X4.86 Y-6.75 E943.8148
G1 X2.64 Y-5.47 E943.8876
G1 X2.64 Y-2.68 E943.9669
G1 X4.86 Y-1.40 E944.0398
G1 X4.86 Y1.40 E944.1194
G1 X2.64 Y2.68 E944.1923
G1 X2.64 Y5.47 E944.2716
G1 X4.86 Y6.75 E944.3445
G1 X4.86 Y8.69 E944.3997
G1 X0.14 Y8.69 E944.5339
G1 X0.14 Y6.75 E944.5891
G1 X2.36 Y5.47 E944.6620
G1 X2.36 Y2.68 E944.7413
G1 X0.14 Y1.40 E944.8142
G1 X0.14 Y-1.40 E944.8938
G1 X2.36 Y-2.68 E944.9667
G1 X2.36 Y-5.47 E945.0460
G1 X0.14 Y-6.75 E945.1189
G1 X0.14 Y-8.69 E945.1741
G1 X-0.14 Y-8.69 E945.1820
G1 X-0.14 Y-6.75 E945.2372
G1 X-2.36 Y-5.47 E945.3101
G1 X-2.36 Y-2.68 E945.3894
G1 X-0.14 Y-1.40 E945.4623
G1 X-0.14 Y1.40 E945.5419
G1 X-2.36 Y2.68 E945.6147
G1 X-2.36 Y5.47 E945.6941
G1 X-0.14 Y6.75 E945.7670
G1 X-0.14 Y8.69 E945.8221
G1 X-4.86 Y8.69 E945.9564
G1 X-4.86 Y6.75 E946.0115
G1 X-2.64 Y5.47 E946.0844
G1 X-2.64 Y2.68 E946.1638
G1 X-4.86 Y1.40 E946.2366
G1 X-4.86 Y-1.40 E946.3162
G1 X-2.64 Y-2.68 E946.3891
G1 X-2.64 Y-5.47 E946.4684
G1 X-4.86 Y-6.75 E946.5413
G1 X-4.86 Y-8.69 E946.5965
G1 X-5.14 Y-8.69 E946.6044
G1 X-5.14 Y-6.75 E946.6596
G1 X-7.36 Y-5.47 E946.7325
G1 X-7.36 Y-2.68 E946.8118
G1 X-5.14 Y-1.40 E946.8847
G1 X-5.14 Y1.40 E946.9643
G1 X-7.36 Y2.68 E947.0372
G1 X-7.36 Y5.47 E947.1165
G1 X-5.14 Y6.75 E947.1894
G1 X-5.14 Y8.69 E947.2446
G1 X-8.69 Y8.69 E947.3455
G1 X-8.69 Y6.08 E947.4197
G1 X-7.64 Y5.47 E947.4543
G1 X-7.64 Y2.68 E947.5336
G1 X-8.69 Y2.07 E947.5682
G1 X-8.69 Y-2.07 E947.6859
G1 X-7.64 Y-2.68 E947.7205
G1 X-7.64 Y-5.47 E947.7998
G1 X-8.69 Y-6.08 E947.8344
;layer:0.18
G1 E947.5344 F1800
G1 X9.03 Y-9.03 F4800
G1 Z10.690 F420
G1 E947.8344 F1800
;structure:shell-inner
G1 X9.03 Y-9.03 F4800
G1 X9.03 Y0.97 E948.1188 F1680
G1 X9.03 Y9.03 E948.3480 F1764
G1 X7.09 Y9.03 E948.4031
G1 X-2.91 Y9.03 E948.6875 F1848
G1 X-9.03 Y9.03 E948.8616 F1932
G1 X-9.03 Y5.15 E948.9719
G1 X-9.03 Y-4.85 E949.2562 F2016
G1 X-9.03 Y-9.03 E949.3751 F2100
G1 X9.03 Y-9.03 E949.8887
G1 E949.5887 F1800
G1 X9.43 Y-9.43 F4800
G1 E949.8887 F1800
G1 X9.43 Y-9.43 F4800
G1 X9.43 Y9.43 E950.4250 F2100
G1 X-9.43 Y9.43 E950.9613
G1 X-9.43 Y-9.43 E951.4976
G1 X9.43 Y-9.43 E952.0339
G1 E951.7339 F1800
G1 X9.83 Y-9.83 F4800
G1 E952.0339 F1800
;structure:shell-outer
G1 X9.83 Y-9.83 F4800
M204 S500
G1 X9.83 Y9.83 E952.5930 F1500
G1 X-9.83 Y9.83 E953.1520
G1 X-9.83 Y-9.83 E953.7111
G1 X9.83 Y-9.83 E954.2702
G1 E953.9702 F1800
M204 S1000
G1 X8.69 Y-6.08 F4800
G1 E954.2702 F1800
;structure:infill-sparse
G1 X8.69 Y-6.08 F4800
G1 X7.64 Y-5.47 E954.3047 F3000
G1 X7.64 Y-2.68 E954.3840
G1 X8.69 Y-2.07 E954.4186
G1 X8.69 Y2.07 E954.5364
G1 X7.64 Y2.68 E954.5709
G1 X7.64 Y5.47 E954.6503
G1 X8.69 Y6.08 E954.6848
G1 X8.69 Y8.69 E954.7590
G1 X5.14 Y8.69 E954.8600
G1 X5.14 Y6.75 E954.9152
G1 X7.36 Y5.47 E954.9880
G1 X7.36 Y2.68 E955.0674
G1 X5.14 Y1.40 E955.1403
G1 X5.14 Y-1.40 E955.2198
G1 X7.36 Y-2.68 E955.2927
G1 X7.36 Y-5.47 E955.3721
G1 X5.14 Y-6.75 E955.4449
G1 X5.14 Y-8.69 E955.5001
G1 X4.86 Y-8.69 E955.5081
G1 X4.86 Y-6.75 E955.5632
G1 X2.64 Y-5.47 E955.6361
G1 X2.64 Y-2.68 E955.7155
G1 X4.86 Y-1.40 E955.7883
G1 X4.86 Y1.40 E955.8679
G1 X2.64 Y2.68 E955.9408
G1 X2.64 Y5.47 E956.0201
G1 X4.86 Y6.75 E956.0930
G1 X4.86 Y8.69 E956.1482
G1 X0.14 Y8.69 E956.2824
G1 X0.14 Y6.75 E956.3376
G1 X2.36 Y5.47 E956.4105
G1 X2.36 Y2.68 E956.4898
G1 X0.14 Y1.40 E956.5627
G1 X0.14 Y-1.40 E956.6423
G1 X2.36 Y-2.68 E956.7152
G1 X2.36 Y-5.47 E956.7945
G1 X0.14 Y-6.75 E956.8674
G1 X0.14 Y-8.69 E956.9225
G1 X-0.14 Y-8.69 E956.9305
G1 X-0.14 Y-6.75 E956.9857
G1 X-2.36 Y-5.47 E957.0585
G1 X-2.36 Y-2.68 E957.1379
G1 X-0.14 Y-1.40 E957.2108
G1 X-0.14 Y1.40 E957.2904
G1 X-2.36 Y2.68 E957.3632
G1 X-2.36 Y5.47 E957.4426
G1 X-0.14 Y6.75 E957.5154
G1 X-0.14 Y8.69 E957.5706
G1 X-4.86 Y8.69 E957.7049
G1 X-4.86 Y6.75 E957.7601
G1 X-2.64 Y5.47 E957.8329
G1 X-2.64 Y2.68 E957.9122
G1 X-4.86 Y1.40 E957.9851
G1 X-4.86 Y-1.40 E958.0648
G1 X-2.64 Y-2.68 E958.1376
G1 X-2.64 Y-5.47 E958.2169
G1 X-4.86 Y-6.75 E958.2898
G1 X-4.86 Y-8.69 E958.3450
G1 X-5.14 Y-8.69 E958.3530
G1 X-5.14 Y-6.75 E958.4081
G1 X-7.36 Y-5.47 E958.4810
G1 X-7.36 Y-2.68 E958.5603
G1 X-5.14 Y-1.40 E958.6332
G1 X-5.14 Y1.40 E958.7128
G1 X-7.36 Y2.68 E958.7857
G1 X-7.36 Y5.47 E958.8650
G1 X-5.14 Y6.75 E958.9379
G1 X-5.14 Y8.69 E958.9930
G1 X-8.69 Y8.69 E959.0940
G1 X-8.69 Y6.08 E959.1683
G1 X-7.64 Y5.47 E959.2028
G1 X-7.64 Y2.68 E959.2821
G1 X-8.69 Y2.07 E959.3167
G1 X-8.69 Y-2.07 E959.4344
G1 X-7.64 Y-2.68 E959.4690
G1 X-7.64 Y-5.47 E959.5483
G1 X-8.69 Y-6.08 E959.5829
;layer:0.18
G1 E959.2829 F1800
G1 X9.03 Y-9.03 F4800
G1 Z10.870 F420
G1 E959.5829 F1800
;structure:shell-inner
G1 X9.03 Y-9.03 F4800
G1 X9.03 Y0.97 E959.8672 F1680
G1 X9.03 Y9.03 E960.0964 F1764
G1 X7.09 Y9.03 E960.1516
G1 X-2.91 Y9.03 E960.4360 F1848
G1 X-9.03 Y9.03 E960.6100 F1932
G1 X-9.03 Y5.15 E960.7204
G1 X-9.03 Y-4.85 E961.0048 F2016
G1 X-9.03 Y-9.03 E961.1236 F2100
G1 X9.03 Y-9.03 E961.6372
G1 E961.3372 F1800
G1 X9.43 Y-9.43 F4800
G1 E961.6372 F1800
G1 X9.43 Y-9.43 F4800
G1 X9.43 Y9.43 E962.1735 F2100
G1 X-9.43 Y9.43 E962.7098
G1 X-9.43 Y-9.43 E963.2462
G1 X9.43 Y-9.43 E963.7824
G1 E963.4824 F1800
G1 X9.83 Y-9.83 F4800
G1 E963.7824 F1800
;structure:shell-outer
G1 X9.83 Y-9.83 F4800
M204 S500
G1 X9.83 Y9.83 E964.3415 F1500
G1 X-9.83 Y9.83 E964.9006
G1 X-9.83 Y-9.83 E965.4596
G1 X9.83 Y-9.83 E966.0187
G1 E965.7187 F1800
M204 S1000
G1 X8.69 Y-6.08 F4800
G1 E966.0187 F1800
;structure:infill-sparse
G1 X8.69 Y-6.08 F4800
G1 X7.64 Y-5.47 E966.0532 F3000
G1 X7.64 Y-2.68 E966.1326
G1 X8.69 Y-2.07 E966.1671
G1 X8.69 Y2.07 E966.2849
G1 X7.64 Y2.68 E966.3195
G1 X7.64 Y5.47 E966.3987
G1 X8.69 Y6.08 E966.4333
G1 X8.69 Y8.69 E966.5076
G1 X5.14 Y8.69 E966.6085
G1 X5.14 Y6.75 E966.6637
G1 X7.36 Y5.47 E966.7366
G1 X7.36 Y2.68 E966.8159
G1 X5.14 Y1.40 E966.8887
G1 X5.14 Y-1.40 E966.9684
G1 X7.36 Y-2.68 E967.0413
G1 X7.36 Y-5.47 E967.1205
G1 X5.14 Y-6.75 E967.1934
G1 X5.14 Y-8.69 E967.2486
G1 X4.86 Y-8.69 E967.2566
G1 X4.86 Y-6.75 E967.3118
G1 X2.64 Y-5.47 E967.3846
G1 X2.64 Y-2.68 E967.4639
G1 X4.86 Y-1.40 E967.5368
G1 X4.86 Y1.40 E967.6165
G1 X2.64 Y2.68 E967.6893
G1 X2.64 Y5.47 E967.7686
G1 X4.86 Y6.75 E967.8415
G1 X4.86 Y8.69 E967.8967
G1 X0.14 Y8.69 E968.0309
G1 X0.14 Y6.75 E968.0861
G1 X2.36 Y5.47 E968.1590
G1 X2.36 Y2.68 E968.2383
G1 X0.14 Y1.40 E968.3112
G1 X0.14 Y-1.40 E968.3908
G1 X2.36 Y-2.68 E968.4637
G1 X2.36 Y-5.47 E968.5430
G1 X0.14 Y-6.75 E968.6158
G1 X0.14 Y-8.69 E968.6711
G1 X-0.14 Y-8.69 E968.6790
G1 X-0.14 Y-6.75 E968.7342
G1 X-2.36 Y-5.47 E968.8071
G1 X-2.36 Y-2.68 E968.8864
G1 X-0.14 Y-1.40 E968.9592
G1 X-0.14 Y1.40 E969.0389
G1 X-2.36 Y2.68 E969.1118
G1 X-2.36 Y5.47 E969.1910
G1 X-0.14 Y6.75 E969.2639
G1 X-0.14 Y8.69 E969.3192
G1 X-4.86 Y8.69 E969.4534
G1 X-4.86 Y6.75 E969.5085
G1 X-2.64 Y5.47 E969.5814
G1 X-2.64 Y2.68 E969.6608
G1 X-4.86 Y1.40 E969.7336
G1 X-4.86 Y-1.40 E969.8132
G1 X-2.64 Y-2.68 E969.8861
G1 X-2.64 Y-5.47 E969.9655
G1 X-4.86 Y-6.75 E970.0383
G1 X-4.86 Y-8.69 E970.0935
G1 X-5.14 Y-8.69 E970.1014
G1 X-5.14 Y-6.75 E970.1566
G1 X-7.36 Y-5.47 E970.2295
G1 X-7.36 Y-2.68 E970.3088
G1 X-5.14 Y-1.40 E970.3817
G1 X-5.14 Y1.40 E970.4613
G1 X-7.36 Y2.68 E970.5342
G1 X-7.36 Y5.47 E970.6135
G1 X-5.14 Y6.75 E970.6864
G1 X-5.14 Y8.69 E970.7416
G1 X-8.69 Y8.69 E970.8425
G1 X-8.69 Y6.08 E970.9167
G1 X-7.64 Y5.47 E970.9513
G1 X-7.64 Y2.68 E971.0306
G1 X-8.69 Y2.07 E971.0652
G1 X-8.69 Y-2.07 E971.1829
G1 X-7.64 Y-2.68 E971.2175
G1 X-7.64 Y-5.47 E971.2968
G1 X-8.69 Y-6.08 E971.3314
;layer:0.18
G1 E971.0314 F1800
G1 X9.03 Y-9.03 F4800
G1 Z11.050 F420
G1 E971.3314 F1800
;structure:shell-inner
G1 X9.03 Y-9.03 F4800
G1 X9.03 Y0.97 E971.6157 F1680
G1 X9.03 Y9.03 E971.8449 F1764
G1 X7.09 Y9.03 E971.9001
G1 X-2.91 Y9.03 E972.1845 F1848
G1 X-9.03 Y9.03 E972.3586 F1932
G1 X-9.03 Y5.15 E972.4689
G1 X-9.03 Y-4.85 E972.7532 F2016
G1 X-9.03 Y-9.03 E972.8721 F2100
G1 X9.03 Y-9.03 E973.3857
G1 E973.0857 F1800
G1 X9.43 Y-9.43 F4800
G1 E973.3857 F1800
G1 X9.43 Y-9.43 F4800
G1 X9.43 Y9.43 E973.9220 F2100
G1 X-9.43 Y9.43 E974.4583
G1 X-9.43 Y-9.43 E974.9946
G1 X9.43 Y-9.43 E975.5309
G1 E975.2310 F1800
G1 X9.83 Y-9.83 F4800
G1 E975.5309 F1800
;structure:shell-outer
G1 X9.83 Y-9.83 F4800
M204 S500
G1 X9.83 Y9.83 E976.0900 F1500
G1 X-9.83 Y9.83 E976.6490
G1 X-9.83 Y-9.83 E977.2081
G1 X9.83 Y-9.83 E977.7672
G1 E977.4672 F1800
M204 S1000
G1 X8.69 Y-6.08 F4800
G1 E977.7672 F1800
;structure:infill-sparse
G1 X8.69 Y-6.08 F4800
G1 X7.64 Y-5.47 E977.8018 F3000
G1 X7.64 Y-2.68 E977.8810
G1 X8.69 Y-2.07 E977.9156
G1 X8.69 Y2.07 E978.0334
G1 X7.64 Y2.68 E978.0679
G1 X7.64 Y5.47 E978.1473
G1 X8.69 Y6.08 E978.1818
G1 X8.69 Y8.69 E978.2560
G1 X5.14 Y8.69 E978.3570
G1 X5.14 Y6.75 E978.4122
G1 X7.36 Y5.47 E978.4850
G1 X7.36 Y2.68 E978.5644
G1 X5.14 Y1.40 E978.6373
G1 X5.14 Y-1.40 E978.7169
G1 X7.36 Y-2.68 E978.7897
G1 X7.36 Y-5.47 E978.8691
G1 X5.14 Y-6.75 E978.9420
G1 X5.14 Y-8.69 E978.9971
G1 X4.86 Y-8.69 E979.0051
G1 X4.86 Y-6.75 E979.0602
G1 X2.64 Y-5.47 E979.1331
G1 X2.64 Y-2.68 E979.2125
G1 X4.86 Y-1.40 E979.2853
G1 X4.86 Y1.40 E979.3649
G1 X2.64 Y2.68 E979.4378
G1 X2.64 Y5.47 E979.5172
G1 X4.86 Y6.75 E979.5900
G1 X4.86 Y8.69 E979.6452
G1 X0.14 Y8.69 E979.7794
G1 X0.14 Y6.75 E979.8346
G1 X2.36 Y5.47 E979.9075
G1 X2.36 Y2.68 E979.9868
G1 X0.14 Y1.40 E980.0597
G1 X0.14 Y-1.40 E980.1393
G1 X2.36 Y-2.68 E980.2122
G1 X2.36 Y-5.47 E980.2915
G1 X0.14 Y-6.75 E980.3644
G1 X0.14 Y-8.69 E980.4196
G1 X-0.14 Y-8.69 E980.4275
G1 X-0.14 Y-6.75 E980.4827
G1 X-2.36 Y-5.47 E980.5555
G1 X-2.36 Y-2.68 E980.6349
G1 X-0.14 Y-1.40 E980.7078
G1 X-0.14 Y1.40 E980.7874
G1 X-2.36 Y2.68 E980.8602
G1 X-2.36 Y5.47 E980.9396
G1 X-0.14 Y6.75 E981.0125
G1 X-0.14 Y8.69 E981.0676
G1 X-4.86 Y8.69 E981.2019
G1 X-4.86 Y6.75 E981.2571
G1 X-2.64 Y5.47 E981.3300
G1 X-2.64 Y2.68 E981.4092
G1 X-4.86 Y1.40 E981.4821
G1 X-4.86 Y-1.40 E981.5618
G1 X-2.64 Y-2.68 E981.6346
G1 X-2.64 Y-5.47 E981.7139
G1 X-4.86 Y-6.75 E981.7868
G1 X-4.86 Y-8.69 E981.8420
G1 X-5.14 Y-8.69 E981.8499
G1 X-5.14 Y-6.75 E981.9052
G1 X-7.36 Y-5.47 E981.9780
G1 X-7.36 Y-2.68 E982.0573
G1 X-5.14 Y-1.40 E982.1302
G1 X-5.14 Y1.40 E982.2098
G1 X-7.36 Y2.68 E982.2827
G1 X-7.36 Y5.47 E982.3620
G1 X-5.14 Y6.75 E982.4349
G1 X-5.14 Y8.69 E982.4901
G1 X-8.69 Y8.69 E982.5910
G1 X-8.69 Y6.08 E982.6652
G1 X-7.64 Y5.47 E982.6998
G1 X-7.64 Y2.68 E982.7791
G1 X-8.69 Y2.07 E982.8137
G1 X-8.69 Y-2.07 E982.9315
G1 X-7.64 Y-2.68 E982.9660
G1 X-7.64 Y-5.47 E983.0453
G1 X-8.69 Y-6.08 E983.0799
;layer:0.18
G1 E982.7798 F1800
G1 X9.03 Y-9.03 F4800
G1 Z11.230 F420
G1 E983.0799 F1800
;structure:shell-inner
G1 X9.03 Y-9.03 F4800
G1 X9.03 Y0.97 E983.3643 F1680
G1 X9.03 Y9.03 E983.5934 F1764
G1 X7.09 Y9.03 E983.6486
G1 X-2.91 Y9.03 E983.9330 F1848
G1 X-9.03 Y9.03 E984.1071 F1932
G1 X-9.03 Y5.15 E984.2173
G1 X-9.03 Y-4.85 E984.5018 F2016
G1 X-9.03 Y-9.03 E984.6206 F2100
G1 X9.03 Y-9.03 E985.1342
G1 E984.8342 F1800
G1 X9.43 Y-9.43 F4800
G1 E985.1342 F1800
G1 X9.43 Y-9.43 F4800
G1 X9.43 Y9.43 E985.6705 F2100
G1 X-9.43 Y9.43 E986.2068
G1 X-9.43 Y-9.43 E986.7431
G1 X9.43 Y-9.43 E987.2794
G1 E986.9794 F1800
G1 X9.83 Y-9.83 F4800
G1 E987.2794 F1800
;structure:shell-outer
G1 X9.83 Y-9.83 F4800
M204 S500
G1 X9.83 Y9.83 E987.8385 F1500
G1 X-9.83 Y9.83 E988.3976
G1 X-9.83 Y-9.83 E988.9566
G1 X9.83 Y-9.83 E989.5157
G1 E989.2157 F1800
M204 S1000
G1 X8.69 Y-6.08 F4800
G1 E989.5157 F1800
;structure:infill-sparse
G1 X8.69 Y-6.08 F4800
G1 X7.64 Y-5.47 E989.5502 F3000
G1 X7.64 Y-2.68 E989.6296
G1 X8.69 Y-2.07 E989.6641
G1 X8.69 Y2.07 E989.7819
G1 X7.64 Y2.68 E989.8165
G1 X7.64 Y5.47 E989.8958
G1 X8.69 Y6.08 E989.9303
G1 X8.69 Y8.69 E990.0046
G1 X5.14 Y8.69 E990.1055
G1 X5.14 Y6.75 E990.1607
G1 X7.36 Y5.47 E990.2336
G1 X7.36 Y2.68 E990.3129
G1 X5.14 Y1.40 E990.3857
G1 X5.14 Y-1.40 E990.4654
G1 X7.36 Y-2.68 E990.5383
G1 X7.36 Y-5.47 E990.6176
G1 X5.14 Y-6.75 E990.6904
G1 X5.14 Y-8.69 E990.7456
G1 X4.86 Y-8.69 E990.7535
G1 X4.86 Y-6.75 E990.8088
G1 X2.64 Y-5.47 E990.8817
G1 X2.64 Y-2.68 E990.9609
G1 X4.86 Y-1.40 E991.0338
G1 X4.86 Y1.40 E991.1135
G1 X2.64 Y2.68 E991.1863
G1 X2.64 Y5.47 E991.2656
G1 X4.86 Y6.75 E991.3385
G1 X4.86 Y8.69 E991.3937
G1 X0.14 Y8.69 E991.5280
G1 X0.14 Y6.75 E991.5831
G1 X2.36 Y5.47 E991.6560
G1 X2.36 Y2.68 E991.7353
G1 X0.14 Y1.40 E991.8082
G1 X0.14 Y-1.40 E991.8878
G1 X2.36 Y-2.68 E991.9607
G1 X2.36 Y-5.47 E992.0400
G1 X0.14 Y-6.75 E992.1129
G1 X0.14 Y-8.69 E992.1681
G1 X-0.14 Y-8.69 E992.1760
G1 X-0.14 Y-6.75 E992.2312
G1 X-2.36 Y-5.47 E992.3041
G1 X-2.36 Y-2.68 E992.3834
G1 X-0.14 Y-1.40 E992.4562
G1 X-0.14 Y1.40 E992.5359
G1 X-2.36 Y2.68 E992.6088
G1 X-2.36 Y5.47 E992.6880
G1 X-0.14 Y6.75 E992.7609
G1 X-0.14 Y8.69 E992.8161
G1 X-4.86 Y8.69 E992.9504
G1 X-4.86 Y6.75 E993.0056
G1 X-2.64 Y5.47 E993.0784
G1 X-2.64 Y2.68 E993.1578
G1 X-4.86 Y1.40 E993.2307
G1 X-4.86 Y-1.40 E993.3102
G1 X-2.64 Y-2.68 E993.3831
G1 X-2.64 Y-5.47 E993.4625
G1 X-4.86 Y-6.75 E993.5353
G1 X-4.86 Y-8.69 E993.5905
G1 X-5.14 Y-8.69 E993.5984
G1 X-5.14 Y-6.75 E993.6536
G1 X-7.36 Y-5.47 E993.7265
G1 X-7.36 Y-2.68 E993.8058
G1 X-5.14 Y-1.40 E993.8787
G1 X-5.14 Y1.40 E993.9583
G1 X-7.36 Y2.68 E994.0312
G1 X-7.36 Y5.47 E994.1105
G1 X-5.14 Y6.75 E994.1833
G1 X-5.14 Y8.69 E994.2386
G1 X-8.69 Y8.69 E994.3395
G1 X-8.69 Y6.08 E994.4138
G1 X-7.64 Y5.47 E994.4483
G1 X-7.64 Y2.68 E994.5276
G1 X-8.69 Y2.07 E994.5622
G1 X-8.69 Y-2.07 E994.6799
G1 X-7.64 Y-2.68 E994.7145
G1 X-7.64 Y-5.47 E994.7938
G1 X-8.69 Y-6.08 E994.8284
;layer:0.18
G1 E994.5284 F1800
G1 X9.03 Y-9.03 F4800
G1 Z11.410 F420
G1 E994.8284 F1800
;structure:shell-inner
G1 X9.03 Y-9.03 F4800
G1 X9.03 Y0.97 E995.1127 F1680
G1 X9.03 Y9.03 E995.3419 F1764
G1 X7.09 Y9.03 E995.3971
G1 X-2.91 Y9.03 E995.6815 F1848
G1 X-9.03 Y9.03 E995.8556 F1932
G1 X-9.03 Y5.15 E995.9659
G1 X-9.03 Y-4.85 E996.2502 F2016
G1 X-9.03 Y-9.03 E996.3691 F2100
G1 X9.03 Y-9.03 E996.8827
G1 E996.5827 F1800
G1 X9.43 Y-9.43 F4800
G1 E996.8827 F1800
G1 X9.43 Y-9.43 F4800
G1 X9.43 Y9.43 E997.4190 F2100
G1 X-9.43 Y9.43 E997.9553
G1 X-9.43 Y-9.43 E998.4916
G1 X9.43 Y-9.43 E999.0280
G1 E998.7280 F1800
G1 X9.83 Y-9.83 F4800
G1 E999.0280 F1800
;structure:shell-outer
G1 X9.83 Y-9.83 F4800
M204 S500
G1 X9.83 Y9.83 E999.5870 F1500
G92 E0
G1 X-9.83 Y9.83 E0.5591
G1 X-9.83 Y-9.83 E1.1182
G1 X9.83 Y-9.83 E1.6772
G1 E1.3772 F1800
M204 S1000
G1 X8.69 Y-6.08 F4800
G1 E1.6772 F1800
;structure:infill-sparse
G1 X8.69 Y-6.08 F4800
G1 X7.64 Y-5.47 E1.7118 F3000
G1 X7.64 Y-2.68 E1.7911
G1 X8.69 Y-2.07 E1.8256
G1 X8.69 Y2.07 E1.9434
G1 X7.64 Y2.68 E1.9779
G1 X7.64 Y5.47 E2.0572
G1 X8.69 Y6.08 E2.0918
G1 X8.69 Y8.69 E2.1660
G1 X5.14 Y8.69 E2.2670
G1 X5.14 Y6.75 E2.3221
G1 X7.36 Y5.47 E2.3950
G1 X7.36 Y2.68 E2.4743
G1 X5.14 Y1.40 E2.5472
G1 X5.14 Y-1.40 E2.6268
G1 X7.36 Y-2.68 E2.6997
G1 X7.36 Y-5.47 E2.7790
G1 X5.14 Y-6.75 E2.8519
G1 X5.14 Y-8.69 E2.9071
G1 X4.86 Y-8.69 E2.9151
G1 X4.86 Y-6.75 E2.9702
G1 X2.64 Y-5.47 E3.0431
G1 X2.64 Y-2.68 E3.1224
G1 X4.86 Y-1.40 E3.1953
G1 X4.86 Y1.40 E3.2749
G1 X2.64 Y2.68 E3.3478
G1 X2.64 Y5.47 E3.4271
G1 X4.86 Y6.75 E3.5000
G1 X4.86 Y8.69 E3.5552
G1 X0.14 Y8.69 E3.6894
G1 X0.14 Y6.75 E3.7446
G1 X2.36 Y5.47 E3.8175
G1 X2.36 Y2.68 E3.8968
G1 X0.14 Y1.40 E3.9697
G1 X0.14 Y-1.40 E4.0493
G1 X2.36 Y-2.68 E4.1222
G1 X2.36 Y-5.47 E4.2015
G1 X0.14 Y-6.75 E4.2744
G1 X0.14 Y-8.69 E4.3295
G1 X-0.14 Y-8.69 E4.3375
G1 X-0.14 Y-6.75 E4.3927
G1 X-2.36 Y-5.47 E4.4656
G1 X-2.36 Y-2.68 E4.5449
G1 X-0.14 Y-1.40 E4.6178
G1 X-0.14 Y1.40 E4.6974
G1 X-2.36 Y2.68 E4.7703
G1 X-2.36 Y5.47 E4.8496
G1 X-0.14 Y6.75 E4.9225
G1 X-0.14 Y8.69 E4.9776
G1 X-4.86 Y8.69 E5.1119
G1 X-4.86 Y6.75 E5.1670
G1 X-2.64 Y5.47 E5.2399
G1 X-2.64 Y2.68 E5.3193
G1 X-4.86 Y1.40 E5.3921
G1 X-4.86 Y-1.40 E5.4717
G1 X-2.64 Y-2.68 E5.5446
G1 X-2.64 Y-5.47 E5.6240
G1 X-4.86 Y-6.75 E5.6968
G1 X-4.86 Y-8.69 E5.7520
G1 X-5.14 Y-8.69 E5.7600
G1 X-5.14 Y-6.75 E5.8151
G1 X-7.36 Y-5.47 E5.8880
G1 X-7.36 Y-2.68 E5.9673
G1 X-5.14 Y-1.40 E6.0402
G1 X-5.14 Y1.40 E6.1198
G1 X-7.36 Y2.68 E6.1927
G1 X-7.36 Y5.47 E6.2721
G1 X-5.14 Y6.75 E6.3449
G1 X-5.14 Y8.69 E6.4001
G1 X-8.69 Y8.69 E6.5011
G1 X-8.69 Y6.08 E6.5753
G1 X-7.64 Y5.47 E6.6098
G1 X-7.64 Y2.68 E6.6891
G1 X-8.69 Y2.07 E6.7237
G1 X-8.69 Y-2.07 E6.8414
G1 X-7.64 Y-2.68 E6.8759
G1 X-7.64 Y-5.47 E6.9553
G1 X-8.69 Y-6.08 E6.9898
;layer:0.18
G1 E6.6898 F1800
G1 X9.03 Y-9.03 F4800
G1 Z11.590 F420
G1 E6.9898 F1800
;structure:shell-inner
G1 X9.03 Y-9.03 F4800
G1 X9.03 Y0.97 E7.2742 F1680
G1 X9.03 Y9.03 E7.5034 F1764
G1 X7.09 Y9.03 E7.5586
G1 X-2.91 Y9.03 E7.8429 F1848
G1 X-9.03 Y9.03 E8.0170 F1932
G1 X-9.03 Y5.15 E8.1273
G1 X-9.03 Y-4.85 E8.4117 F2016
G1 X-9.03 Y-9.03 E8.5306 F2100
G1 X9.03 Y-9.03 E9.0441
G1 E8.7441 F1800
G1 X9.43 Y-9.43 F4800
G1 E9.0441 F1800
G1 X9.43 Y-9.43 F4800
G1 X9.43 Y9.43 E9.5805 F2100
G1 X-9.43 Y9.43 E10.1168
G1 X-9.43 Y-9.43 E10.6531
G1 X9.43 Y-9.43 E11.1895
G1 E10.8895 F1800
G1 X9.83 Y-9.83 F4800
G1 E11.1895 F1800
;structure:shell-outer
G1 X9.83 Y-9.83 F4800
M204 S500
G1 X9.83 Y9.83 E11.7485 F1500
G1 X-9.83 Y9.83 E12.3076
G1 X-9.83 Y-9.83 E12.8667
G1 X9.83 Y-9.83 E13.4258
G1 E13.1258 F1800
M204 S1000
G1 X8.69 Y-6.08 F4800
G1 E13.4258 F1800
;structure:infill-sparse
G1 X8.69 Y-6.08 F4800
G1 X7.64 Y-5.47 E13.4603 F3000
G1 X7.64 Y-2.68 E13.5396
G1 X8.69 Y-2.07 E13.5742
G1 X8.69 Y2.07 E13.6919
G1 X7.64 Y2.68 E13.7264
G1 X7.64 Y5.47 E13.8058
G1 X8.69 Y6.08 E13.8403
G1 X8.69 Y8.69 E13.9145
G1 X5.14 Y8.69 E14.0155
G1 X5.14 Y6.75 E14.0707
G1 X7.36 Y5.47 E14.1435
G1 X7.36 Y2.68 E14.2229
G1 X5.14 Y1.40 E14.2957
G1 X5.14 Y-1.40 E14.3754
G1 X7.36 Y-2.68 E14.4482
G1 X7.36 Y-5.47 E14.5276
G1 X5.14 Y-6.75 E14.6005
G1 X5.14 Y-8.69 E14.6556
G1 X4.86 Y-8.69 E14.6636
G1 X4.86 Y-6.75 E14.7188
G1 X2.64 Y-5.47 E14.7916
G1 X2.64 Y-2.68 E14.8710
G1 X4.86 Y-1.40 E14.9438
G1 X4.86 Y1.40 E15.0235
G1 X2.64 Y2.68 E15.0963
G1 X2.64 Y5.47 E15.1757
G1 X4.86 Y6.75 E15.2486
G1 X4.86 Y8.69 E15.3037
G1 X0.14 Y8.69 E15.4380
G1 X0.14 Y6.75 E15.4931
G1 X2.36 Y5.47 E15.5660
G1 X2.36 Y2.68 E15.6453
G1 X0.14 Y1.40 E15.7182
G1 X0.14 Y-1.40 E15.7978
G1 X2.36 Y-2.68 E15.8707
G1 X2.36 Y-5.47 E15.9500
G1 X0.14 Y-6.75 E16.0229
G1 X0.14 Y-8.69 E16.0781
G1 X-0.14 Y-8.69 E16.0861
G1 X-0.14 Y-6.75 E16.1412
G1 X-2.36 Y-5.47 E16.2141
G1 X-2.36 Y-2.68 E16.2934
G1 X-0.14 Y-1.40 E16.3663
G1 X-0.14 Y1.40 E16.4459
G1 X-2.36 Y2.68 E16.5188
G1 X-2.36 Y5.47 E16.5981
G1 X-0.14 Y6.75 E16.6710
G1 X-0.14 Y8.69 E16.7262
G1 X-4.86 Y8.69 E16.8604
G1 X-4.86 Y6.75 E16.9156
G1 X-2.64 Y5.47 E16.9885
G1 X-2.64 Y2.68 E17.0678
G1 X-4.86 Y1.40 E17.1407
G1 X-4.86 Y-1.40 E17.2203
G1 X-2.64 Y-2.68 E17.2932
G1 X-2.64 Y-5.47 E17.3725
G1 X-4.86 Y-6.75 E17.4454
G1 X-4.86 Y-8.69 E17.5005
G1 X-5.14 Y-8.69 E17.5085
G1 X-5.14 Y-6.75 E17.5637
G1 X-7.36 Y-5.47 E17.6365
G1 X-7.36 Y-2.68 E17.7159
G1 X-5.14 Y-1.40 E17.7888
G1 X-5.14 Y1.40 E17.8684
G1 X-7.36 Y2.68 E17.9413
G1 X-7.36 Y5.47 E18.0206
G1 X-5.14 Y6.75 E18.0935
G1 X-5.14 Y8.69 E18.1486
G1 X-8.69 Y8.69 E18.2496
G1 X-8.69 Y6.08 E18.3238
G1 X-7.64 Y5.47 E18.3583
G1 X-7.64 Y2.68 E18.4377
G1 X-8.69 Y2.07 E18.4722
G1 X-8.69 Y-2.07 E18.5899
G1 X-7.64 Y-2.68 E18.6245
G1 X-7.64 Y-5.47 E18.7038
G1 X-8.69 Y-6.08 E18.7384
;layer:0.18
G1 E18.4384 F1800
G1 X9.03 Y-9.03 F4800
G1 Z11.770 F420
G1 E18.7384 F1800
;structure:shell-inner
G1 X9.03 Y-9.03 F4800
G1 X9.03 Y0.97 E19.0227 F1680
G1 X9.03 Y9.03 E19.2519 F1764
G1 X7.09 Y9.03 E19.3071
G1 X-2.91 Y9.03 E19.5915 F1848
G1 X-9.03 Y9.03 E19.7655 F1932
G1 X-9.03 Y5.15 E19.8759
G1 X-9.03 Y-4.85 E20.1602 F2016
G1 X-9.03 Y-9.03 E20.2791 F2100
G1 X9.03 Y-9.03 E20.7927
G1 E20.4927 F1800
G1 X9.43 Y-9.43 F4800
G1 E20.7927 F1800
G1 X9.43 Y-9.43 F4800
G1 X9.43 Y9.43 E21.3290 F2100
G1 X-9.43 Y9.43 E21.8653
G1 X-9.43 Y-9.43 E22.4017
G1 X9.43 Y-9.43 E22.9380
G1 E22.6380 F1800
G1 X9.83 Y-9.83 F4800
G1 E22.9380 F1800
;structure:shell-outer
G1 X9.83 Y-9.83 F4800
M204 S500
G1 X9.83 Y9.83 E23.4971 F1500
G1 X-9.83 Y9.83 E24.0562
G1 X-9.83 Y-9.83 E24.6152
G1 X9.83 Y-9.83 E25.1743
G1 E24.8743 F1800
M204 S1000
G1 X8.69 Y-6.08 F4800
G1 E25.1743 F1800
;structure:infill-sparse
G1 X8.69 Y-6.08 F4800
G1 X7.64 Y-5.47 E25.2089 F3000
G1 X7.64 Y-2.68 E25.2882
G1 X8.69 Y-2.07 E25.3227
G1 X8.69 Y2.07 E25.4405
G1 X7.64 Y2.68 E25.4750
G1 X7.64 Y5.47 E25.5543
G1 X8.69 Y6.08 E25.5889
G1 X8.69 Y8.69 E25.6631
G1 X5.14 Y8.69 E25.7640
G1 X5.14 Y6.75 E25.8192
G1 X7.36 Y5.47 E25.8921
G1 X7.36 Y2.68 E25.9714
G1 X5.14 Y1.40 E26.0443
G1 X5.14 Y-1.40 E26.1239
G1 X7.36 Y-2.68 E26.1968
G1 X7.36 Y-5.47 E26.2761
G1 X5.14 Y-6.75 E26.3490
G1 X5.14 Y-8.69 E26.4042
G1 X4.86 Y-8.69 E26.4121
G1 X4.86 Y-6.75 E26.4673
G1 X2.64 Y-5.47 E26.5402
G1 X2.64 Y-2.68 E26.6195
G1 X4.86 Y-1.40 E26.6924
G1 X4.86 Y1.40 E26.7720
G1 X2.64 Y2.68 E26.8449
G1 X2.64 Y5.47 E26.9242
G1 X4.86 Y6.75 E26.9971
G1 X4.86 Y8.69 E27.0523
G1 X0.14 Y8.69 E27.1865
G1 X0.14 Y6.75 E27.2417
G1 X2.36 Y5.47 E27.3145
G1 X2.36 Y2.68 E27.3939
G1 X0.14 Y1.40 E27.4667
G1 X0.14 Y-1.40 E27.5464
G1 X2.36 Y-2.68 E27.6192
G1 X2.36 Y-5.47 E27.6986
G1 X0.14 Y-6.75 E27.7715
G1 X0.14 Y-8.69 E27.8266
G1 X-0.14 Y-8.69 E27.8346
G1 X-0.14 Y-6.75 E27.8898
G1 X-2.36 Y-5.47 E27.9626
G1 X-2.36 Y-2.68 E28.0420
G1 X-0.14 Y-1.40 E28.1148
G1 X-0.14 Y1.40 E28.1945
G1 X-2.36 Y2.68 E28.2673
G1 X-2.36 Y5.47 E28.3467
G1 X-0.14 Y6.75 E28.4195
G1 X-0.14 Y8.69 E28.4747
G1 X-4.86 Y8.69 E28.6089
G1 X-4.86 Y6.75 E28.6641
G1 X-2.64 Y5.47 E28.7370
G1 X-2.64 Y2.68 E28.8163
G1 X-4.86 Y1.40 E28.8892
G1 X-4.86 Y-1.40 E28.9688
G1 X-2.64 Y-2.68 E29.0417
G1 X-2.64 Y-5.47 E29.1210
G1 X-4.86 Y-6.75 E29.1939
G1 X-4.86 Y-8.69 E29.2491
G1 X-5.14 Y-8.69 E29.2570
G1 X-5.14 Y-6.75 E29.3122
G1 X-7.36 Y-5.47 E29.3851
G1 X-7.36 Y-2.68 E29.4644
G1 X-5.14 Y-1.40 E29.5373
G1 X-5.14 Y1.40 E29.6169
G1 X-7.36 Y2.68 E29.6898
G1 X-7.36 Y5.47 E29.7691
G1 X-5.14 Y6.75 E29.8420
G1 X-5.14 Y8.69 E29.8972
G1 X-8.69 Y8.69 E29.9981
G1 X-8.69 Y6.08 E30.0723
G1 X-7.64 Y5.47 E30.1069
G1 X-7.64 Y2.68 E30.1862
G1 X-8.69 Y2.07 E30.2208
G1 X-8.69 Y-2.07 E30.3385
G1 X-7.64 Y-2.68 E30.3730
G1 X-7.64 Y-5.47 E30.4524
G1 X-8.69 Y-6.08 E30.4869
;layer:0.18
G1 E30.1869 F1800
G1 X9.03 Y-9.03 F4800
G1 Z11.950 F420
G1 E30.4869 F1800
;structure:shell-inner
G1 X9.03 Y-9.03 F4800
G1 X9.03 Y0.97 E30.7713 F1680
G1 X9.03 Y9.03 E31.0005 F1764
G1 X7.09 Y9.03 E31.0556
G1 X-2.91 Y9.03 E31.3400 F1848
G1 X-9.03 Y9.03 E31.5140 F1932
G1 X-9.03 Y5.15 E31.6244
G1 X-9.03 Y-4.85 E31.9088 F2016
G1 X-9.03 Y-9.03 E32.0276 F2100
G1 X9.03 Y-9.03 E32.5412
G1 E32.2412 F1800
G1 X9.43 Y-9.43 F4800
G1 E32.5412 F1800
G1 X9.43 Y-9.43 F4800
G1 X9.43 Y9.43 E33.0775 F2100
G1 X-9.43 Y9.43 E33.6139
G1 X-9.43 Y-9.43 E34.1502
G1 X9.43 Y-9.43 E34.6865
G1 E34.3865 F1800
G1 X9.83 Y-9.83 F4800
G1 E34.6865 F1800
;structure:shell-outer
G1 X9.83 Y-9.83 F4800
M204 S500
G1 X9.83 Y9.83 E35.2456 F1500
G1 X-9.83 Y9.83 E35.8047
G1 X-9.83 Y-9.83 E36.3638
G1 X9.83 Y-9.83 E36.9228
G1 E36.6228 F1800
M204 S1000
G1 X8.69 Y-6.08 F4800
G1 E36.9228 F1800
;structure:infill-sparse
G1 X8.69 Y-6.08 F4800
G1 X7.64 Y-5.47 E36.9574 F3000
G1 X7.64 Y-2.68 E37.0367
G1 X8.69 Y-2.07 E37.0712
G1 X8.69 Y2.07 E37.1890
G1 X7.64 Y2.68 E37.2235
G1 X7.64 Y5.47 E37.3028
G1 X8.69 Y6.08 E37.3374
G1 X8.69 Y8.69 E37.4116
G1 X5.14 Y8.69 E37.5125
G1 X5.14 Y6.75 E37.5677
G1 X7.36 Y5.47 E37.6406
G1 X7.36 Y2.68 E37.7199
G1 X5.14 Y1.40 E37.7928
G1 X5.14 Y-1.40 E37.8724
G1 X7.36 Y-2.68 E37.9453
G1 X7.36 Y-5.47 E38.0246
G1 X5.14 Y-6.75 E38.0975
G1 X5.14 Y-8.69 E38.1527
G1 X4.86 Y-8.69 E38.1606
G1 X4.86 Y-6.75 E38.2158
G1 X2.64 Y-5.47 E38.2887
G1 X2.64 Y-2.68 E38.3680
G1 X4.86 Y-1.40 E38.4409
G1 X4.86 Y1.40 E38.5205
G1 X2.64 Y2.68 E38.5934
G1 X2.64 Y5.47 E38.6727
G1 X4.86 Y6.75 E38.7456
G1 X4.86 Y8.69 E38.8008
G1 X0.14 Y8.69 E38.9350
G1 X0.14 Y6.75 E38.9902
G1 X2.36 Y5.47 E39.0631
G1 X2.36 Y2.68 E39.1424
G1 X0.14 Y1.40 E39.2153
G1 X0.14 Y-1.40 E39.2949
G1 X2.36 Y-2.68 E39.3678
G1 X2.36 Y-5.47 E39.4471
G1 X0.14 Y-6.75 E39.5200
G1 X0.14 Y-8.69 E39.5752
G1 X-0.14 Y-8.69 E39.5831
G1 X-0.14 Y-6.75 E39.6383
G1 X-2.36 Y-5.47 E39.7112
G1 X-2.36 Y-2.68 E39.7905
G1 X-0.14 Y-1.40 E39.8634
G1 X-0.14 Y1.40 E39.9430
G1 X-2.36 Y2.68 E40.0159
G1 X-2.36 Y5.47 E40.0952
G1 X-0.14 Y6.75 E40.1681
G1 X-0.14 Y8.69 E40.2233
G1 X-4.86 Y8.69 E40.3575
G1 X-4.86 Y6.75 E40.4127
G1 X-2.64 Y5.47 E40.4855
G1 X-2.64 Y2.68 E40.5649
G1 X-4.86 Y1.40 E40.6377
G1 X-4.86 Y-1.40 E40.7174
G1 X-2.64 Y-2.68 E40.7902
G1 X-2.64 Y-5.47 E40.8696
G1 X-4.86 Y-6.75 E40.9425
G1 X-4.86 Y-8.69 E40.9976
G1 X-5.14 Y-8.69 E41.0056
G1 X-5.14 Y-6.75 E41.0608
G1 X-7.36 Y-5.47 E41.1336
G1 X-7.36 Y-2.68 E41.2130
G1 X-5.14 Y-1.40 E41.2858
G1 X-5.14 Y1.40 E41.3655
G1 X-7.36 Y2.68 E41.4383
G1 X-7.36 Y5.47 E41.5177
G1 X-5.14 Y6.75 E41.5906
G1 X-5.14 Y8.69 E41.6457
G1 X-8.69 Y8.69 E41.7467
G1 X-8.69 Y6.08 E41.8209
G1 X-7.64 Y5.47 E41.8554
G1 X-7.64 Y2.68 E41.9348
G1 X-8.69 Y2.07 E41.9693
G1 X-8.69 Y-2.07 E42.0870
G1 X-7.64 Y-2.68 E42.1216
G1 X-7.64 Y-5.47 E42.2009
G1 X-8.69 Y-6.08 E42.2354
;layer:0.18
G1 E41.9354 F1800
G1 X9.03 Y-9.03 F4800
G1 Z12.130 F420
G1 E42.2354 F1800
;structure:shell-inner
G1 X9.03 Y-9.03 F4800
G1 X9.03 Y0.97 E42.5198 F1680
G1 X9.03 Y9.03 E42.7490 F1764
G1 X7.09 Y9.03 E42.8042
G1 X-2.91 Y9.03 E43.0886 F1848
G1 X-9.03 Y9.03 E43.2626 F1932
G1 X-9.03 Y5.15 E43.3729
G1 X-9.03 Y-4.85 E43.6573 F2016
G1 X-9.03 Y-9.03 E43.7762 F2100
G1 X9.03 Y-9.03 E44.2898
G1 E43.9898 F1800
G1 X9.43 Y-9.43 F4800
G1 E44.2898 F1800
G1 X9.43 Y-9.43 F4800
G1 X9.43 Y9.43 E44.8261 F2100
G1 X-9.43 Y9.43 E45.3624
G1 X-9.43 Y-9.43 E45.8987
G1 X9.43 Y-9.43 E46.4351
G1 E46.1351 F1800
G1 X9.83 Y-9.83 F4800
G1 E46.4351 F1800
;structure:shell-outer
G1 X9.83 Y-9.83 F4800
M204 S500
G1 X9.83 Y9.83 E46.9941 F1500
G1 X-9.83 Y9.83 E47.5532
G1 X-9.83 Y-9.83 E48.1123
G1 X9.83 Y-9.83 E48.6714
G1 E48.3714 F1800
M204 S1000
G1 X8.69 Y-6.08 F4800
G1 E48.6714 F1800
;structure:infill-sparse
G1 X8.69 Y-6.08 F4800
G1 X7.64 Y-5.47 E48.7059 F3000
G1 X7.64 Y-2.68 E48.7853
G1 X8.69 Y-2.07 E48.8198
G1 X8.69 Y2.07 E48.9375
G1 X7.64 Y2.68 E48.9720
G1 X7.64 Y5.47 E49.0514
G1 X8.69 Y6.08 E49.0859
G1 X8.69 Y8.69 E49.1601
G1 X5.14 Y8.69 E49.2611
G1 X5.14 Y6.75 E49.3163
G1 X7.36 Y5.47 E49.3891
G1 X7.36 Y2.68 E49.4685
G1 X5.14 Y1.40 E49.5413
G1 X5.14 Y-1.40 E49.6210
G1 X7.36 Y-2.68 E49.6938
G1 X7.36 Y-5.47 E49.7732
G1 X5.14 Y-6.75 E49.8461
G1 X5.14 Y-8.69 E49.9012
G1 X4.86 Y-8.69 E49.9092
G1 X4.86 Y-6.75 E49.9644
G1 X2.64 Y-5.47 E50.0372
G1 X2.64 Y-2.68 E50.1166
G1 X4.86 Y-1.40 E50.1894
G1 X4.86 Y1.40 E50.2691
G1 X2.64 Y2.68 E50.3419
G1 X2.64 Y5.47 E50.4213
G1 X4.86 Y6.75 E50.4942
G1 X4.86 Y8.69 E50.5493
G1 X0.14 Y8.69 E50.6836
G1 X0.14 Y6.75 E50.7387
G1 X2.36 Y5.47 E50.8116
G1 X2.36 Y2.68 E50.8909
G1 X0.14 Y1.40 E50.9638
G1 X0.14 Y-1.40 E51.0434
G1 X2.36 Y-2.68 E51.1163
G1 X2.36 Y-5.47 E51.1957
G1 X0.14 Y-6.75 E51.2685
G1 X0.14 Y-8.69 E51.3237
G1 X-0.14 Y-8.69 E51.3317
G1 X-0.14 Y-6.75 E51.3868
G1 X-2.36 Y-5.47 E51.4597
G1 X-2.36 Y-2.68 E51.5390
G1 X-0.14 Y-1.40 E51.6119
G1 X-0.14 Y1.40 E51.6915
G1 X-2.36 Y2.68 E51.7644
G1 X-2.36 Y5.47 E51.8438
G1 X-0.14 Y6.75 E51.9166
G1 X-0.14 Y8.69 E51.9718
G1 X-4.86 Y8.69 E52.1060
G1 X-4.86 Y6.75 E52.1612
G1 X-2.64 Y5.47 E52.2341
G1 X-2.64 Y2.68 E52.3134
G1 X-4.86 Y1.40 E52.3863
G1 X-4.86 Y-1.40 E52.4659
G1 X-2.64 Y-2.68 E52.5388
G1 X-2.64 Y-5.47 E52.6181
G1 X-4.86 Y-6.75 E52.6910
G1 X-4.86 Y-8.69 E52.7462
G1 X-5.14 Y-8.69 E52.7541
G1 X-5.14 Y-6.75 E52.8093
G1 X-7.36 Y-5.47 E52.8822
G1 X-7.36 Y-2.68 E52.9615
G1 X-5.14 Y-1.40 E53.0344
G1 X-5.14 Y1.40 E53.1140
G1 X-7.36 Y2.68 E53.1869
G1 X-7.36 Y5.47 E53.2662
G1 X-5.14 Y6.75 E53.3391
G1 X-5.14 Y8.69 E53.3943
G1 X-8.69 Y8.69 E53.4952
G1 X-8.69 Y6.08 E53.5694
G1 X-7.64 Y5.47 E53.6040
G1 X-7.64 Y2.68 E53.6833
G1 X-8.69 Y2.07 E53.7178
G1 X-8.69 Y-2.07 E53.8356
G1 X-7.64 Y-2.68 E53.8701
G1 X-7.64 Y-5.47 E53.9494
G1 X-8.69 Y-6.08 E53.9840
;layer:0.18
G1 E53.6840 F1800
G1 X9.03 Y-9.03 F4800
G1 Z12.310 F420
G1 E53.9840 F1800
;structure:shell-inner
G1 X9.03 Y-9.03 F4800
G1 X9.03 Y0.97 E54.2684 F1680
G1 X9.03 Y9.03 E54.4976 F1764
G1 X7.09 Y9.03 E54.5527
G1 X-2.91 Y9.03 E54.8371 F1848
G1 X-9.03 Y9.03 E55.0111 F1932
G1 X-9.03 Y5.15 E55.1215
G1 X-9.03 Y-4.85 E55.4058 F2016
G1 X-9.03 Y-9.03 E55.5247 F2100
G1 X9.03 Y-9.03 E56.0383
G1 E55.7383 F1800
G1 X9.43 Y-9.43 F4800
G1 E56.0383 F1800
G1 X9.43 Y-9.43 F4800
G1 X9.43 Y9.43 E56.5746 F2100
G1 X-9.43 Y9.43 E57.1110
G1 X-9.43 Y-9.43 E57.6473
G1 X9.43 Y-9.43 E58.1836
G1 E57.8836 F1800
G1 X9.83 Y-9.83 F4800
G1 E58.1836 F1800
;structure:shell-outer
G1 X9.83 Y-9.83 F4800
M204 S500
G1 X9.83 Y9.83 E58.7427 F1500
G1 X-9.83 Y9.83 E59.3018
G1 X-9.83 Y-9.83 E59.8608
G1 X9.83 Y-9.83 E60.4199
G1 E60.1199 F1800
M204 S1000
G1 X8.69 Y-6.08 F4800
G1 E60.4199 F1800
;structure:infill-sparse
G1 X8.69 Y-6.08 F4800
G1 X7.64 Y-5.47 E60.4544 F3000
G1 X7.64 Y-2.68 E60.5338
G1 X8.69 Y-2.07 E60.5683
G1 X8.69 Y2.07 E60.6861
G1 X7.64 Y2.68 E60.7206
G1 X7.64 Y5.47 E60.7999
G1 X8.69 Y6.08 E60.8345
G1 X8.69 Y8.69 E60.9087
G1 X5.14 Y8.69 E61.0096
G1 X5.14 Y6.75 E61.0648
G1 X7.36 Y5.47 E61.1377
G1 X7.36 Y2.68 E61.2170
G1 X5.14 Y1.40 E61.2899
G1 X5.14 Y-1.40 E61.3695
G1 X7.36 Y-2.68 E61.4424
G1 X7.36 Y-5.47 E61.5217
G1 X5.14 Y-6.75 E61.5946
G1 X5.14 Y-8.69 E61.6498
G1 X4.86 Y-8.69 E61.6577
G1 X4.86 Y-6.75 E61.7129
G1 X2.64 Y-5.47 E61.7858
G1 X2.64 Y-2.68 E61.8651
G1 X4.86 Y-1.40 E61.9380
G1 X4.86 Y1.40 E62.0176
G1 X2.64 Y2.68 E62.0905
G1 X2.64 Y5.47 E62.1698
G1 X4.86 Y6.75 E62.2427
G1 X4.86 Y8.69 E62.2979
G1 X0.14 Y8.69 E62.4321
G1 X0.14 Y6.75 E62.4873
G1 X2.36 Y5.47 E62.5601
G1 X2.36 Y2.68 E62.6395
G1 X0.14 Y1.40 E62.7124
G1 X0.14 Y-1.40 E62.7920
G1 X2.36 Y-2.68 E62.8649
G1 X2.36 Y-5.47 E62.9442
G1 X0.14 Y-6.75 E63.0171
G1 X0.14 Y-8.69 E63.0722
G1 X-0.14 Y-8.69 E63.0802
G1 X-0.14 Y-6.75 E63.1354
G1 X-2.36 Y-5.47 E63.2082
G1 X-2.36 Y-2.68 E63.2876
G1 X-0.14 Y-1.40 E63.3605
G1 X-0.14 Y1.40 E63.4401
G1 X-2.36 Y2.68 E63.5130
G1 X-2.36 Y5.47 E63.5923
G1 X-0.14 Y6.75 E63.6652
G1 X-0.14 Y8.69 E63.7203
G1 X-4.86 Y8.69 E63.8546
G1 X-4.86 Y6.75 E63.9097
G1 X-2.64 Y5.47 E63.9826
G1 X-2.64 Y2.68 E64.0619
G1 X-4.86 Y1.40 E64.1348
G1 X-4.86 Y-1.40 E64.2144
G1 X-2.64 Y-2.68 E64.2873
G1 X-2.64 Y-5.47 E64.3667
G1 X-4.86 Y-6.75 E64.4395
G1 X-4.86 Y-8.69 E64.4947
G1 X-5.14 Y-8.69 E64.5027
G1 X-5.14 Y-6.75 E64.5578
G1 X-7.36 Y-5.47 E64.6307
G1 X-7.36 Y-2.68 E64.7100
G1 X-5.14 Y-1.40 E64.7829
G1 X-5.14 Y1.40 E64.8625
G1 X-7.36 Y2.68 E64.9354
G1 X-7.36 Y5.47 E65.0148
G1 X-5.14 Y6.75 E65.0876
G1 X-5.14 Y8.69 E65.1428
G1 X-8.69 Y8.69 E65.2438
G1 X-8.69 Y6.08 E65.3180
G1 X-7.64 Y5.47 E65.3525
G1 X-7.64 Y2.68 E65.4319
G1 X-8.69 Y2.07 E65.4664
G1 X-8.69 Y-2.07 E65.5841
G1 X-7.64 Y-2.68 E65.6186
G1 X-7.64 Y-5.47 E65.6980
G1 X-8.69 Y-6.08 E65.7325
;layer:0.18
G1 E65.4325 F1800
G1 X9.03 Y-9.03 F4800
G1 Z12.490 F420
G1 E65.7325 F1800
;structure:shell-inner
G1 X9.03 Y-9.03 F4800
G1 X9.03 Y0.97 E66.0169 F1680
G1 X9.03 Y9.03 E66.2461 F1764
G1 X7.09 Y9.03 E66.3013
G1 X-2.91 Y9.03 E66.5856 F1848
G1 X-9.03 Y9.03 E66.7597 F1932
G1 X-9.03 Y5.15 E66.8700
G1 X-9.03 Y-4.85 E67.1544 F2016
G1 X-9.03 Y-9.03 E67.2733 F2100
G1 X9.03 Y-9.03 E67.7868
G1 E67.4868 F1800
G1 X9.43 Y-9.43 F4800
G1 E67.7868 F1800
G1 X9.43 Y-9.43 F4800
G1 X9.43 Y9.43 E68.3232 F2100
G1 X-9.43 Y9.43 E68.8595
G1 X-9.43 Y-9.43 E69.3958
G1 X9.43 Y-9.43 E69.9322
G1 E69.6322 F1800
G1 X9.83 Y-9.83 F4800
G1 E69.9322 F1800
;structure:shell-outer
G1 X9.83 Y-9.83 F4800
M204 S500
G1 X9.83 Y9.83 E70.4912 F1500
G1 X-9.83 Y9.83 E71.0503
G1 X-9.83 Y-9.83 E71.6094
G1 X9.83 Y-9.83 E72.1685
G1 E71.8685 F1800
M204 S1000
G1 X8.69 Y-6.08 F4800
G1 E72.1685 F1800
;structure:infill-sparse
G1 X8.69 Y-6.08 F4800
G1 X7.64 Y-5.47 E72.2030 F3000
G1 X7.64 Y-2.68 E72.2823
G1 X8.69 Y-2.07 E72.3169
G1 X8.69 Y2.07 E72.4346
G1 X7.64 Y2.68 E72.4691
G1 X7.64 Y5.47 E72.5485
G1 X8.69 Y6.08 E72.5830
G1 X8.69 Y8.69 E72.6572
G1 X5.14 Y8.69 E72.7582
G1 X5.14 Y6.75 E72.8134
G1 X7.36 Y5.47 E72.8862
G1 X7.36 Y2.68 E72.9656
G1 X5.14 Y1.40 E73.0385
G1 X5.14 Y-1.40 E73.1181
G1 X7.36 Y-2.68 E73.1910
G1 X7.36 Y-5.47 E73.2703
G1 X5.14 Y-6.75 E73.3432
G1 X5.14 Y-8.69 E73.3983
G1 X4.86 Y-8.69 E73.4063
G1 X4.86 Y-6.75 E73.4615
G1 X2.64 Y-5.47 E73.5344
G1 X2.64 Y-2.68 E73.6137
G1 X4.86 Y-1.40 E73.6866
G1 X4.86 Y1.40 E73.7662
G1 X2.64 Y2.68 E73.8391
G1 X2.64 Y5.47 E73.9184
G1 X4.86 Y6.75 E73.9913
G1 X4.86 Y8.69 E74.0465
G1 X0.14 Y8.69 E74.1807
G1 X0.14 Y6.75 E74.2359
G1 X2.36 Y5.47 E74.3087
G1 X2.36 Y2.68 E74.3881
G1 X0.14 Y1.40 E74.4610
G1 X0.14 Y-1.40 E74.5406
G1 X2.36 Y-2.68 E74.6135
G1 X2.36 Y-5.47 E74.6928
G1 X0.14 Y-6.75 E74.7657
G1 X0.14 Y-8.69 E74.8208
G1 X-0.14 Y-8.69 E74.8288
G1 X-0.14 Y-6.75 E74.8840
G1 X-2.36 Y-5.47 E74.9568
G1 X-2.36 Y-2.68 E75.0362
G1 X-0.14 Y-1.40 E75.1091
G1 X-0.14 Y1.40 E75.1887
G1 X-2.36 Y2.68 E75.2616
G1 X-2.36 Y5.47 E75.3409
G1 X-0.14 Y6.75 E75.4138
G1 X-0.14 Y8.69 E75.4690
G1 X-4.86 Y8.69 E75.6032
G1 X-4.86 Y6.75 E75.6584
G1 X-2.64 Y5.47 E75.7312
G1 X-2.64 Y2.68 E75.8106
G1 X-4.86 Y1.40 E75.8835
G1 X-4.86 Y-1.40 E75.9631
G1 X-2.64 Y-2.68 E76.0359
G1 X-2.64 Y-5.47 E76.1153
G1 X-4.86 Y-6.75 E76.1882
G1 X-4.86 Y-8.69 E76.2433
G1 X-5.14 Y-8.69 E76.2513
G1 X-5.14 Y-6.75 E76.3065
G1 X-7.36 Y-5.47 E76.3793
G1 X-7.36 Y-2.68 E76.4587
G1 X-5.14 Y-1.40 E76.5316
G1 X-5.14 Y1.40 E76.6112
G1 X-7.36 Y2.68 E76.6841
G1 X-7.36 Y5.47 E76.7634
G1 X-5.14 Y6.75 E76.8363
G1 X-5.14 Y8.69 E76.8915
G1 X-8.69 Y8.69 E76.9924
G1 X-8.69 Y6.08 E77.0666
G1 X-7.64 Y5.47 E77.1012
G1 X-7.64 Y2.68 E77.1805
G1 X-8.69 Y2.07 E77.2150
G1 X-8.69 Y-2.07 E77.3328
G1 X-7.64 Y-2.68 E77.3673
G1 X-7.64 Y-5.47 E77.4466
G1 X-8.69 Y-6.08 E77.4812
;layer:0.18
G1 E77.1812 F1800
G1 X9.03 Y-9.03 F4800
G1 Z12.670 F420
G1 E77.4812 F1800
;structure:shell-inner
G1 X9.03 Y-9.03 F4800
G1 X9.03 Y0.97 E77.7656 F1680
G1 X9.03 Y9.03 E77.9948 F1764
G1 X7.09 Y9.03 E78.0499
G1 X-2.91 Y9.03 E78.3343 F1848
G1 X-9.03 Y9.03 E78.5083 F1932
G1 X-9.03 Y5.15 E78.6187
G1 X-9.03 Y-4.85 E78.9031 F2016
G1 X-9.03 Y-9.03 E79.0219 F2100
G1 X9.03 Y-9.03 E79.5355
G1 E79.2355 F1800
G1 X9.43 Y-9.43 F4800
G1 E79.5355 F1800
G1 X9.43 Y-9.43 F4800
G1 X9.43 Y9.43 E80.0718 F2100
G1 X-9.43 Y9.43 E80.6082
G1 X-9.43 Y-9.43 E81.1445
G1 X9.43 Y-9.43 E81.6808
G1 E81.3808 F1800
G1 X9.83 Y-9.83 F4800
G1 E81.6808 F1800
;structure:shell-outer
G1 X9.83 Y-9.83 F4800
M204 S500
G1 X9.83 Y9.83 E82.2399 F1500
G1 X-9.83 Y9.83 E82.7990
G1 X-9.83 Y-9.83 E83.3580
G1 X9.83 Y-9.83 E83.9171
G1 E83.6171 F1800
M204 S1000
G1 X8.69 Y-6.08 F4800
G1 E83.9171 F1800
;structure:infill-sparse
G1 X8.69 Y-6.08 F4800
G1 X7.64 Y-5.47 E83.9517 F3000
G1 X7.64 Y-2.68 E84.0310
G1 X8.69 Y-2.07 E84.0655
G1 X8.69 Y2.07 E84.1833
G1 X7.64 Y2.68 E84.2178
G1 X7.64 Y5.47 E84.2971
G1 X8.69 Y6.08 E84.3317
G1 X8.69 Y8.69 E84.4059
G1 X5.14 Y8.69 E84.5068
G1 X5.14 Y6.75 E84.5620
G1 X7.36 Y5.47 E84.6349
G1 X7.36 Y2.68 E84.7142
G1 X5.14 Y1.40 E84.7871
G1 X5.14 Y-1.40 E84.8667
G1 X7.36 Y-2.68 E84.9396
G1 X7.36 Y-5.47 E85.0190
G1 X5.14 Y-6.75 E85.0918
G1 X5.14 Y-8.69 E85.1470
G1 X4.86 Y-8.69 E85.1550
G1 X4.86 Y-6.75 E85.2101
G1 X2.64 Y-5.47 E85.2830
G1 X2.64 Y-2.68 E85.3624
G1 X4.86 Y-1.40 E85.4352
G1 X4.86 Y1.40 E85.5149
G1 X2.64 Y2.68 E85.5877
G1 X2.64 Y5.47 E85.6671
G1 X4.86 Y6.75 E85.7399
G1 X4.86 Y8.69 E85.7951
G1 X0.14 Y8.69 E85.9293
G1 X0.14 Y6.75 E85.9845
G1 X2.36 Y5.47 E86.0574
G1 X2.36 Y2.68 E86.1367
G1 X0.14 Y1.40 E86.2096
G1 X0.14 Y-1.40 E86.2892
G1 X2.36 Y-2.68 E86.3621
G1 X2.36 Y-5.47 E86.4415
G1 X0.14 Y-6.75 E86.5143
G1 X0.14 Y-8.69 E86.5695
G1 X-0.14 Y-8.69 E86.5775
G1 X-0.14 Y-6.75 E86.6326
G1 X-2.36 Y-5.47 E86.7055
G1 X-2.36 Y-2.68 E86.7849
G1 X-0.14 Y-1.40 E86.8577
G1 X-0.14 Y1.40 E86.9374
G1 X-2.36 Y2.68 E87.0102
G1 X-2.36 Y5.47 E87.0896
G1 X-0.14 Y6.75 E87.1624
G1 X-0.14 Y8.69 E87.2176
G1 X-4.86 Y8.69 E87.3518
G1 X-4.86 Y6.75 E87.4070
G1 X-2.64 Y5.47 E87.4799
G1 X-2.64 Y2.68 E87.5592
G1 X-4.86 Y1.40 E87.6321
G1 X-4.86 Y-1.40 E87.7117
G1 X-2.64 Y-2.68 E87.7846
G1 X-2.64 Y-5.47 E87.8640
G1 X-4.86 Y-6.75 E87.9368
G1 X-4.86 Y-8.69 E87.9920
G1 X-5.14 Y-8.69 E88.0000
G1 X-5.14 Y-6.75 E88.0551
G1 X-7.36 Y-5.47 E88.1280
G1 X-7.36 Y-2.68 E88.2074
G1 X-5.14 Y-1.40 E88.2802
G1 X-5.14 Y1.40 E88.3598
G1 X-7.36 Y2.68 E88.4327
G1 X-7.36 Y5.47 E88.5121
G1 X-5.14 Y6.75 E88.5849
G1 X-5.14 Y8.69 E88.6401
G1 X-8.69 Y8.69 E88.7411
G1 X-8.69 Y6.08 E88.8153
G1 X-7.64 Y5.47 E88.8498
G1 X-7.64 Y2.68 E88.9292
G1 X-8.69 Y2.07 E88.9637
G1 X-8.69 Y-2.07 E89.0814
G1 X-7.64 Y-2.68 E89.1160
G1 X-7.64 Y-5.47 E89.1953
G1 X-8.69 Y-6.08 E89.2298
;layer:0.18
G1 E88.9298 F1800
G1 X9.03 Y-9.03 F4800
G1 Z12.850 F420
G1 E89.2298 F1800
;structure:shell-inner
G1 X9.03 Y-9.03 F4800
G1 X9.03 Y0.97 E89.5142 F1680
G1 X9.03 Y9.03 E89.7434 F1764
G1 X7.09 Y9.03 E89.7986
G1 X-2.91 Y9.03 E90.0830 F1848
G1 X-9.03 Y9.03 E90.2570 F1932
G1 X-9.03 Y5.15 E90.3673
G1 X-9.03 Y-4.85 E90.6517 F2016
G1 X-9.03 Y-9.03 E90.7706 F2100
G1 X9.03 Y-9.03 E91.2842
G1 E90.9842 F1800
G1 X9.43 Y-9.43 F4800
G1 E91.2842 F1800
G1 X9.43 Y-9.43 F4800
G1 X9.43 Y9.43 E91.8205 F2100
G1 X-9.43 Y9.43 E92.3568
G1 X-9.43 Y-9.43 E92.8931
G1 X9.43 Y-9.43 E93.4295
G1 E93.1295 F1800
G1 X9.83 Y-9.83 F4800
G1 E93.4295 F1800
;structure:shell-outer
G1 X9.83 Y-9.83 F4800
M204 S500
G1 X9.83 Y9.83 E93.9885 F1500
G1 X-9.83 Y9.83 E94.5476
G1 X-9.83 Y-9.83 E95.1067
G1 X9.83 Y-9.83 E95.6658
G1 E95.3658 F1800
M204 S1000
G1 X8.69 Y-6.08 F4800
G1 E95.6658 F1800
;structure:infill-sparse
G1 X8.69 Y-6.08 F4800
G1 X7.64 Y-5.47 E95.7003 F3000
G1 X7.64 Y-2.68 E95.7797
G1 X8.69 Y-2.07 E95.8142
G1 X8.69 Y2.07 E95.9319
G1 X7.64 Y2.68 E95.9665
G1 X7.64 Y5.47 E96.0458
G1 X8.69 Y6.08 E96.0803
G1 X8.69 Y8.69 E96.1545
G1 X5.14 Y8.69 E96.2555
G1 X5.14 Y6.75 E96.3107
G1 X7.36 Y5.47 E96.3835
G1 X7.36 Y2.68 E96.4629
G1 X5.14 Y1.40 E96.5358
G1 X5.14 Y-1.40 E96.6154
G1 X7.36 Y-2.68 E96.6883
G1 X7.36 Y-5.47 E96.7676
G1 X5.14 Y-6.75 E96.8405
G1 X5.14 Y-8.69 E96.8957
G1 X4.86 Y-8.69 E96.9036
G1 X4.86 Y-6.75 E96.9588
G1 X2.64 Y-5.47 E97.0317
G1 X2.64 Y-2.68 E97.1110
G1 X4.86 Y-1.40 E97.1839
G1 X4.86 Y1.40 E97.2635
G1 X2.64 Y2.68 E97.3364
G1 X2.64 Y5.47 E97.4157
G1 X4.86 Y6.75 E97.4886
G1 X4.86 Y8.69 E97.5438
G1 X0.14 Y8.69 E97.6780
G1 X0.14 Y6.75 E97.7332
G1 X2.36 Y5.47 E97.8060
G1 X2.36 Y2.68 E97.8854
G1 X0.14 Y1.40 E97.9583
G1 X0.14 Y-1.40 E98.0379
G1 X2.36 Y-2.68 E98.1108
G1 X2.36 Y-5.47 E98.1901
G1 X0.14 Y-6.75 E98.2630
G1 X0.14 Y-8.69 E98.3182
G1 X-0.14 Y-8.69 E98.3261
G1 X-0.14 Y-6.75 E98.3813
G1 X-2.36 Y-5.47 E98.4542
G1 X-2.36 Y-2.68 E98.5335
G1 X-0.14 Y-1.40 E98.6064
G1 X-0.14 Y1.40 E98.6860
G1 X-2.36 Y2.68 E98.7589
G1 X-2.36 Y5.47 E98.8382
G1 X-0.14 Y6.75 E98.9111
G1 X-0.14 Y8.69 E98.9663
G1 X-4.86 Y8.69 E99.1005
G1 X-4.86 Y6.75 E99.1557
G1 X-2.64 Y5.47 E99.2285
G1 X-2.64 Y2.68 E99.3079
G1 X-4.86 Y1.40 E99.3808
G1 X-4.86 Y-1.40 E99.4604
G1 X-2.64 Y-2.68 E99.5333
G1 X-2.64 Y-5.47 E99.6126
G1 X-4.86 Y-6.75 E99.6855
G1 X-4.86 Y-8.69 E99.7407
G1 X-5.14 Y-8.69 E99.7486
G1 X-5.14 Y-6.75 E99.8038
G1 X-7.36 Y-5.47 E99.8767
G1 X-7.36 Y-2.68 E99.9560
G1 X-5.14 Y-1.40 E100.0289
G1 X-5.14 Y1.40 E100.1085
G1 X-7.36 Y2.68 E100.1814
G1 X-7.36 Y5.47 E100.2607
G1 X-5.14 Y6.75 E100.3336
G1 X-5.14 Y8.69 E100.3888
G1 X-8.69 Y8.69 E100.4897
G1 X-8.69 Y6.08 E100.5639
G1 X-7.64 Y5.47 E100.5985
G1 X-7.64 Y2.68 E100.6778
G1 X-8.69 Y2.07 E100.7123
G1 X-8.69 Y-2.07 E100.8301
G1 X-7.64 Y-2.68 E100.8646
G1 X-7.64 Y-5.47 E100.9440
G1 X-8.69 Y-6.08 E100.9785
;layer:0.18
G1 E100.6785 F1800
G1 X9.03 Y-9.03 F4800
G1 Z13.030 F420
G1 E100.9785 F1800
;structure:shell-inner
G1 X9.03 Y-9.03 F4800
G1 X9.03 Y0.97 E101.2629 F1680
G1 X9.03 Y9.03 E101.4921 F1764
G1 X7.09 Y9.03 E101.5472
G1 X-2.91 Y9.03 E101.8316 F1848
G1 X-9.03 Y9.03 E102.0057 F1932
G1 X-9.03 Y5.15 E102.1160
G1 X-9.03 Y-4.85 E102.4004 F2016
G1 X-9.03 Y-9.03 E102.5192 F2100
G1 X9.03 Y-9.03 E103.0328
G1 E102.7328 F1800
G1 X9.43 Y-9.43 F4800
G1 E103.0328 F1800
G1 X9.43 Y-9.43 F4800
G1 X9.43 Y9.43 E103.5691 F2100
G1 X-9.43 Y9.43 E104.1055
G1 X-9.43 Y-9.43 E104.6418
G1 X9.43 Y-9.43 E105.1781
G1 E104.8781 F1800
G1 X9.83 Y-9.83 F4800
G1 E105.1781 F1800
;structure:shell-outer
G1 X9.83 Y-9.83 F4800
M204 S500
G1 X9.83 Y9.83 E105.7372 F1500
G1 X-9.83 Y9.83 E106.2963
G1 X-9.83 Y-9.83 E106.8554
G1 X9.83 Y-9.83 E107.4144
G1 E107.1144 F1800
M204 S1000
G1 X8.69 Y-6.08 F4800
G1 E107.4144 F1800
;structure:infill-sparse
G1 X8.69 Y-6.08 F4800
G1 X7.64 Y-5.47 E107.4490 F3000
G1 X7.64 Y-2.68 E107.5283
G1 X8.69 Y-2.07 E107.5628
G1 X8.69 Y2.07 E107.6806
G1 X7.64 Y2.68 E107.7151
G1 X7.64 Y5.47 E107.7945
G1 X8.69 Y6.08 E107.8290
G1 X8.69 Y8.69 E107.9032
G1 X5.14 Y8.69 E108.0042
G1 X5.14 Y6.75 E108.0593
G1 X7.36 Y5.47 E108.1322
G1 X7.36 Y2.68 E108.2115
G1 X5.14 Y1.40 E108.2844
G1 X5.14 Y-1.40 E108.3640
G1 X7.36 Y-2.68 E108.4369
G1 X7.36 Y-5.47 E108.5163
G1 X5.14 Y-6.75 E108.5891
G1 X5.14 Y-8.69 E108.6443
G1 X4.86 Y-8.69 E108.6523
G1 X4.86 Y-6.75 E108.7074
G1 X2.64 Y-5.47 E108.7803
G1 X2.64 Y-2.68 E108.8597
G1 X4.86 Y-1.40 E108.9325
G1 X4.86 Y1.40 E109.0122
G1 X2.64 Y2.68 E109.0850
G1 X2.64 Y5.47 E109.1644
G1 X4.86 Y6.75 E109.2373
G1 X4.86 Y8.69 E109.2924
G1 X0.14 Y8.69 E109.4267
G1 X0.14 Y6.75 E109.4818
G1 X2.36 Y5.47 E109.5547
G1 X2.36 Y2.68 E109.6340
G1 X0.14 Y1.40 E109.7069
G1 X0.14 Y-1.40 E109.7865
G1 X2.36 Y-2.68 E109.8594
G1 X2.36 Y-5.47 E109.9388
G1 X0.14 Y-6.75 E110.0116
G1 X0.14 Y-8.69 E110.0668
G1 X-0.14 Y-8.69 E110.0748
G1 X-0.14 Y-6.75 E110.1299
G1 X-2.36 Y-5.47 E110.2028
G1 X-2.36 Y-2.68 E110.2822
G1 X-0.14 Y-1.40 E110.3550
G1 X-0.14 Y1.40 E110.4347
G1 X-2.36 Y2.68 E110.5075
G1 X-2.36 Y5.47 E110.5869
G1 X-0.14 Y6.75 E110.6598
G1 X-0.14 Y8.69 E110.7149
G1 X-4.86 Y8.69 E110.8492
G1 X-4.86 Y6.75 E110.9043
G1 X-2.64 Y5.47 E110.9772
G1 X-2.64 Y2.68 E111.0565
G1 X-4.86 Y1.40 E111.1294
G1 X-4.86 Y-1.40 E111.2090
G1 X-2.64 Y-2.68 E111.2819
G1 X-2.64 Y-5.47 E111.3613
G1 X-4.86 Y-6.75 E111.4341
G1 X-4.86 Y-8.69 E111.4893
G1 X-5.14 Y-8.69 E111.4973
G1 X-5.14 Y-6.75 E111.5524
G1 X-7.36 Y-5.47 E111.6253
G1 X-7.36 Y-2.68 E111.7047
G1 X-5.14 Y-1.40 E111.7775
G1 X-5.14 Y1.40 E111.8572
G1 X-7.36 Y2.68 E111.9300
G1 X-7.36 Y5.47 E112.0094
G1 X-5.14 Y6.75 E112.0823
G1 X-5.14 Y8.69 E112.1374
G1 X-8.69 Y8.69 E112.2384
G1 X-8.69 Y6.08 E112.3126
G1 X-7.64 Y5.47 E112.3471
G1 X-7.64 Y2.68 E112.4265
G1 X-8.69 Y2.07 E112.4610
G1 X-8.69 Y-2.07 E112.5787
G1 X-7.64 Y-2.68 E112.6133
G1 X-7.64 Y-5.47 E112.6926
G1 X-8.69 Y-6.08 E112.7271
;layer:0.18
G1 E112.4271 F1800
G1 X9.03 Y-9.03 F4800
G1 Z13.210 F420
G1 E112.7271 F1800
;structure:shell-inner
G1 X9.03 Y-9.03 F4800
G1 X9.03 Y0.97 E113.0115 F1680
G1 X9.03 Y9.03 E113.2407 F1764
G1 X7.09 Y9.03 E113.2959
G1 X-2.91 Y9.03 E113.5803 F1848
G1 X-9.03 Y9.03 E113.7543 F1932
G1 X-9.03 Y5.15 E113.8646
G1 X-9.03 Y-4.85 E114.1490 F2016
G1 X-9.03 Y-9.03 E114.2679 F2100
G1 X9.03 Y-9.03 E114.7815
G1 E114.4815 F1800
G1 X9.43 Y-9.43 F4800
G1 E114.7815 F1800
G1 X9.43 Y-9.43 F4800
G1 X9.43 Y9.43 E115.3178 F2100
G1 X-9.43 Y9.43 E115.8541
G1 X-9.43 Y-9.43 E116.3904
G1 X9.43 Y-9.43 E116.9268
G1 E116.6268 F1800
G1 X9.83 Y-9.83 F4800
G1 E116.9268 F1800
;structure:shell-outer
G1 X9.83 Y-9.83 F4800
M204 S500
G1 X9.83 Y9.83 E117.4859 F1500
G1 X-9.83 Y9.83 E118.0449
G1 X-9.83 Y-9.83 E118.6040
G1 X9.83 Y-9.83 E119.1631
G1 E118.8631 F1800
M204 S1000
G1 X8.69 Y-6.08 F4800
G1 E119.1631 F1800
;structure:infill-sparse
G1 X8.69 Y-6.08 F4800
G1 X7.64 Y-5.47 E119.1976 F3000
G1 X7.64 Y-2.68 E119.2770
G1 X8.69 Y-2.07 E119.3115
G1 X8.69 Y2.07 E119.4292
G1 X7.64 Y2.68 E119.4638
G1 X7.64 Y5.47 E119.5431
G1 X8.69 Y6.08 E119.5776
G1 X8.69 Y8.69 E119.6519
G1 X5.14 Y8.69 E119.7528
G1 X5.14 Y6.75 E119.8080
G1 X7.36 Y5.47 E119.8809
G1 X7.36 Y2.68 E119.9602
G1 X5.14 Y1.40 E120.0331
G1 X5.14 Y-1.40 E120.1127
G1 X7.36 Y-2.68 E120.1856
G1 X7.36 Y-5.47 E120.2649
G1 X5.14 Y-6.75 E120.3378
G1 X5.14 Y-8.69 E120.3930
G1 X4.86 Y-8.69 E120.4009
G1 X4.86 Y-6.75 E120.4561
G1 X2.64 Y-5.47 E120.5290
G1 X2.64 Y-2.68 E120.6083
G1 X4.86 Y-1.40 E120.6812
G1 X4.86 Y1.40 E120.7608
G1 X2.64 Y2.68 E120.8337
G1 X2.64 Y5.47 E120.9130
G1 X4.86 Y6.75 E120.9859
G1 X4.86 Y8.69 E121.0411
G1 X0.14 Y8.69 E121.1753
G1 X0.14 Y6.75 E121.2305
G1 X2.36 Y5.47 E121.3034
G1 X2.36 Y2.68 E121.3827
G1 X0.14 Y1.40 E121.4556
G1 X0.14 Y-1.40 E121.5352
G1 X2.36 Y-2.68 E121.6081
G1 X2.36 Y-5.47 E121.6874
G1 X0.14 Y-6.75 E121.7603
G1 X0.14 Y-8.69 E121.8155
G1 X-0.14 Y-8.69 E121.8234
G1 X-0.14 Y-6.75 E121.8786
G1 X-2.36 Y-5.47 E121.9515
G1 X-2.36 Y-2.68 E122.0308
G1 X-0.14 Y-1.40 E122.1037
G1 X-0.14 Y1.40 E122.1833
G1 X-2.36 Y2.68 E122.2562
G1 X-2.36 Y5.47 E122.3355
G1 X-0.14 Y6.75 E122.4084
G1 X-0.14 Y8.69 E122.4636
G1 X-4.86 Y8.69 E122.5978
G1 X-4.86 Y6.75 E122.6530
G1 X-2.64 Y5.47 E122.7259
G1 X-2.64 Y2.68 E122.8052
G1 X-4.86 Y1.40 E122.8781
G1 X-4.86 Y-1.40 E122.9577
G1 X-2.64 Y-2.68 E123.0306
G1 X-2.64 Y-5.47 E123.1099
G1 X-4.86 Y-6.75 E123.1828
G1 X-4.86 Y-8.69 E123.2380
G1 X-5.14 Y-8.69 E123.2459
G1 X-5.14 Y-6.75 E123.3011
G1 X-7.36 Y-5.47 E123.3740
G1 X-7.36 Y-2.68 E123.4533
G1 X-5.14 Y-1.40 E123.5262
G1 X-5.14 Y1.40 E123.6058
G1 X-7.36 Y2.68 E123.6787
G1 X-7.36 Y5.47 E123.7580
G1 X-5.14 Y6.75 E123.8309
G1 X-5.14 Y8.69 E123.8861
G1 X-8.69 Y8.69 E123.9870
G1 X-8.69 Y6.08 E124.0613
G1 X-7.64 Y5.47 E124.0958
G1 X-7.64 Y2.68 E124.1751
G1 X-8.69 Y2.07 E124.2097
G1 X-8.69 Y-2.07 E124.3274
G1 X-7.64 Y-2.68 E124.3619
G1 X-7.64 Y-5.47 E124.4413
G1 X-8.69 Y-6.08 E124.4758
;layer:0.18
G1 E124.1758 F1800
G1 X9.03 Y-9.03 F4800
G1 Z13.390 F420
G1 E124.4758 F1800
;structure:shell-inner
G1 X9.03 Y-9.03 F4800
G1 X9.03 Y0.97 E124.7602 F1680
G1 X9.03 Y9.03 E124.9894 F1764
G1 X7.09 Y9.03 E125.0446
G1 X-2.91 Y9.03 E125.3289 F1848
G1 X-9.03 Y9.03 E125.5030 F1932
G1 X-9.03 Y5.15 E125.6133
G1 X-9.03 Y-4.85 E125.8977 F2016
G1 X-9.03 Y-9.03 E126.0165 F2100
G1 X9.03 Y-9.03 E126.5301
G1 E126.2301 F1800
G1 X9.43 Y-9.43 F4800
G1 E126.5301 F1800
G1 X9.43 Y-9.43 F4800
G1 X9.43 Y9.43 E127.0665 F2100
G1 X-9.43 Y9.43 E127.6028
G1 X-9.43 Y-9.43 E128.1391
G1 X9.43 Y-9.43 E128.6754
G1 E128.3754 F1800
G1 X9.83 Y-9.83 F4800
G1 E128.6754 F1800
;structure:shell-outer
G1 X9.83 Y-9.83 F4800
M204 S500
G1 X9.83 Y9.83 E129.2345 F1500
G1 X-9.83 Y9.83 E129.7936
G1 X-9.83 Y-9.83 E130.3527
G1 X9.83 Y-9.83 E130.9117
G1 E130.6118 F1800
M204 S1000
G1 X8.69 Y-6.08 F4800
G1 E130.9117 F1800
;structure:infill-sparse
G1 X8.69 Y-6.08 F4800
G1 X7.64 Y-5.47 E130.9463 F3000
G1 X7.64 Y-2.68 E131.0256
G1 X8.69 Y-2.07 E131.0602
G1 X8.69 Y2.07 E131.1779
G1 X7.64 Y2.68 E131.2124
G1 X7.64 Y5.47 E131.2918
G1 X8.69 Y6.08 E131.3263
G1 X8.69 Y8.69 E131.4005
G1 X5.14 Y8.69 E131.5015
G1 X5.14 Y6.75 E131.5566
G1 X7.36 Y5.47 E131.6295
G1 X7.36 Y2.68 E131.7089
G1 X5.14 Y1.40 E131.7817
G1 X5.14 Y-1.40 E131.8614
G1 X7.36 Y-2.68 E131.9342
G1 X7.36 Y-5.47 E132.0136
G1 X5.14 Y-6.75 E132.0865
G1 X5.14 Y-8.69 E132.1416
G1 X4.86 Y-8.69 E132.1496
G1 X4.86 Y-6.75 E132.2048
G1 X2.64 Y-5.47 E132.2776
G1 X2.64 Y-2.68 E132.3570
G1 X4.86 Y-1.40 E132.4299
G1 X4.86 Y1.40 E132.5095
G1 X2.64 Y2.68 E132.5824
G1 X2.64 Y5.47 E132.6617
G1 X4.86 Y6.75 E132.7346
G1 X4.86 Y8.69 E132.7897
G1 X0.14 Y8.69 E132.9240
G1 X0.14 Y6.75 E132.9791
G1 X2.36 Y5.47 E133.0520
G1 X2.36 Y2.68 E133.1314
G1 X0.14 Y1.40 E133.2042
G1 X0.14 Y-1.40 E133.2839
G1 X2.36 Y-2.68 E133.3567
G1 X2.36 Y-5.47 E133.4361
G1 X0.14 Y-6.75 E133.5090
G1 X0.14 Y-8.69 E133.5641
G1 X-0.14 Y-8.69 E133.5721
G1 X-0.14 Y-6.75 E133.6273
G1 X-2.36 Y-5.47 E133.7001
G1 X-2.36 Y-2.68 E133.7795
G1 X-0.14 Y-1.40 E133.8524
G1 X-0.14 Y1.40 E133.9320
G1 X-2.36 Y2.68 E134.0049
G1 X-2.36 Y5.47 E134.0842
G1 X-0.14 Y6.75 E134.1571
G1 X-0.14 Y8.69 E134.2122
G1 X-4.86 Y8.69 E134.3465
G1 X-4.86 Y6.75 E134.4016
G1 X-2.64 Y5.47 E134.4745
G1 X-2.64 Y2.68 E134.5539
G1 X-4.86 Y1.40 E134.6267
G1 X-4.86 Y-1.40 E134.7064
G1 X-2.64 Y-2.68 E134.7792
G1 X-2.64 Y-5.47 E134.8586
G1 X-4.86 Y-6.75 E134.9315
G1 X-4.86 Y-8.69 E134.9866
G1 X-5.14 Y-8.69 E134.9946
G1 X-5.14 Y-6.75 E135.0498
G1 X-7.36 Y-5.47 E135.1226
G1 X-7.36 Y-2.68 E135.2020
G1 X-5.14 Y-1.40 E135.2749
G1 X-5.14 Y1.40 E135.3545
G1 X-7.36 Y2.68 E135.4274
G1 X-7.36 Y5.47 E135.5067
G1 X-5.14 Y6.75 E135.5796
G1 X-5.14 Y8.69 E135.6348
G1 X-8.69 Y8.69 E135.7357
G1 X-8.69 Y6.08 E135.8099
G1 X-7.64 Y5.47 E135.8445
G1 X-7.64 Y2.68 E135.9238
G1 X-8.69 Y2.07 E135.9583
G1 X-8.69 Y-2.07 E136.0761
G1 X-7.64 Y-2.68 E136.1106
G1 X-7.64 Y-5.47 E136.1899
G1 X-8.69 Y-6.08 E136.2245
;layer:0.18
G1 E135.9245 F1800
G1 X9.03 Y-9.03 F4800
G1 Z13.570 F420
G1 E136.2245 F1800
;structure:shell-inner
G1 X9.03 Y-9.03 F4800
G1 X9.03 Y0.97 E136.5089 F1680
G1 X9.03 Y9.03 E136.7381 F1764
G1 X7.09 Y9.03 E136.7932
G1 X-2.91 Y9.03 E137.0776 F1848
G1 X-9.03 Y9.03 E137.2516 F1932
G1 X-9.03 Y5.15 E137.3620
G1 X-9.03 Y-4.85 E137.6463 F2016
G1 X-9.03 Y-9.03 E137.7652 F2100
G1 X9.03 Y-9.03 E138.2788
G1 E137.9788 F1800
G1 X9.43 Y-9.43 F4800
G1 E138.2788 F1800
G1 X9.43 Y-9.43 F4800
G1 X9.43 Y9.43 E138.8151 F2100
G1 X-9.43 Y9.43 E139.3515
G1 X-9.43 Y-9.43 E139.8878
G1 X9.43 Y-9.43 E140.4241
G1 E140.1241 F1800
G1 X9.83 Y-9.83 F4800
G1 E140.4241 F1800
;structure:shell-outer
G1 X9.83 Y-9.83 F4800
M204 S500
G1 X9.83 Y9.83 E140.9832 F1500
G1 X-9.83 Y9.83 E141.5423
G1 X-9.83 Y-9.83 E142.1013
G1 X9.83 Y-9.83 E142.6604
G1 E142.3604 F1800
M204 S1000
G1 X8.69 Y-6.08 F4800
G1 E142.6604 F1800
;structure:infill-sparse
G1 X8.69 Y-6.08 F4800
G1 X7.64 Y-5.47 E142.6949 F3000
G1 X7.64 Y-2.68 E142.7743
G1 X8.69 Y-2.07 E142.8088
G1 X8.69 Y2.07 E142.9266
G1 X7.64 Y2.68 E142.9611
G1 X7.64 Y5.47 E143.0404
G1 X8.69 Y6.08 E143.0750
G1 X8.69 Y8.69 E143.1492
G1 X5.14 Y8.69 E143.2501
G1 X5.14 Y6.75 E143.3053
G1 X7.36 Y5.47 E143.3782
G1 X7.36 Y2.68 E143.4575
G1 X5.14 Y1.40 E143.5304
G1 X5.14 Y-1.40 E143.6100
G1 X7.36 Y-2.68 E143.6829
G1 X7.36 Y-5.47 E143.7623
G1 X5.14 Y-6.75 E143.8351
G1 X5.14 Y-8.69 E143.8903
G1 X4.86 Y-8.69 E143.8983
G1 X4.86 Y-6.75 E143.9534
G1 X2.64 Y-5.47 E144.0263
G1 X2.64 Y-2.68 E144.1057
G1 X4.86 Y-1.40 E144.1785
G1 X4.86 Y1.40 E144.2582
G1 X2.64 Y2.68 E144.3310
G1 X2.64 Y5.47 E144.4104
G1 X4.86 Y6.75 E144.4832
G1 X4.86 Y8.69 E144.5384
G1 X0.14 Y8.69 E144.6726
G1 X0.14 Y6.75 E144.7278
G1 X2.36 Y5.47 E144.8007
G1 X2.36 Y2.68 E144.8800
G1 X0.14 Y1.40 E144.9529
G1 X0.14 Y-1.40 E145.0325
G1 X2.36 Y-2.68 E145.1054
G1 X2.36 Y-5.47 E145.1848
G1 X0.14 Y-6.75 E145.2576
G1 X0.14 Y-8.69 E145.3128
G1 X-0.14 Y-8.69 E145.3208
G1 X-0.14 Y-6.75 E145.3759
G1 X-2.36 Y-5.47 E145.4488
G1 X-2.36 Y-2.68 E145.5282
G1 X-0.14 Y-1.40 E145.6010
G1 X-0.14 Y1.40 E145.6806
G1 X-2.36 Y2.68 E145.7535
G1 X-2.36 Y5.47 E145.8329
G1 X-0.14 Y6.75 E145.9057
G1 X-0.14 Y8.69 E145.9609
G1 X-4.86 Y8.69 E146.0951
G1 X-4.86 Y6.75 E146.1503
G1 X-2.64 Y5.47 E146.2232
G1 X-2.64 Y2.68 E146.3025
G1 X-4.86 Y1.40 E146.3754
G1 X-4.86 Y-1.40 E146.4550
G1 X-2.64 Y-2.68 E146.5279
G1 X-2.64 Y-5.47 E146.6073
G1 X-4.86 Y-6.75 E146.6801
G1 X-4.86 Y-8.69 E146.7353
G1 X-5.14 Y-8.69 E146.7433
G1 X-5.14 Y-6.75 E146.7984
G1 X-7.36 Y-5.47 E146.8713
G1 X-7.36 Y-2.68 E146.9507
G1 X-5.14 Y-1.40 E147.0235
G1 X-5.14 Y1.40 E147.1031
G1 X-7.36 Y2.68 E147.1760
G1 X-7.36 Y5.47 E147.2554
G1 X-5.14 Y6.75 E147.3282
G1 X-5.14 Y8.69 E147.3834
G1 X-8.69 Y8.69 E147.4844
G1 X-8.69 Y6.08 E147.5586
G1 X-7.64 Y5.47 E147.5931
G1 X-7.64 Y2.68 E147.6725
G1 X-8.69 Y2.07 E147.7070
G1 X-8.69 Y-2.07 E147.8247
G1 X-7.64 Y-2.68 E147.8593
G1 X-7.64 Y-5.47 E147.9386
G1 X-8.69 Y-6.08 E147.9731
;layer:0.18
G1 E147.6731 F1800
G1 X9.03 Y-9.03 F4800
G1 Z13.750 F420
G1 E147.9731 F1800
;structure:shell-inner
G1 X9.03 Y-9.03 F4800
G1 X9.03 Y0.97 E148.2575 F1680
G1 X9.03 Y9.03 E148.4867 F1764
G1 X7.09 Y9.03 E148.5419
G1 X-2.91 Y9.03 E148.8263 F1848
G1 X-9.03 Y9.03 E149.0003 F1932
G1 X-9.03 Y5.15 E149.1106
G1 X-9.03 Y-4.85 E149.3950 F2016
G1 X-9.03 Y-9.03 E149.5139 F2100
G1 X9.03 Y-9.03 E150.0275
G1 E149.7275 F1800
G1 X9.43 Y-9.43 F4800
G1 E150.0275 F1800
G1 X9.43 Y-9.43 F4800
G1 X9.43 Y9.43 E150.5638 F2100
G1 X-9.43 Y9.43 E151.1001
G1 X-9.43 Y-9.43 E151.6365
G1 X9.43 Y-9.43 E152.1728
G1 E151.8728 F1800
G1 X9.83 Y-9.83 F4800
G1 E152.1728 F1800
;structure:shell-outer
G1 X9.83 Y-9.83 F4800
M204 S500
G1 X9.83 Y9.83 E152.7319 F1500
G1 X-9.83 Y9.83 E153.2909
G1 X-9.83 Y-9.83 E153.8500
G1 X9.83 Y-9.83 E154.4091
G1 E154.1091 F1800
M204 S1000
G1 X8.69 Y-6.08 F4800
G1 E154.4091 F1800
;structure:infill-sparse
G1 X8.69 Y-6.08 F4800
G1 X7.64 Y-5.47 E154.4436 F3000
G1 X7.64 Y-2.68 E154.5230
G1 X8.69 Y-2.07 E154.5575
G1 X8.69 Y2.07 E154.6752
G1 X7.64 Y2.68 E154.7098
G1 X7.64 Y5.47 E154.7891
G1 X8.69 Y6.08 E154.8236
G1 X8.69 Y8.69 E154.8979
G1 X5.14 Y8.69 E154.9988
G1 X5.14 Y6.75 E155.0540
G1 X7.36 Y5.47 E155.1269
G1 X7.36 Y2.68 E155.2062
G1 X5.14 Y1.40 E155.2791
G1 X5.14 Y-1.40 E155.3587
G1 X7.36 Y-2.68 E155.4316
G1 X7.36 Y-5.47 E155.5109
G1 X5.14 Y-6.75 E155.5838
G1 X5.14 Y-8.69 E155.6390
G1 X4.86 Y-8.69 E155.6469
G1 X4.86 Y-6.75 E155.7021
G1 X2.64 Y-5.47 E155.7750
G1 X2.64 Y-2.68 E155.8543
G1 X4.86 Y-1.40 E155.9272
G1 X4.86 Y1.40 E156.0068
G1 X2.64 Y2.68 E156.0797
G1 X2.64 Y5.47 E156.1590
G1 X4.86 Y6.75 E156.2319
G1 X4.86 Y8.69 E156.2871
G1 X0.14 Y8.69 E156.4213
G1 X0.14 Y6.75 E156.4765
G1 X2.36 Y5.47 E156.5494
G1 X2.36 Y2.68 E156.6287
G1 X0.14 Y1.40 E156.7016
G1 X0.14 Y-1.40 E156.7812
G1 X2.36 Y-2.68 E156.8541
G1 X2.36 Y-5.47 E156.9334
G1 X0.14 Y-6.75 E157.0063
G1 X0.14 Y-8.69 E157.0615
G1 X-0.14 Y-8.69 E157.0694
G1 X-0.14 Y-6.75 E157.1246
G1 X-2.36 Y-5.47 E157.1975
G1 X-2.36 Y-2.68 E157.2768
G1 X-0.14 Y-1.40 E157.3497
G1 X-0.14 Y1.40 E157.4293
G1 X-2.36 Y2.68 E157.5022
G1 X-2.36 Y5.47 E157.5815
G1 X-0.14 Y6.75 E157.6544
G1 X-0.14 Y8.69 E157.7096
G1 X-4.86 Y8.69 E157.8438
G1 X-4.86 Y6.75 E157.8990
G1 X-2.64 Y5.47 E157.9719
G1 X-2.64 Y2.68 E158.0512
G1 X-4.86 Y1.40 E158.1241
G1 X-4.86 Y-1.40 E158.2037
G1 X-2.64 Y-2.68 E158.2766
G1 X-2.64 Y-5.47 E158.3559
G1 X-4.86 Y-6.75 E158.4288
G1 X-4.86 Y-8.69 E158.4840
G1 X-5.14 Y-8.69 E158.4919
G1 X-5.14 Y-6.75 E158.5471
G1 X-7.36 Y-5.47 E158.6200
G1 X-7.36 Y-2.68 E158.6993
G1 X-5.14 Y-1.40 E158.7722
G1 X-5.14 Y1.40 E158.8518
G1 X-7.36 Y2.68 E158.9247
G1 X-7.36 Y5.47 E159.0040
G1 X-5.14 Y6.75 E159.0769
G1 X-5.14 Y8.69 E159.1321
G1 X-8.69 Y8.69 E159.2330
G1 X-8.69 Y6.08 E159.3073
G1 X-7.64 Y5.47 E159.3418
G1 X-7.64 Y2.68 E159.4211
G1 X-8.69 Y2.07 E159.4557
G1 X-8.69 Y-2.07 E159.5734
G1 X-7.64 Y-2.68 E159.6079
G1 X-7.64 Y-5.47 E159.6873
G1 X-8.69 Y-6.08 E159.7218
;layer:0.18
G1 E159.4218 F1800
G1 X9.03 Y-9.03 F4800
G1 Z13.930 F420
G1 E159.7218 F1800
;structure:shell-inner
G1 X9.03 Y-9.03 F4800
G1 X9.03 Y0.97 E160.0062 F1680
G1 X9.03 Y9.03 E160.2354 F1764
G1 X7.09 Y9.03 E160.2906
G1 X-2.91 Y9.03 E160.5749 F1848
G1 X-9.03 Y9.03 E160.7490 F1932
G1 X-9.03 Y5.15 E160.8593
G1 X-9.03 Y-4.85 E161.1437 F2016
G1 X-9.03 Y-9.03 E161.2626 F2100
G1 X9.03 Y-9.03 E161.7761
G1 E161.4761 F1800
G1 X9.43 Y-9.43 F4800
G1 E161.7761 F1800
G1 X9.43 Y-9.43 F4800
G1 X9.43 Y9.43 E162.3125 F2100
G1 X-9.43 Y9.43 E162.8488
G1 X-9.43 Y-9.43 E163.3851
G1 X9.43 Y-9.43 E163.9214
G1 E163.6215 F1800
G1 X9.83 Y-9.83 F4800
G1 E163.9214 F1800
;structure:shell-outer
G1 X9.83 Y-9.83 F4800
M204 S500
G1 X9.83 Y9.83 E164.4805 F1500
G1 X-9.83 Y9.83 E165.0396
G1 X-9.83 Y-9.83 E165.5987
G1 X9.83 Y-9.83 E166.1578
G1 E165.8578 F1800
M204 S1000
G1 X8.69 Y-6.08 F4800
G1 E166.1578 F1800
;structure:infill-sparse
G1 X8.69 Y-6.08 F4800
G1 X7.64 Y-5.47 E166.1923 F3000
G1 X7.64 Y-2.68 E166.2716
G1 X8.69 Y-2.07 E166.3062
G1 X8.69 Y2.07 E166.4239
G1 X7.64 Y2.68 E166.4584
G1 X7.64 Y5.47 E166.5378
G1 X8.69 Y6.08 E166.5723
G1 X8.69 Y8.69 E166.6465
G1 X5.14 Y8.69 E166.7475
G1 X5.14 Y6.75 E166.8027
G1 X7.36 Y5.47 E166.8755
G1 X7.36 Y2.68 E166.9549
G1 X5.14 Y1.40 E167.0278
G1 X5.14 Y-1.40 E167.1074
G1 X7.36 Y-2.68 E167.1803
G1 X7.36 Y-5.47 E167.2596
G1 X5.14 Y-6.75 E167.3325
G1 X5.14 Y-8.69 E167.3876
G1 X4.86 Y-8.69 E167.3956
G1 X4.86 Y-6.75 E167.4508
G1 X2.64 Y-5.47 E167.5237
G1 X2.64 Y-2.68 E167.6030
G1 X4.86 Y-1.40 E167.6759
G1 X4.86 Y1.40 E167.7555
G1 X2.64 Y2.68 E167.8284
G1 X2.64 Y5.47 E167.9077
G1 X4.86 Y6.75 E167.9806
G1 X4.86 Y8.69 E168.0358
G1 X0.14 Y8.69 E168.1700
G1 X0.14 Y6.75 E168.2252
G1 X2.36 Y5.47 E168.2980
G1 X2.36 Y2.68 E168.3774
G1 X0.14 Y1.40 E168.4503
G1 X0.14 Y-1.40 E168.5299
G1 X2.36 Y-2.68 E168.6028
G1 X2.36 Y-5.47 E168.6821
G1 X0.14 Y-6.75 E168.7550
G1 X0.14 Y-8.69 E168.8101
G1 X-0.14 Y-8.69 E168.8181
G1 X-0.14 Y-6.75 E168.8733
G1 X-2.36 Y-5.47 E168.9462
G1 X-2.36 Y-2.68 E169.0255
G1 X-0.14 Y-1.40 E169.0984
G1 X-0.14 Y1.40 E169.1780
G1 X-2.36 Y2.68 E169.2509
G1 X-2.36 Y5.47 E169.3302
G1 X-0.14 Y6.75 E169.4031
G1 X-0.14 Y8.69 E169.4583
G1 X-4.86 Y8.69 E169.5925
G1 X-4.86 Y6.75 E169.6477
G1 X-2.64 Y5.47 E169.7205
G1 X-2.64 Y2.68 E169.7999
G1 X-4.86 Y1.40 E169.8728
G1 X-4.86 Y-1.40 E169.9524
G1 X-2.64 Y-2.68 E170.0253
G1 X-2.64 Y-5.47 E170.1046
G1 X-4.86 Y-6.75 E170.1775
G1 X-4.86 Y-8.69 E170.2326
G1 X-5.14 Y-8.69 E170.2406
G1 X-5.14 Y-6.75 E170.2958
G1 X-7.36 Y-5.47 E170.3687
G1 X-7.36 Y-2.68 E170.4480
G1 X-5.14 Y-1.40 E170.5209
G1 X-5.14 Y1.40 E170.6005
G1 X-7.36 Y2.68 E170.6734
G1 X-7.36 Y5.47 E170.7527
G1 X-5.14 Y6.75 E170.8256
G1 X-5.14 Y8.69 E170.8808
G1 X-8.69 Y8.69 E170.9817
G1 X-8.69 Y6.08 E171.0559
G1 X-7.64 Y5.47 E171.0905
G1 X-7.64 Y2.68 E171.1698
G1 X-8.69 Y2.07 E171.2043
G1 X-8.69 Y-2.07 E171.3221
G1 X-7.64 Y-2.68 E171.3566
G1 X-7.64 Y-5.47 E171.4360
G1 X-8.69 Y-6.08 E171.4705
;layer:0.18
G1 E171.1705 F1800
G1 X9.03 Y-9.03 F4800
G1 Z14.110 F420
G1 E171.4705 F1800
;structure:shell-inner
G1 X9.03 Y-9.03 F4800
G1 X9.03 Y0.97 E171.7549 F1680
G1 X9.03 Y9.03 E171.9841 F1764
G1 X7.09 Y9.03 E172.0392
G1 X-2.91 Y9.03 E172.3236 F1848
G1 X-9.03 Y9.03 E172.4976 F1932
G1 X-9.03 Y5.15 E172.6080
G1 X-9.03 Y-4.85 E172.8924 F2016
G1 X-9.03 Y-9.03 E173.0112 F2100
G1 X9.03 Y-9.03 E173.5248
G1 E173.2248 F1800
G1 X9.43 Y-9.43 F4800
G1 E173.5248 F1800
G1 X9.43 Y-9.43 F4800
G1 X9.43 Y9.43 E174.0611 F2100
G1 X-9.43 Y9.43 E174.5975
G1 X-9.43 Y-9.43 E175.1338
G1 X9.43 Y-9.43 E175.6701
G1 E175.3701 F1800
G1 X9.83 Y-9.83 F4800
G1 E175.6701 F1800
;structure:shell-outer
G1 X9.83 Y-9.83 F4800
M204 S500
G1 X9.83 Y9.83 E176.2292 F1500
G1 X-9.83 Y9.83 E176.7883
G1 X-9.83 Y-9.83 E177.3474
G1 X9.83 Y-9.83 E177.9064
G1 E177.6064 F1800
M204 S1000
G1 X8.69 Y-6.08 F4800
G1 E177.9064 F1800
;structure:infill-sparse
G1 X8.69 Y-6.08 F4800
G1 X7.64 Y-5.47 E177.9410 F3000
G1 X7.64 Y-2.68 E178.0203
G1 X8.69 Y-2.07 E178.0548
G1 X8.69 Y2.07 E178.1726
G1 X7.64 Y2.68 E178.2071
G1 X7.64 Y5.47 E178.2865
G1 X8.69 Y6.08 E178.3210
G1 X8.69 Y8.69 E178.3952
G1 X5.14 Y8.69 E178.4962
G1 X5.14 Y6.75 E178.5513
G1 X7.36 Y5.47 E178.6242
G1 X7.36 Y2.68 E178.7036
G1 X5.14 Y1.40 E178.7764
G1 X5.14 Y-1.40 E178.8560
G1 X7.36 Y-2.68 E178.9289
G1 X7.36 Y-5.47 E179.0083
G1 X5.14 Y-6.75 E179.0811
G1 X5.14 Y-8.69 E179.1363
G1 X4.86 Y-8.69 E179.1443
G1 X4.86 Y-6.75 E179.1994
G1 X2.64 Y-5.47 E179.2723
G1 X2.64 Y-2.68 E179.3517
G1 X4.86 Y-1.40 E179.4245
G1 X4.86 Y1.40 E179.5042
G1 X2.64 Y2.68 E179.5770
G1 X2.64 Y5.47 E179.6564
G1 X4.86 Y6.75 E179.7293
G1 X4.86 Y8.69 E179.7844
G1 X0.14 Y8.69 E179.9187
G1 X0.14 Y6.75 E179.9738
G1 X2.36 Y5.47 E180.0467
G1 X2.36 Y2.68 E180.1261
G1 X0.14 Y1.40 E180.1989
G1 X0.14 Y-1.40 E180.2785
G1 X2.36 Y-2.68 E180.3514
G1 X2.36 Y-5.47 E180.4308
G1 X0.14 Y-6.75 E180.5036
G1 X0.14 Y-8.69 E180.5588
G1 X-0.14 Y-8.69 E180.5668
G1 X-0.14 Y-6.75 E180.6219
G1 X-2.36 Y-5.47 E180.6948
G1 X-2.36 Y-2.68 E180.7742
G1 X-0.14 Y-1.40 E180.8470
G1 X-0.14 Y1.40 E180.9267
G1 X-2.36 Y2.68 E180.9995
G1 X-2.36 Y5.47 E181.0789
G1 X-0.14 Y6.75 E181.1518
G1 X-0.14 Y8.69 E181.2069
G1 X-4.86 Y8.69 E181.3412
G1 X-4.86 Y6.75 E181.3963
G1 X-2.64 Y5.47 E181.4692
G1 X-2.64 Y2.68 E181.5486
G1 X-4.86 Y1.40 E181.6214
G1 X-4.86 Y-1.40 E181.7010
G1 X-2.64 Y-2.68 E181.7739
G1 X-2.64 Y-5.47 E181.8533
G1 X-4.86 Y-6.75 E181.9261
G1 X-4.86 Y-8.69 E181.9813
G1 X-5.14 Y-8.69 E181.9893
G1 X-5.14 Y-6.75 E182.0444
G1 X-7.36 Y-5.47 E182.1173
G1 X-7.36 Y-2.68 E182.1967
G1 X-5.14 Y-1.40 E182.2695
G1 X-5.14 Y1.40 E182.3492
G1 X-7.36 Y2.68 E182.4220
G1 X-7.36 Y5.47 E182.5014
G1 X-5.14 Y6.75 E182.5743
G1 X-5.14 Y8.69 E182.6294
G1 X-8.69 Y8.69 E182.7304
G1 X-8.69 Y6.08 E182.8046
G1 X-7.64 Y5.47 E182.8391
G1 X-7.64 Y2.68 E182.9185
G1 X-8.69 Y2.07 E182.9530
G1 X-8.69 Y-2.07 E183.0708
G1 X-7.64 Y-2.68 E183.1053
G1 X-7.64 Y-5.47 E183.1846
G1 X-8.69 Y-6.08 E183.2192
;layer:0.18
G1 E182.9192 F1800
G1 X9.03 Y-9.03 F4800
G1 Z14.290 F420
G1 E183.2192 F1800
;structure:shell-inner
G1 X9.03 Y-9.03 F4800
G1 X9.03 Y0.97 E183.5035 F1680
G1 X9.03 Y9.03 E183.7327 F1764
G1 X7.09 Y9.03 E183.7879
G1 X-2.91 Y9.03 E184.0723 F1848
G1 X-9.03 Y9.03 E184.2463 F1932
G1 X-9.03 Y5.15 E184.3567
G1 X-9.03 Y-4.85 E184.6410 F2016
G1 X-9.03 Y-9.03 E184.7599 F2100
G1 X9.03 Y-9.03 E185.2735
G1 E184.9735 F1800
G1 X9.43 Y-9.43 F4800
G1 E185.2735 F1800
G1 X9.43 Y-9.43 F4800
G1 X9.43 Y9.43 E185.8098 F2100
G1 X-9.43 Y9.43 E186.3461
G1 X-9.43 Y-9.43 E186.8825
G1 X9.43 Y-9.43 E187.4188
G1 E187.1188 F1800
G1 X9.83 Y-9.83 F4800
G1 E187.4188 F1800
;structure:shell-outer
G1 X9.83 Y-9.83 F4800
M204 S500
G1 X9.83 Y9.83 E187.9779 F1500
G1 X-9.83 Y9.83 E188.5370
G1 X-9.83 Y-9.83 E189.0960
G1 X9.83 Y-9.83 E189.6551
G1 E189.3551 F1800
M204 S1000
G1 X8.69 Y-6.08 F4800
G1 E189.6551 F1800
;structure:infill-sparse
G1 X8.69 Y-6.08 F4800
G1 X7.64 Y-5.47 E189.6896 F3000
G1 X7.64 Y-2.68 E189.7690
G1 X8.69 Y-2.07 E189.8035
G1 X8.69 Y2.07 E189.9212
G1 X7.64 Y2.68 E189.9558
G1 X7.64 Y5.47 E190.0351
G1 X8.69 Y6.08 E190.0697
G1 X8.69 Y8.69 E190.1439
G1 X5.14 Y8.69 E190.2448
G1 X5.14 Y6.75 E190.3000
G1 X7.36 Y5.47 E190.3729
G1 X7.36 Y2.68 E190.4522
G1 X5.14 Y1.40 E190.5251
G1 X5.14 Y-1.40 E190.6047
G1 X7.36 Y-2.68 E190.6776
G1 X7.36 Y-5.47 E190.7569
G1 X5.14 Y-6.75 E190.8298
G1 X5.14 Y-8.69 E190.8850
G1 X4.86 Y-8.69 E190.8930
G1 X4.86 Y-6.75 E190.9481
G1 X2.64 Y-5.47 E191.0210
G1 X2.64 Y-2.68 E191.1003
G1 X4.86 Y-1.40 E191.1732
G1 X4.86 Y1.40 E191.2528
G1 X2.64 Y2.68 E191.3257
G1 X2.64 Y5.47 E191.4051
G1 X4.86 Y6.75 E191.4779
G1 X4.86 Y8.69 E191.5331
G1 X0.14 Y8.69 E191.6673
G1 X0.14 Y6.75 E191.7225
G1 X2.36 Y5.47 E191.7954
G1 X2.36 Y2.68 E191.8747
G1 X0.14 Y1.40 E191.9476
G1 X0.14 Y-1.40 E192.0272
G1 X2.36 Y-2.68 E192.1001
G1 X2.36 Y-5.47 E192.1794
G1 X0.14 Y-6.75 E192.2523
G1 X0.14 Y-8.69 E192.3075
G1 X-0.14 Y-8.69 E192.3155
G1 X-0.14 Y-6.75 E192.3706
G1 X-2.36 Y-5.47 E192.4435
G1 X-2.36 Y-2.68 E192.5228
G1 X-0.14 Y-1.40 E192.5957
G1 X-0.14 Y1.40 E192.6753
G1 X-2.36 Y2.68 E192.7482
G1 X-2.36 Y5.47 E192.8276
G1 X-0.14 Y6.75 E192.9004
G1 X-0.14 Y8.69 E192.9556
G1 X-4.86 Y8.69 E193.0898
G1 X-4.86 Y6.75 E193.1450
G1 X-2.64 Y5.47 E193.2179
G1 X-2.64 Y2.68 E193.2972
G1 X-4.86 Y1.40 E193.3701
G1 X-4.86 Y-1.40 E193.4497
G1 X-2.64 Y-2.68 E193.5226
G1 X-2.64 Y-5.47 E193.6019
G1 X-4.86 Y-6.75 E193.6748
G1 X-4.86 Y-8.69 E193.7300
G1 X-5.14 Y-8.69 E193.7379
G1 X-5.14 Y-6.75 E193.7931
G1 X-7.36 Y-5.47 E193.8660
G1 X-7.36 Y-2.68 E193.9453
G1 X-5.14 Y-1.40 E194.0182
G1 X-5.14 Y1.40 E194.0978
G1 X-7.36 Y2.68 E194.1707
G1 X-7.36 Y5.47 E194.2501
G1 X-5.14 Y6.75 E194.3229
G1 X-5.14 Y8.69 E194.3781
G1 X-8.69 Y8.69 E194.4791
G1 X-8.69 Y6.08 E194.5533
G1 X-7.64 Y5.47 E194.5878
G1 X-7.64 Y2.68 E194.6672
G1 X-8.69 Y2.07 E194.7017
G1 X-8.69 Y-2.07 E194.8194
G1 X-7.64 Y-2.68 E194.8540
G1 X-7.64 Y-5.47 E194.9333
G1 X-8.69 Y-6.08 E194.9678
;layer:0.18
G1 E194.6678 F1800
G1 X9.03 Y-9.03 F4800
G1 Z14.470 F420
G1 E194.9678 F1800
;structure:shell-inner
G1 X9.03 Y-9.03 F4800
G1 X9.03 Y0.97 E195.2522 F1680
G1 X9.03 Y9.03 E195.4814 F1764
G1 X7.09 Y9.03 E195.5366
G1 X-2.91 Y9.03 E195.8210 F1848
G1 X-9.03 Y9.03 E195.9950 F1932
G1 X-9.03 Y5.15 E196.1053
G1 X-9.03 Y-4.85 E196.3897 F2016
G1 X-9.03 Y-9.03 E196.5086 F2100
G1 X9.03 Y-9.03 E197.0222
G1 E196.7222 F1800
G1 X9.43 Y-9.43 F4800
G1 E197.0222 F1800
G1 X9.43 Y-9.43 F4800
G1 X9.43 Y9.43 E197.5585 F2100
G1 X-9.43 Y9.43 E198.0948
G1 X-9.43 Y-9.43 E198.6311
G1 X9.43 Y-9.43 E199.1675
G1 E198.8675 F1800
G1 X9.83 Y-9.83 F4800
G1 E199.1675 F1800
;structure:shell-outer
G1 X9.83 Y-9.83 F4800
M204 S500
G1 X9.83 Y9.83 E199.7265 F1500
G1 X-9.83 Y9.83 E200.2856
G1 X-9.83 Y-9.83 E200.8447
G1 X9.83 Y-9.83 E201.4038
G1 E201.1038 F1800
M204 S1000
G1 X8.69 Y-6.08 F4800
G1 E201.4038 F1800
;structure:infill-sparse
G1 X8.69 Y-6.08 F4800
G1 X7.64 Y-5.47 E201.4383 F3000
G1 X7.64 Y-2.68 E201.5177
G1 X8.69 Y-2.07 E201.5522
G1 X8.69 Y2.07 E201.6699
G1 X7.64 Y2.68 E201.7045
G1 X7.64 Y5.47 E201.7838
G1 X8.69 Y6.08 E201.8183
G1 X8.69 Y8.69 E201.8925
G1 X5.14 Y8.69 E201.9935
G1 X5.14 Y6.75 E202.0487
G1 X7.36 Y5.47 E202.1216
G1 X7.36 Y2.68 E202.2009
G1 X5.14 Y1.40 E202.2738
G1 X5.14 Y-1.40 E202.3534
G1 X7.36 Y-2.68 E202.4263
G1 X7.36 Y-5.47 E202.5056
G1 X5.14 Y-6.75 E202.5785
G1 X5.14 Y-8.69 E202.6337
G1 X4.86 Y-8.69 E202.6416
G1 X4.86 Y-6.75 E202.6968
G1 X2.64 Y-5.47 E202.7697
G1 X2.64 Y-2.68 E202.8490
G1 X4.86 Y-1.40 E202.9219
G1 X4.86 Y1.40 E203.0015
G1 X2.64 Y2.68 E203.0744
G1 X2.64 Y5.47 E203.1537
G1 X4.86 Y6.75 E203.2266
G1 X4.86 Y8.69 E203.2818
G1 X0.14 Y8.69 E203.4160
G1 X0.14 Y6.75 E203.4712
G1 X2.36 Y5.47 E203.5441
G1 X2.36 Y2.68 E203.6234
G1 X0.14 Y1.40 E203.6963
G1 X0.14 Y-1.40 E203.7759
G1 X2.36 Y-2.68 E203.8488
G1 X2.36 Y-5.47 E203.9281
G1 X0.14 Y-6.75 E204.0010
G1 X0.14 Y-8.69 E204.0562
G1 X-0.14 Y-8.69 E204.0641
G1 X-0.14 Y-6.75 E204.1193
G1 X-2.36 Y-5.47 E204.1922
G1 X-2.36 Y-2.68 E204.2715
G1 X-0.14 Y-1.40 E204.3444
G1 X-0.14 Y1.40 E204.4240
G1 X-2.36 Y2.68 E204.4969
G1 X-2.36 Y5.47 E204.5762
G1 X-0.14 Y6.75 E204.6491
G1 X-0.14 Y8.69 E204.7043
G1 X-4.86 Y8.69 E204.8385
G1 X-4.86 Y6.75 E204.8937
G1 X-2.64 Y5.47 E204.9666
G1 X-2.64 Y2.68 E205.0459
G1 X-4.86 Y1.40 E205.1188
G1 X-4.86 Y-1.40 E205.1984
G1 X-2.64 Y-2.68 E205.2713
G1 X-2.64 Y-5.47 E205.3506
G1 X-4.86 Y-6.75 E205.4235
G1 X-4.86 Y-8.69 E205.4787
G1 X-5.14 Y-8.69 E205.4866
G1 X-5.14 Y-6.75 E205.5418
G1 X-7.36 Y-5.47 E205.6147
G1 X-7.36 Y-2.68 E205.6940
G1 X-5.14 Y-1.40 E205.7669
G1 X-5.14 Y1.40 E205.8465
G1 X-7.36 Y2.68 E205.9194
G1 X-7.36 Y5.47 E205.9987
G1 X-5.14 Y6.75 E206.0716
G1 X-5.14 Y8.69 E206.1268
G1 X-8.69 Y8.69 E206.2277
G1 X-8.69 Y6.08 E206.3020
G1 X-7.64 Y5.47 E206.3365
G1 X-7.64 Y2.68 E206.4158
G1 X-8.69 Y2.07 E206.4504
G1 X-8.69 Y-2.07 E206.5681
G1 X-7.64 Y-2.68 E206.6026
G1 X-7.64 Y-5.47 E206.6820
G1 X-8.69 Y-6.08 E206.7165
;layer:0.18
G1 E206.4165 F1800
G1 X9.03 Y-9.03 F4800
G1 Z14.650 F420
G1 E206.7165 F1800
;structure:shell-inner
G1 X9.03 Y-9.03 F4800
G1 X9.03 Y0.97 E207.0009 F1680
G1 X9.03 Y9.03 E207.2301 F1764
G1 X7.09 Y9.03 E207.2852
G1 X-2.91 Y9.03 E207.5696 F1848
G1 X-9.03 Y9.03 E207.7437 F1932
G1 X-9.03 Y5.15 E207.8540
G1 X-9.03 Y-4.85 E208.1384 F2016
G1 X-9.03 Y-9.03 E208.2572 F2100
G1 X9.03 Y-9.03 E208.7708
G1 E208.4708 F1800
G1 X9.43 Y-9.43 F4800
G1 E208.7708 F1800
G1 X9.43 Y-9.43 F4800
G1 X9.43 Y9.43 E209.3072 F2100
G1 X-9.43 Y9.43 E209.8435
G1 X-9.43 Y-9.43 E210.3798
G1 X9.43 Y-9.43 E210.9161
G1 E210.6161 F1800
G1 X9.83 Y-9.83 F4800
G1 E210.9161 F1800
;structure:shell-outer
G1 X9.83 Y-9.83 F4800
M204 S500
G1 X9.83 Y9.83 E211.4752 F1500
G1 X-9.83 Y9.83 E212.0343
G1 X-9.83 Y-9.83 E212.5934
G1 X9.83 Y-9.83 E213.1525
G1 E212.8524 F1800
M204 S1000
G1 X8.69 Y-6.08 F4800
G1 E213.1525 F1800
;structure:infill-sparse
G1 X8.69 Y-6.08 F4800
G1 X7.64 Y-5.47 E213.1870 F3000
G1 X7.64 Y-2.68 E213.2663
G1 X8.69 Y-2.07 E213.3009
G1 X8.69 Y2.07 E213.4186
G1 X7.64 Y2.68 E213.4531
G1 X7.64 Y5.47 E213.5325
G1 X8.69 Y6.08 E213.5670
G1 X8.69 Y8.69 E213.6412
G1 X5.14 Y8.69 E213.7422
G1 X5.14 Y6.75 E213.7973
G1 X7.36 Y5.47 E213.8702
G1 X7.36 Y2.68 E213.9496
G1 X5.14 Y1.40 E214.0224
G1 X5.14 Y-1.40 E214.1021
G1 X7.36 Y-2.68 E214.1749
G1 X7.36 Y-5.47 E214.2543
G1 X5.14 Y-6.75 E214.3272
G1 X5.14 Y-8.69 E214.3823
G1 X4.86 Y-8.69 E214.3903
G1 X4.86 Y-6.75 E214.4455
G1 X2.64 Y-5.47 E214.5183
G1 X2.64 Y-2.68 E214.5977
G1 X4.86 Y-1.40 E214.6706
G1 X4.86 Y1.40 E214.7502
G1 X2.64 Y2.68 E214.8231
G1 X2.64 Y5.47 E214.9024
G1 X4.86 Y6.75 E214.9753
G1 X4.86 Y8.69 E215.0305
G1 X0.14 Y8.69 E215.1647
G1 X0.14 Y6.75 E215.2198
G1 X2.36 Y5.47 E215.2927
G1 X2.36 Y2.68 E215.3721
G1 X0.14 Y1.40 E215.4449
G1 X0.14 Y-1.40 E215.5246
G1 X2.36 Y-2.68 E215.5974
G1 X2.36 Y-5.47 E215.6768
G1 X0.14 Y-6.75 E215.7496
G1 X0.14 Y-8.69 E215.8048
G1 X-0.14 Y-8.69 E215.8128
G1 X-0.14 Y-6.75 E215.8680
G1 X-2.36 Y-5.47 E215.9408
G1 X-2.36 Y-2.68 E216.0202
G1 X-0.14 Y-1.40 E216.0931
G1 X-0.14 Y1.40 E216.1727
G1 X-2.36 Y2.68 E216.2456
G1 X-2.36 Y5.47 E216.3249
G1 X-0.14 Y6.75 E216.3978
G1 X-0.14 Y8.69 E216.4530
G1 X-4.86 Y8.69 E216.5872
G1 X-4.86 Y6.75 E216.6423
G1 X-2.64 Y5.47 E216.7152
G1 X-2.64 Y2.68 E216.7946
G1 X-4.86 Y1.40 E216.8674
G1 X-4.86 Y-1.40 E216.9471
G1 X-2.64 Y-2.68 E217.0199
G1 X-2.64 Y-5.47 E217.0993
G1 X-4.86 Y-6.75 E217.1721
G1 X-4.86 Y-8.69 E217.2273
G1 X-5.14 Y-8.69 E217.2353
G1 X-5.14 Y-6.75 E217.2905
G1 X-7.36 Y-5.47 E217.3633
G1 X-7.36 Y-2.68 E217.4427
G1 X-5.14 Y-1.40 E217.5156
G1 X-5.14 Y1.40 E217.5952
G1 X-7.36 Y2.68 E217.6681
G1 X-7.36 Y5.47 E217.7474
G1 X-5.14 Y6.75 E217.8203
G1 X-5.14 Y8.69 E217.8755
G1 X-8.69 Y8.69 E217.9764
G1 X-8.69 Y6.08 E218.0506
G1 X-7.64 Y5.47 E218.0852
G1 X-7.64 Y2.68 E218.1645
G1 X-8.69 Y2.07 E218.1990
G1 X-8.69 Y-2.07 E218.3168
G1 X-7.64 Y-2.68 E218.3513
G1 X-7.64 Y-5.47 E218.4306
G1 X-8.69 Y-6.08 E218.4652
;layer:0.18
G1 E218.1652 F1800
G1 X9.03 Y-9.03 F4800
G1 Z14.830 F420
G1 E218.4652 F1800
;structure:shell-inner
G1 X9.03 Y-9.03 F4800
G1 X9.03 Y0.97 E218.7495 F1680
G1 X9.03 Y9.03 E218.9787 F1764
G1 X7.09 Y9.03 E219.0339
G1 X-2.91 Y9.03 E219.3183 F1848
G1 X-9.03 Y9.03 E219.4923 F1932
G1 X-9.03 Y5.15 E219.6027
G1 X-9.03 Y-4.85 E219.8871 F2016
G1 X-9.03 Y-9.03 E220.0059 F2100
G1 X9.03 Y-9.03 E220.5195
G1 E220.2195 F1800
G1 X9.43 Y-9.43 F4800
G1 E220.5195 F1800
G1 X9.43 Y-9.43 F4800
G1 X9.43 Y9.43 E221.0558 F2100
G1 X-9.43 Y9.43 E221.5922
G1 X-9.43 Y-9.43 E222.1285
G1 X9.43 Y-9.43 E222.6648
G1 E222.3648 F1800
G1 X9.83 Y-9.83 F4800
G1 E222.6648 F1800
;structure:shell-outer
G1 X9.83 Y-9.83 F4800
M204 S500
G1 X9.83 Y9.83 E223.2239 F1500
G1 X-9.83 Y9.83 E223.7830
G1 X-9.83 Y-9.83 E224.3420
G1 X9.83 Y-9.83 E224.9011
G1 E224.6011 F1800
M204 S1000
G1 X8.69 Y-6.08 F4800
G1 E224.9011 F1800
;structure:infill-sparse
G1 X8.69 Y-6.08 F4800
G1 X7.64 Y-5.47 E224.9357 F3000
G1 X7.64 Y-2.68 E225.0150
G1 X8.69 Y-2.07 E225.0495
G1 X8.69 Y2.07 E225.1673
G1 X7.64 Y2.68 E225.2018
G1 X7.64 Y5.47 E225.2811
G1 X8.69 Y6.08 E225.3157
G1 X8.69 Y8.69 E225.3899
G1 X5.14 Y8.69 E225.4908
G1 X5.14 Y6.75 E225.5460
G1 X7.36 Y5.47 E225.6189
G1 X7.36 Y2.68 E225.6982
G1 X5.14 Y1.40 E225.7711
G1 X5.14 Y-1.40 E225.8507
G1 X7.36 Y-2.68 E225.9236
G1 X7.36 Y-5.47 E226.0030
G1 X5.14 Y-6.75 E226.0758
G1 X5.14 Y-8.69 E226.1310
G1 X4.86 Y-8.69 E226.1390
G1 X4.86 Y-6.75 E226.1941
G1 X2.64 Y-5.47 E226.2670
G1 X2.64 Y-2.68 E226.3464
G1 X4.86 Y-1.40 E226.4192
G1 X4.86 Y1.40 E226.4989
G1 X2.64 Y2.68 E226.5717
G1 X2.64 Y5.47 E226.6511
G1 X4.86 Y6.75 E226.7240
G1 X4.86 Y8.69 E226.7791
G1 X0.14 Y8.69 E226.9133
G1 X0.14 Y6.75 E226.9685
G1 X2.36 Y5.47 E227.0414
G1 X2.36 Y2.68 E227.1207
G1 X0.14 Y1.40 E227.1936
G1 X0.14 Y-1.40 E227.2732
G1 X2.36 Y-2.68 E227.3461
G1 X2.36 Y-5.47 E227.4254
G1 X0.14 Y-6.75 E227.4983
G1 X0.14 Y-8.69 E227.5535
G1 X-0.14 Y-8.69 E227.5615
G1 X-0.14 Y-6.75 E227.6166
G1 X-2.36 Y-5.47 E227.6895
G1 X-2.36 Y-2.68 E227.7689
G1 X-0.14 Y-1.40 E227.8417
G1 X-0.14 Y1.40 E227.9214
G1 X-2.36 Y2.68 E227.9942
G1 X-2.36 Y5.47 E228.0736
G1 X-0.14 Y6.75 E228.1465
G1 X-0.14 Y8.69 E228.2016
G1 X-4.86 Y8.69 E228.3358
G1 X-4.86 Y6.75 E228.3910
G1 X-2.64 Y5.47 E228.4639
G1 X-2.64 Y2.68 E228.5432
G1 X-4.86 Y1.40 E228.6161
G1 X-4.86 Y-1.40 E228.6957
G1 X-2.64 Y-2.68 E228.7686
G1 X-2.64 Y-5.47 E228.8479
G1 X-4.86 Y-6.75 E228.9208
G1 X-4.86 Y-8.69 E228.9760
G1 X-5.14 Y-8.69 E228.9840
G1 X-5.14 Y-6.75 E229.0391
G1 X-7.36 Y-5.47 E229.1120
G1 X-7.36 Y-2.68 E229.1914
G1 X-5.14 Y-1.40 E229.2642
G1 X-5.14 Y1.40 E229.3439
G1 X-7.36 Y2.68 E229.4167
G1 X-7.36 Y5.47 E229.4961
G1 X-5.14 Y6.75 E229.5690
G1 X-5.14 Y8.69 E229.6241
G1 X-8.69 Y8.69 E229.7251
G1 X-8.69 Y6.08 E229.7993
G1 X-7.64 Y5.47 E229.8338
G1 X-7.64 Y2.68 E229.9132
G1 X-8.69 Y2.07 E229.9477
G1 X-8.69 Y-2.07 E230.0654
G1 X-7.64 Y-2.68 E230.1000
G1 X-7.64 Y-5.47 E230.1793
G1 X-8.69 Y-6.08 E230.2138
;layer:0.18
G1 E229.9138 F1800
G1 X9.03 Y-9.03 F4800
G1 Z15.010 F420
G1 E230.2138 F1800
;structure:shell-inner
G1 X9.03 Y-9.03 F4800
G1 X9.03 Y0.97 E230.4982 F1680
G1 X9.03 Y9.03 E230.7274 F1764
G1 X7.09 Y9.03 E230.7826
G1 X-2.91 Y9.03 E231.0670 F1848
G1 X-9.03 Y9.03 E231.2410 F1932
G1 X-9.03 Y5.15 E231.3513
G1 X-9.03 Y-4.85 E231.6357 F2016
G1 X-9.03 Y-9.03 E231.7546 F2100
G1 X9.03 Y-9.03 E232.2682
G1 E231.9682 F1800
G1 X9.43 Y-9.43 F4800
G1 E232.2682 F1800
G1 X9.43 Y-9.43 F4800
G1 X9.43 Y9.43 E232.8045 F2100
G1 X-9.43 Y9.43 E233.3408
G1 X-9.43 Y-9.43 E233.8772
G1 X9.43 Y-9.43 E234.4135
G1 E234.1135 F1800
G1 X9.83 Y-9.83 F4800
G1 E234.4135 F1800
;structure:shell-outer
G1 X9.83 Y-9.83 F4800
M204 S500
G1 X9.83 Y9.83 E234.9726 F1500
G1 X-9.83 Y9.83 E235.5316
G1 X-9.83 Y-9.83 E236.0907
G1 X9.83 Y-9.83 E236.6498
G1 E236.3498 F1800
M204 S1000
G1 X8.69 Y-6.08 F4800
G1 E236.6498 F1800
;structure:infill-sparse
G1 X8.69 Y-6.08 F4800
G1 X7.64 Y-5.47 E236.6843 F3000
G1 X7.64 Y-2.68 E236.7637
G1 X8.69 Y-2.07 E236.7982
G1 X8.69 Y2.07 E236.9159
G1 X7.64 Y2.68 E236.9505
G1 X7.64 Y5.47 E237.0298
G1 X8.69 Y6.08 E237.0643
G1 X8.69 Y8.69 E237.1386
G1 X5.14 Y8.69 E237.2395
G1 X5.14 Y6.75 E237.2947
G1 X7.36 Y5.47 E237.3676
G1 X7.36 Y2.68 E237.4469
G1 X5.14 Y1.40 E237.5198
G1 X5.14 Y-1.40 E237.5994
G1 X7.36 Y-2.68 E237.6723
G1 X7.36 Y-5.47 E237.7516
G1 X5.14 Y-6.75 E237.8245
G1 X5.14 Y-8.69 E237.8797
G1 X4.86 Y-8.69 E237.8876
G1 X4.86 Y-6.75 E237.9428
G1 X2.64 Y-5.47 E238.0157
G1 X2.64 Y-2.68 E238.0950
G1 X4.86 Y-1.40 E238.1679
G1 X4.86 Y1.40 E238.2475
G1 X2.64 Y2.68 E238.3204
G1 X2.64 Y5.47 E238.3997
G1 X4.86 Y6.75 E238.4726
G1 X4.86 Y8.69 E238.5278
G1 X0.14 Y8.69 E238.6620
G1 X0.14 Y6.75 E238.7172
G1 X2.36 Y5.47 E238.7901
G1 X2.36 Y2.68 E238.8694
G1 X0.14 Y1.40 E238.9423
G1 X0.14 Y-1.40 E239.0219
G1 X2.36 Y-2.68 E239.0948
G1 X2.36 Y-5.47 E239.1741
G1 X0.14 Y-6.75 E239.2470
G1 X0.14 Y-8.69 E239.3022
G1 X-0.14 Y-8.69 E239.3101
G1 X-0.14 Y-6.75 E239.3653
G1 X-2.36 Y-5.47 E239.4382
G1 X-2.36 Y-2.68 E239.5175
G1 X-0.14 Y-1.40 E239.5904
G1 X-0.14 Y1.40 E239.6700
G1 X-2.36 Y2.68 E239.7429
G1 X-2.36 Y5.47 E239.8223
G1 X-0.14 Y6.75 E239.8951
G1 X-0.14 Y8.69 E239.9503
G1 X-4.86 Y8.69 E240.0845
G1 X-4.86 Y6.75 E240.1397
G1 X-2.64 Y5.47 E240.2126
G1 X-2.64 Y2.68 E240.2919
G1 X-4.86 Y1.40 E240.3648
G1 X-4.86 Y-1.40 E240.4444
G1 X-2.64 Y-2.68 E240.5173
G1 X-2.64 Y-5.47 E240.5966
G1 X-4.86 Y-6.75 E240.6695
G1 X-4.86 Y-8.69 E240.7247
G1 X-5.14 Y-8.69 E240.7326
G1 X-5.14 Y-6.75 E240.7878
G1 X-7.36 Y-5.47 E240.8607
G1 X-7.36 Y-2.68 E240.9400
G1 X-5.14 Y-1.40 E241.0129
G1 X-5.14 Y1.40 E241.0925
G1 X-7.36 Y2.68 E241.1654
G1 X-7.36 Y5.47 E241.2448
G1 X-5.14 Y6.75 E241.3176
G1 X-5.14 Y8.69 E241.3728
G1 X-8.69 Y8.69 E241.4738
G1 X-8.69 Y6.08 E241.5480
G1 X-7.64 Y5.47 E241.5825
G1 X-7.64 Y2.68 E241.6618
G1 X-8.69 Y2.07 E241.6964
G1 X-8.69 Y-2.07 E241.8141
G1 X-7.64 Y-2.68 E241.8486
G1 X-7.64 Y-5.47 E241.9280
G1 X-8.69 Y-6.08 E241.9625
;layer:0.18
G1 E241.6625 F1800
G1 X9.03 Y-9.03 F4800
G1 Z15.190 F420
G1 E241.9625 F1800
;structure:shell-inner
G1 X9.03 Y-9.03 F4800
G1 X9.03 Y0.97 E242.2469 F1680
G1 X9.03 Y9.03 E242.4761 F1764
G1 X7.09 Y9.03 E242.5313
G1 X-2.91 Y9.03 E242.8156 F1848
G1 X-9.03 Y9.03 E242.9897 F1932
G1 X-9.03 Y5.15 E243.1000
G1 X-9.03 Y-4.85 E243.3844 F2016
G1 X-9.03 Y-9.03 E243.5033 F2100
G1 X9.03 Y-9.03 E244.0168
G1 E243.7168 F1800
G1 X9.43 Y-9.43 F4800
G1 E244.0168 F1800
G1 X9.43 Y-9.43 F4800
G1 X9.43 Y9.43 E244.5532 F2100
G1 X-9.43 Y9.43 E245.0895
G1 X-9.43 Y-9.43 E245.6258
G1 X9.43 Y-9.43 E246.1622
G1 E245.8622 F1800
G1 X9.83 Y-9.83 F4800
G1 E246.1622 F1800
;structure:shell-outer
G1 X9.83 Y-9.83 F4800
M204 S500
G1 X9.83 Y9.83 E246.7212 F1500
G1 X-9.83 Y9.83 E247.2803
G1 X-9.83 Y-9.83 E247.8394
G1 X9.83 Y-9.83 E248.3985
G1 E248.0985 F1800
M204 S1000
G1 X8.69 Y-6.08 F4800
G1 E248.3985 F1800
;structure:infill-sparse
G1 X8.69 Y-6.08 F4800
G1 X7.64 Y-5.47 E248.4330 F3000
G1 X7.64 Y-2.68 E248.5123
G1 X8.69 Y-2.07 E248.5469
G1 X8.69 Y2.07 E248.6646
G1 X7.64 Y2.68 E248.6991
G1 X7.64 Y5.47 E248.7785
G1 X8.69 Y6.08 E248.8130
G1 X8.69 Y8.69 E248.8872
G1 X5.14 Y8.69 E248.9882
G1 X5.14 Y6.75 E249.0434
G1 X7.36 Y5.47 E249.1162
G1 X7.36 Y2.68 E249.1956
G1 X5.14 Y1.40 E249.2684
G1 X5.14 Y-1.40 E249.3481
G1 X7.36 Y-2.68 E249.4210
G1 X7.36 Y-5.47 E249.5003
G1 X5.14 Y-6.75 E249.5732
G1 X5.14 Y-8.69 E249.6283
G1 X4.86 Y-8.69 E249.6363
G1 X4.86 Y-6.75 E249.6915
G1 X2.64 Y-5.47 E249.7644
G1 X2.64 Y-2.68 E249.8437
G1 X4.86 Y-1.40 E249.9166
G1 X4.86 Y1.40 E249.9962
G1 X2.64 Y2.68 E250.0691
G1 X2.64 Y5.47 E250.1484
G1 X4.86 Y6.75 E250.2213
G1 X4.86 Y8.69 E250.2765
G1 X0.14 Y8.69 E250.4107
G1 X0.14 Y6.75 E250.4659
G1 X2.36 Y5.47 E250.5387
G1 X2.36 Y2.68 E250.6181
G1 X0.14 Y1.40 E250.6909
G1 X0.14 Y-1.40 E250.7706
G1 X2.36 Y-2.68 E250.8435
G1 X2.36 Y-5.47 E250.9228
G1 X0.14 Y-6.75 E250.9957
G1 X0.14 Y-8.69 E251.0508
G1 X-0.14 Y-8.69 E251.0588
G1 X-0.14 Y-6.75 E251.1140
G1 X-2.36 Y-5.47 E251.1869
G1 X-2.36 Y-2.68 E251.2662
G1 X-0.14 Y-1.40 E251.3391
G1 X-0.14 Y1.40 E251.4187
G1 X-2.36 Y2.68 E251.4916
G1 X-2.36 Y5.47 E251.5709
G1 X-0.14 Y6.75 E251.6438
G1 X-0.14 Y8.69 E251.6990
G1 X-4.86 Y8.69 E251.8332
G1 X-4.86 Y6.75 E251.8884
G1 X-2.64 Y5.47 E251.9612
G1 X-2.64 Y2.68 E252.0406
G1 X-4.86 Y1.40 E252.1134
G1 X-4.86 Y-1.40 E252.1931
G1 X-2.64 Y-2.68 E252.2660
G1 X-2.64 Y-5.47 E252.3453
G1 X-4.86 Y-6.75 E252.4182
G1 X-4.86 Y-8.69 E252.4733
G1 X-5.14 Y-8.69 E252.4813
G1 X-5.14 Y-6.75 E252.5365
G1 X-7.36 Y-5.47 E252.6094
G1 X-7.36 Y-2.68 E252.6887
G1 X-5.14 Y-1.40 E252.7616
G1 X-5.14 Y1.40 E252.8412
G1 X-7.36 Y2.68 E252.9141
G1 X-7.36 Y5.47 E252.9934
G1 X-5.14 Y6.75 E253.0663
G1 X-5.14 Y8.69 E253.1215
G1 X-8.69 Y8.69 E253.2224
G1 X-8.69 Y6.08 E253.2966
G1 X-7.64 Y5.47 E253.3312
G1 X-7.64 Y2.68 E253.4105
G1 X-8.69 Y2.07 E253.4451
G1 X-8.69 Y-2.07 E253.5628
G1 X-7.64 Y-2.68 E253.5973
G1 X-7.64 Y-5.47 E253.6767
G1 X-8.69 Y-6.08 E253.7112
;layer:0.18
G1 E253.4112 F1800
G1 X9.03 Y-9.03 F4800
G1 Z15.370 F420
G1 E253.7112 F1800
;structure:shell-inner
G1 X9.03 Y-9.03 F4800
G1 X9.03 Y0.97 E253.9956 F1680
G1 X9.03 Y9.03 E254.2248 F1764
G1 X7.09 Y9.03 E254.2799
G1 X-2.91 Y9.03 E254.5643 F1848
G1 X-9.03 Y9.03 E254.7383 F1932
G1 X-9.03 Y5.15 E254.8487
G1 X-9.03 Y-4.85 E255.1331 F2016
G1 X-9.03 Y-9.03 E255.2519 F2100
G1 X9.03 Y-9.03 E255.7655
G1 E255.4655 F1800
G1 X9.43 Y-9.43 F4800
G1 E255.7655 F1800
G1 X9.43 Y-9.43 F4800
G1 X9.43 Y9.43 E256.3018 F2100
G1 X-9.43 Y9.43 E256.8382
G1 X-9.43 Y-9.43 E257.3745
G1 X9.43 Y-9.43 E257.9108
G1 E257.6108 F1800
G1 X9.83 Y-9.83 F4800
G1 E257.9108 F1800
;structure:shell-outer
G1 X9.83 Y-9.83 F4800
M204 S500
G1 X9.83 Y9.83 E258.4699 F1500
G1 X-9.83 Y9.83 E259.0290
G1 X-9.83 Y-9.83 E259.5881
G1 X9.83 Y-9.83 E260.1472
G1 E259.8471 F1800
M204 S1000
G1 X8.69 Y-6.08 F4800
G1 E260.1472 F1800
;structure:infill-sparse
G1 X8.69 Y-6.08 F4800
G1 X7.64 Y-5.47 E260.1817 F3000
G1 X7.64 Y-2.68 E260.2610
G1 X8.69 Y-2.07 E260.2955
G1 X8.69 Y2.07 E260.4133
G1 X7.64 Y2.68 E260.4478
G1 X7.64 Y5.47 E260.5272
G1 X8.69 Y6.08 E260.5617
G1 X8.69 Y8.69 E260.6359
G1 X5.14 Y8.69 E260.7368
G1 X5.14 Y6.75 E260.7920
G1 X7.36 Y5.47 E260.8649
G1 X7.36 Y2.68 E260.9442
G1 X5.14 Y1.40 E261.0171
G1 X5.14 Y-1.40 E261.0967
G1 X7.36 Y-2.68 E261.1696
G1 X7.36 Y-5.47 E261.2490
G1 X5.14 Y-6.75 E261.3218
G1 X5.14 Y-8.69 E261.3770
G1 X4.86 Y-8.69 E261.3850
G1 X4.86 Y-6.75 E261.4402
G1 X2.64 Y-5.47 E261.5130
G1 X2.64 Y-2.68 E261.5924
G1 X4.86 Y-1.40 E261.6653
G1 X4.86 Y1.40 E261.7449
G1 X2.64 Y2.68 E261.8177
G1 X2.64 Y5.47 E261.8971
G1 X4.86 Y6.75 E261.9700
G1 X4.86 Y8.69 E262.0251
G1 X0.14 Y8.69 E262.1594
G1 X0.14 Y6.75 E262.2145
G1 X2.36 Y5.47 E262.2874
G1 X2.36 Y2.68 E262.3668
G1 X0.14 Y1.40 E262.4396
G1 X0.14 Y-1.40 E262.5193
G1 X2.36 Y-2.68 E262.5921
G1 X2.36 Y-5.47 E262.6715
G1 X0.14 Y-6.75 E262.7444
G1 X0.14 Y-8.69 E262.7995
G1 X-0.14 Y-8.69 E262.8075
G1 X-0.14 Y-6.75 E262.8626
G1 X-2.36 Y-5.47 E262.9355
G1 X-2.36 Y-2.68 E263.0148
G1 X-0.14 Y-1.40 E263.0877
G1 X-0.14 Y1.40 E263.1674
G1 X-2.36 Y2.68 E263.2402
G1 X-2.36 Y5.47 E263.3195
G1 X-0.14 Y6.75 E263.3924
G1 X-0.14 Y8.69 E263.4476
G1 X-4.86 Y8.69 E263.5818
G1 X-4.86 Y6.75 E263.6370
G1 X-2.64 Y5.47 E263.7098
G1 X-2.64 Y2.68 E263.7892
G1 X-4.86 Y1.40 E263.8621
G1 X-4.86 Y-1.40 E263.9417
G1 X-2.64 Y-2.68 E264.0146
G1 X-2.64 Y-5.47 E264.0939
G1 X-4.86 Y-6.75 E264.1668
G1 X-4.86 Y-8.69 E264.2219
G1 X-5.14 Y-8.69 E264.2299
G1 X-5.14 Y-6.75 E264.2851
G1 X-7.36 Y-5.47 E264.3579
G1 X-7.36 Y-2.68 E264.4373
G1 X-5.14 Y-1.40 E264.5102
G1 X-5.14 Y1.40 E264.5898
G1 X-7.36 Y2.68 E264.6627
G1 X-7.36 Y5.47 E264.7420
G1 X-5.14 Y6.75 E264.8149
G1 X-5.14 Y8.69 E264.8700
G1 X-8.69 Y8.69 E264.9710
G1 X-8.69 Y6.08 E265.0452
G1 X-7.64 Y5.47 E265.0797
G1 X-7.64 Y2.68 E265.1591
G1 X-8.69 Y2.07 E265.1936
G1 X-8.69 Y-2.07 E265.3113
G1 X-7.64 Y-2.68 E265.3459
G1 X-7.64 Y-5.47 E265.4252
G1 X-8.69 Y-6.08 E265.4597
;layer:0.18
G1 E265.1597 F1800
G1 X9.03 Y-9.03 F4800
G1 Z15.550 F420
G1 E265.4597 F1800
;structure:shell-inner
G1 X9.03 Y-9.03 F4800
G1 X9.03 Y0.97 E265.7441 F1680
G1 X9.03 Y9.03 E265.9733 F1764
G1 X7.09 Y9.03 E266.0285
G1 X-2.91 Y9.03 E266.3128 F1848
G1 X-9.03 Y9.03 E266.4869 F1932
G1 X-9.03 Y5.15 E266.5972
G1 X-9.03 Y-4.85 E266.8816 F2016
G1 X-9.03 Y-9.03 E267.0005 F2100
G1 X9.03 Y-9.03 E267.5141
G1 E267.2141 F1800
G1 X9.43 Y-9.43 F4800
G1 E267.5141 F1800
G1 X9.43 Y-9.43 F4800
G1 X9.43 Y9.43 E268.0504 F2100
G1 X-9.43 Y9.43 E268.5868
G1 X-9.43 Y-9.43 E269.1231
G1 X9.43 Y-9.43 E269.6594
G1 E269.3594 F1800
G1 X9.83 Y-9.83 F4800
G1 E269.6594 F1800
;structure:shell-outer
G1 X9.83 Y-9.83 F4800
M204 S500
G1 X9.83 Y9.83 E270.2185 F1500
G1 X-9.83 Y9.83 E270.7776
G1 X-9.83 Y-9.83 E271.3367
G1 X9.83 Y-9.83 E271.8958
G1 E271.5958 F1800
M204 S1000
G1 X8.69 Y-6.08 F4800
G1 E271.8958 F1800
;structure:infill-sparse
G1 X8.69 Y-6.08 F4800
G1 X7.64 Y-5.47 E271.9304 F3000
G1 X7.64 Y-2.68 E272.0097
G1 X8.69 Y-2.07 E272.0442
G1 X8.69 Y2.07 E272.1619
G1 X7.64 Y2.68 E272.1965
G1 X7.64 Y5.47 E272.2758
G1 X8.69 Y6.08 E272.3103
G1 X8.69 Y8.69 E272.3846
G1 X5.14 Y8.69 E272.4855
G1 X5.14 Y6.75 E272.5406
G1 X7.36 Y5.47 E272.6135
G1 X7.36 Y2.68 E272.6929
G1 X5.14 Y1.40 E272.7657
G1 X5.14 Y-1.40 E272.8454
G1 X7.36 Y-2.68 E272.9182
G1 X7.36 Y-5.47 E272.9976
G1 X5.14 Y-6.75 E273.0705
G1 X5.14 Y-8.69 E273.1256
G1 X4.86 Y-8.69 E273.1336
G1 X4.86 Y-6.75 E273.1888
G1 X2.64 Y-5.47 E273.2616
G1 X2.64 Y-2.68 E273.3410
G1 X4.86 Y-1.40 E273.4138
G1 X4.86 Y1.40 E273.4935
G1 X2.64 Y2.68 E273.5663
G1 X2.64 Y5.47 E273.6457
G1 X4.86 Y6.75 E273.7186
G1 X4.86 Y8.69 E273.7737
G1 X0.14 Y8.69 E273.9079
G1 X0.14 Y6.75 E273.9631
G1 X2.36 Y5.47 E274.0360
G1 X2.36 Y2.68 E274.1153
G1 X0.14 Y1.40 E274.1882
G1 X0.14 Y-1.40 E274.2678
G1 X2.36 Y-2.68 E274.3407
G1 X2.36 Y-5.47 E274.4200
G1 X0.14 Y-6.75 E274.4929
G1 X0.14 Y-8.69 E274.5481
G1 X-0.14 Y-8.69 E274.5560
G1 X-0.14 Y-6.75 E274.6112
G1 X-2.36 Y-5.47 E274.6841
G1 X-2.36 Y-2.68 E274.7634
G1 X-0.14 Y-1.40 E274.8363
G1 X-0.14 Y1.40 E274.9159
G1 X-2.36 Y2.68 E274.9888
G1 X-2.36 Y5.47 E275.0681
G1 X-0.14 Y6.75 E275.1410
G1 X-0.14 Y8.69 E275.1962
G1 X-4.86 Y8.69 E275.3304
G1 X-4.86 Y6.75 E275.3855
G1 X-2.64 Y5.47 E275.4584
G1 X-2.64 Y2.68 E275.5378
G1 X-4.86 Y1.40 E275.6106
G1 X-4.86 Y-1.40 E275.6902
G1 X-2.64 Y-2.68 E275.7631
G1 X-2.64 Y-5.47 E275.8425
G1 X-4.86 Y-6.75 E275.9153
G1 X-4.86 Y-8.69 E275.9705
G1 X-5.14 Y-8.69 E275.9785
G1 X-5.14 Y-6.75 E276.0336
G1 X-7.36 Y-5.47 E276.1065
G1 X-7.36 Y-2.68 E276.1859
G1 X-5.14 Y-1.40 E276.2587
G1 X-5.14 Y1.40 E276.3383
G1 X-7.36 Y2.68 E276.4112
G1 X-7.36 Y5.47 E276.4906
G1 X-5.14 Y6.75 E276.5634
G1 X-5.14 Y8.69 E276.6186
G1 X-8.69 Y8.69 E276.7195
G1 X-8.69 Y6.08 E276.7938
G1 X-7.64 Y5.47 E276.8283
G1 X-7.64 Y2.68 E276.9076
G1 X-8.69 Y2.07 E276.9422
G1 X-8.69 Y-2.07 E277.0599
G1 X-7.64 Y-2.68 E277.0944
G1 X-7.64 Y-5.47 E277.1737
G1 X-8.69 Y-6.08 E277.2083
;layer:0.18
G1 E276.9083 F1800
G1 X9.03 Y-9.03 F4800
G1 Z15.730 F420
G1 E277.2083 F1800
;structure:shell-inner
G1 X9.03 Y-9.03 F4800
G1 X9.03 Y0.97 E277.4926 F1680
G1 X9.03 Y9.03 E277.7219 F1764
G1 X7.09 Y9.03 E277.7770
G1 X-2.91 Y9.03 E278.0614 F1848
G1 X-9.03 Y9.03 E278.2354 F1932
G1 X-9.03 Y5.15 E278.3458
G1 X-9.03 Y-4.85 E278.6302 F2016
G1 X-9.03 Y-9.03 E278.7490 F2100
G1 X9.03 Y-9.03 E279.2626
G1 E278.9626 F1800
G1 X9.43 Y-9.43 F4800
G1 E279.2626 F1800
G1 X9.43 Y-9.43 F4800
G1 X9.43 Y9.43 E279.7990 F2100
G1 X-9.43 Y9.43 E280.3353
G1 X-9.43 Y-9.43 E280.8716
G1 X9.43 Y-9.43 E281.4080
G1 E281.1080 F1800
G1 X9.83 Y-9.83 F4800
G1 E281.4080 F1800
;structure:shell-outer
G1 X9.83 Y-9.83 F4800
M204 S500
G1 X9.83 Y9.83 E281.9671 F1500
G1 X-9.83 Y9.83 E282.5262
G1 X-9.83 Y-9.83 E283.0853
G1 X9.83 Y-9.83 E283.6444
G1 E283.3444 F1800
M204 S1000
G1 X8.69 Y-6.08 F4800
G1 E283.6444 F1800
;structure:infill-sparse
G1 X8.69 Y-6.08 F4800
G1 X7.64 Y-5.47 E283.6789 F3000
G1 X7.64 Y-2.68 E283.7582
G1 X8.69 Y-2.07 E283.7928
G1 X8.69 Y2.07 E283.9105
G1 X7.64 Y2.68 E283.9450
G1 X7.64 Y5.47 E284.0244
G1 X8.69 Y6.08 E284.0589
G1 X8.69 Y8.69 E284.1331
G1 X5.14 Y8.69 E284.2341
G1 X5.14 Y6.75 E284.2892
G1 X7.36 Y5.47 E284.3621
G1 X7.36 Y2.68 E284.4414
G1 X5.14 Y1.40 E284.5143
G1 X5.14 Y-1.40 E284.5939
G1 X7.36 Y-2.68 E284.6668
G1 X7.36 Y-5.47 E284.7462
G1 X5.14 Y-6.75 E284.8190
G1 X5.14 Y-8.69 E284.8742
G1 X4.86 Y-8.69 E284.8821
G1 X4.86 Y-6.75 E284.9373
G1 X2.64 Y-5.47 E285.0102
G1 X2.64 Y-2.68 E285.0895
G1 X4.86 Y-1.40 E285.1624
G1 X4.86 Y1.40 E285.2420
G1 X2.64 Y2.68 E285.3149
G1 X2.64 Y5.47 E285.3943
G1 X4.86 Y6.75 E285.4671
G1 X4.86 Y8.69 E285.5223
G1 X0.14 Y8.69 E285.6565
G1 X0.14 Y6.75 E285.7117
G1 X2.36 Y5.47 E285.7845
G1 X2.36 Y2.68 E285.8639
G1 X0.14 Y1.40 E285.9367
G1 X0.14 Y-1.40 E286.0164
G1 X2.36 Y-2.68 E286.0893
G1 X2.36 Y-5.47 E286.1686
G1 X0.14 Y-6.75 E286.2415
G1 X0.14 Y-8.69 E286.2966
G1 X-0.14 Y-8.69 E286.3046
G1 X-0.14 Y-6.75 E286.3597
G1 X-2.36 Y-5.47 E286.4326
G1 X-2.36 Y-2.68 E286.5120
G1 X-0.14 Y-1.40 E286.5848
G1 X-0.14 Y1.40 E286.6645
G1 X-2.36 Y2.68 E286.7373
G1 X-2.36 Y5.47 E286.8167
G1 X-0.14 Y6.75 E286.8896
G1 X-0.14 Y8.69 E286.9447
G1 X-4.86 Y8.69 E287.0789
G1 X-4.86 Y6.75 E287.1341
G1 X-2.64 Y5.47 E287.2070
G1 X-2.64 Y2.68 E287.2863
G1 X-4.86 Y1.40 E287.3592
G1 X-4.86 Y-1.40 E287.4388
G1 X-2.64 Y-2.68 E287.5117
G1 X-2.64 Y-5.47 E287.5910
G1 X-4.86 Y-6.75 E287.6639
G1 X-4.86 Y-8.69 E287.7191
G1 X-5.14 Y-8.69 E287.7270
G1 X-5.14 Y-6.75 E287.7822
G1 X-7.36 Y-5.47 E287.8551
G1 X-7.36 Y-2.68 E287.9344
G1 X-5.14 Y-1.40 E288.0073
G1 X-5.14 Y1.40 E288.0869
G1 X-7.36 Y2.68 E288.1598
G1 X-7.36 Y5.47 E288.2391
G1 X-5.14 Y6.75 E288.3120
G1 X-5.14 Y8.69 E288.3672
G1 X-8.69 Y8.69 E288.4681
G1 X-8.69 Y6.08 E288.5423
G1 X-7.64 Y5.47 E288.5768
G1 X-7.64 Y2.68 E288.6562
G1 X-8.69 Y2.07 E288.6907
G1 X-8.69 Y-2.07 E288.8084
G1 X-7.64 Y-2.68 E288.8430
G1 X-7.64 Y-5.47 E288.9223
G1 X-8.69 Y-6.08 E288.9568
;layer:0.18
G1 E288.6568 F1800
G1 X9.03 Y-9.03 F4800
G1 Z15.910 F420
G1 E288.9568 F1800
;structure:shell-inner
G1 X9.03 Y-9.03 F4800
G1 X9.03 Y0.97 E289.2412 F1680
G1 X9.03 Y9.03 E289.4704 F1764
G1 X7.09 Y9.03 E289.5256
G1 X-2.91 Y9.03 E289.8100 F1848
G1 X-9.03 Y9.03 E289.9840 F1932
G1 X-9.03 Y5.15 E290.0943
G1 X-9.03 Y-4.85 E290.3787 F2016
G1 X-9.03 Y-9.03 E290.4976 F2100
G1 X9.03 Y-9.03 E291.0112
G1 E290.7112 F1800
G1 X9.43 Y-9.43 F4800
G1 E291.0112 F1800
G1 X9.43 Y-9.43 F4800
G1 X9.43 Y9.43 E291.5475 F2100
G1 X-9.43 Y9.43 E292.0839
G1 X-9.43 Y-9.43 E292.6202
G1 X9.43 Y-9.43 E293.1566
G1 E292.8566 F1800
G1 X9.83 Y-9.83 F4800
G1 E293.1566 F1800
;structure:shell-outer
G1 X9.83 Y-9.83 F4800
M204 S500
G1 X9.83 Y9.83 E293.7157 F1500
G1 X-9.83 Y9.83 E294.2747
G1 X-9.83 Y-9.83 E294.8338
G1 X9.83 Y-9.83 E295.3929
G1 E295.0929 F1800
M204 S1000
G1 X8.69 Y-6.08 F4800
G1 E295.3929 F1800
;structure:infill-sparse
G1 X8.69 Y-6.08 F4800
G1 X7.64 Y-5.47 E295.4275 F3000
G1 X7.64 Y-2.68 E295.5068
G1 X8.69 Y-2.07 E295.5414
G1 X8.69 Y2.07 E295.6591
G1 X7.64 Y2.68 E295.6936
G1 X7.64 Y5.47 E295.7729
G1 X8.69 Y6.08 E295.8075
G1 X8.69 Y8.69 E295.8817
G1 X5.14 Y8.69 E295.9826
G1 X5.14 Y6.75 E296.0378
G1 X7.36 Y5.47 E296.1107
G1 X7.36 Y2.68 E296.1900
G1 X5.14 Y1.40 E296.2629
G1 X5.14 Y-1.40 E296.3425
G1 X7.36 Y-2.68 E296.4154
G1 X7.36 Y-5.47 E296.4947
G1 X5.14 Y-6.75 E296.5676
G1 X5.14 Y-8.69 E296.6227
G1 X4.86 Y-8.69 E296.6307
G1 X4.86 Y-6.75 E296.6859
G1 X2.64 Y-5.47 E296.7588
G1 X2.64 Y-2.68 E296.8381
G1 X4.86 Y-1.40 E296.9110
G1 X4.86 Y1.40 E296.9906
G1 X2.64 Y2.68 E297.0635
G1 X2.64 Y5.47 E297.1428
G1 X4.86 Y6.75 E297.2157
G1 X4.86 Y8.69 E297.2708
G1 X0.14 Y8.69 E297.4051
G1 X0.14 Y6.75 E297.4602
G1 X2.36 Y5.47 E297.5331
G1 X2.36 Y2.68 E297.6124
G1 X0.14 Y1.40 E297.6853
G1 X0.14 Y-1.40 E297.7649
G1 X2.36 Y-2.68 E297.8378
G1 X2.36 Y-5.47 E297.9171
G1 X0.14 Y-6.75 E297.9900
G1 X0.14 Y-8.69 E298.0452
G1 X-0.14 Y-8.69 E298.0532
G1 X-0.14 Y-6.75 E298.1083
G1 X-2.36 Y-5.47 E298.1812
G1 X-2.36 Y-2.68 E298.2605
G1 X-0.14 Y-1.40 E298.3334
G1 X-0.14 Y1.40 E298.4130
G1 X-2.36 Y2.68 E298.4859
G1 X-2.36 Y5.47 E298.5652
G1 X-0.14 Y6.75 E298.6381
G1 X-0.14 Y8.69 E298.6933
G1 X-4.86 Y8.69 E298.8275
G1 X-4.86 Y6.75 E298.8827
G1 X-2.64 Y5.47 E298.9555
G1 X-2.64 Y2.68 E299.0349
G1 X-4.86 Y1.40 E299.1078
G1 X-4.86 Y-1.40 E299.1874
G1 X-2.64 Y-2.68 E299.2603
G1 X-2.64 Y-5.47 E299.3396
G1 X-4.86 Y-6.75 E299.4125
G1 X-4.86 Y-8.69 E299.4676
G1 X-5.14 Y-8.69 E299.4756
G1 X-5.14 Y-6.75 E299.5308
G1 X-7.36 Y-5.47 E299.6036
G1 X-7.36 Y-2.68 E299.6830
G1 X-5.14 Y-1.40 E299.7558
G1 X-5.14 Y1.40 E299.8355
G1 X-7.36 Y2.68 E299.9084
G1 X-7.36 Y5.47 E299.9877
G1 X-5.14 Y6.75 E300.0606
G1 X-5.14 Y8.69 E300.1157
G1 X-8.69 Y8.69 E300.2166
G1 X-8.69 Y6.08 E300.2909
G1 X-7.64 Y5.47 E300.3254
G1 X-7.64 Y2.68 E300.4048
G1 X-8.69 Y2.07 E300.4393
G1 X-8.69 Y-2.07 E300.5570
G1 X-7.64 Y-2.68 E300.5915
G1 X-7.64 Y-5.47 E300.6709
G1 X-8.69 Y-6.08 E300.7054
;layer:0.18
G1 E300.4054 F1800
G1 X9.03 Y-9.03 F4800
G1 Z16.090 F420
G1 E300.7054 F1800
;structure:shell-inner
G1 X9.03 Y-9.03 F4800
G1 X9.03 Y0.97 E300.9898 F1680
G1 X9.03 Y9.03 E301.2190 F1764
G1 X7.09 Y9.03 E301.2742
G1 X-2.91 Y9.03 E301.5585 F1848
G1 X-9.03 Y9.03 E301.7326 F1932
G1 X-9.03 Y5.15 E301.8429
G1 X-9.03 Y-4.85 E302.1273 F2016
G1 X-9.03 Y-9.03 E302.2462 F2100
G1 X9.03 Y-9.03 E302.7597
G1 E302.4597 F1800
G1 X9.43 Y-9.43 F4800
G1 E302.7597 F1800
G1 X9.43 Y-9.43 F4800
G1 X9.43 Y9.43 E303.2961 F2100
G1 X-9.43 Y9.43 E303.8324
G1 X-9.43 Y-9.43 E304.3688
G1 X9.43 Y-9.43 E304.9051
G1 E304.6051 F1800
G1 X9.83 Y-9.83 F4800
G1 E304.9051 F1800
;structure:shell-outer
G1 X9.83 Y-9.83 F4800
M204 S500
G1 X9.83 Y9.83 E305.4642 F1500
G1 X-9.83 Y9.83 E306.0233
G1 X-9.83 Y-9.83 E306.5824
G1 X9.83 Y-9.83 E307.1415
G1 E306.8415 F1800
M204 S1000
G1 X8.69 Y-6.08 F4800
G1 E307.1415 F1800
;structure:infill-sparse
G1 X8.69 Y-6.08 F4800
G1 X7.64 Y-5.47 E307.1760 F3000
G1 X7.64 Y-2.68 E307.2554
G1 X8.69 Y-2.07 E307.2899
G1 X8.69 Y2.07 E307.4076
G1 X7.64 Y2.68 E307.4422
G1 X7.64 Y5.47 E307.5215
G1 X8.69 Y6.08 E307.5560
G1 X8.69 Y8.69 E307.6302
G1 X5.14 Y8.69 E307.7312
G1 X5.14 Y6.75 E307.7863
G1 X7.36 Y5.47 E307.8592
G1 X7.36 Y2.68 E307.9386
G1 X5.14 Y1.40 E308.0114
G1 X5.14 Y-1.40 E308.0911
G1 X7.36 Y-2.68 E308.1639
G1 X7.36 Y-5.47 E308.2433
G1 X5.14 Y-6.75 E308.3162
G1 X5.14 Y-8.69 E308.3713
G1 X4.86 Y-8.69 E308.3793
G1 X4.86 Y-6.75 E308.4344
G1 X2.64 Y-5.47 E308.5073
G1 X2.64 Y-2.68 E308.5867
G1 X4.86 Y-1.40 E308.6595
G1 X4.86 Y1.40 E308.7392
G1 X2.64 Y2.68 E308.8120
G1 X2.64 Y5.47 E308.8914
G1 X4.86 Y6.75 E308.9643
G1 X4.86 Y8.69 E309.0194
G1 X0.14 Y8.69 E309.1536
G1 X0.14 Y6.75 E309.2088
G1 X2.36 Y5.47 E309.2816
G1 X2.36 Y2.68 E309.3610
G1 X0.14 Y1.40 E309.4339
G1 X0.14 Y-1.40 E309.5135
G1 X2.36 Y-2.68 E309.5864
G1 X2.36 Y-5.47 E309.6657
G1 X0.14 Y-6.75 E309.7386
G1 X0.14 Y-8.69 E309.7938
G1 X-0.14 Y-8.69 E309.8017
G1 X-0.14 Y-6.75 E309.8569
G1 X-2.36 Y-5.47 E309.9297
G1 X-2.36 Y-2.68 E310.0091
G1 X-0.14 Y-1.40 E310.0820
G1 X-0.14 Y1.40 E310.1616
G1 X-2.36 Y2.68 E310.2345
G1 X-2.36 Y5.47 E310.3138
G1 X-0.14 Y6.75 E310.3867
G1 X-0.14 Y8.69 E310.4418
G1 X-4.86 Y8.69 E310.5760
G1 X-4.86 Y6.75 E310.6312
G1 X-2.64 Y5.47 E310.7041
G1 X-2.64 Y2.68 E310.7834
G1 X-4.86 Y1.40 E310.8563
G1 X-4.86 Y-1.40 E310.9359
G1 X-2.64 Y-2.68 E311.0088
G1 X-2.64 Y-5.47 E311.0882
G1 X-4.86 Y-6.75 E311.1610
G1 X-4.86 Y-8.69 E311.2162
G1 X-5.14 Y-8.69 E311.2242
G1 X-5.14 Y-6.75 E311.2793
G1 X-7.36 Y-5.47 E311.3522
G1 X-7.36 Y-2.68 E311.4315
G1 X-5.14 Y-1.40 E311.5044
G1 X-5.14 Y1.40 E311.5840
G1 X-7.36 Y2.68 E311.6569
G1 X-7.36 Y5.47 E311.7362
G1 X-5.14 Y6.75 E311.8091
G1 X-5.14 Y8.69 E311.8643
G1 X-8.69 Y8.69 E311.9652
G1 X-8.69 Y6.08 E312.0394
G1 X-7.64 Y5.47 E312.0740
G1 X-7.64 Y2.68 E312.1533
G1 X-8.69 Y2.07 E312.1878
G1 X-8.69 Y-2.07 E312.3056
G1 X-7.64 Y-2.68 E312.3401
G1 X-7.64 Y-5.47 E312.4194
G1 X-8.69 Y-6.08 E312.4540
;layer:0.18
G1 E312.1540 F1800
G1 X9.03 Y-9.03 F4800
G1 Z16.270 F420
G1 E312.4540 F1800
;structure:shell-inner
G1 X9.03 Y-9.03 F4800
G1 X9.03 Y0.97 E312.7383 F1680
G1 X9.03 Y9.03 E312.9676 F1764
G1 X7.09 Y9.03 E313.0227
G1 X-2.91 Y9.03 E313.3071 F1848
G1 X-9.03 Y9.03 E313.4811 F1932
G1 X-9.03 Y5.15 E313.5915
G1 X-9.03 Y-4.85 E313.8759 F2016
G1 X-9.03 Y-9.03 E313.9947 F2100
G1 X9.03 Y-9.03 E314.5083
G1 E314.2083 F1800
G1 X9.43 Y-9.43 F4800
G1 E314.5083 F1800
G1 X9.43 Y-9.43 F4800
G1 X9.43 Y9.43 E315.0446 F2100
G1 X-9.43 Y9.43 E315.5810
G1 X-9.43 Y-9.43 E316.1173
G1 X9.43 Y-9.43 E316.6537
G1 E316.3537 F1800
G1 X9.83 Y-9.83 F4800
G1 E316.6537 F1800
;structure:shell-outer
G1 X9.83 Y-9.83 F4800
M204 S500
G1 X9.83 Y9.83 E317.2128 F1500
G1 X-9.83 Y9.83 E317.7719
G1 X-9.83 Y-9.83 E318.3310
G1 X9.83 Y-9.83 E318.8901
G1 E318.5901 F1800
M204 S1000
G1 X8.69 Y-6.08 F4800
G1 E318.8901 F1800
;structure:infill-sparse
G1 X8.69 Y-6.08 F4800
G1 X7.64 Y-5.47 E318.9246 F3000
G1 X7.64 Y-2.68 E319.0039
G1 X8.69 Y-2.07 E319.0385
G1 X8.69 Y2.07 E319.1562
G1 X7.64 Y2.68 E319.1907
G1 X7.64 Y5.47 E319.2701
G1 X8.69 Y6.08 E319.3046
G1 X8.69 Y8.69 E319.3788
G1 X5.14 Y8.69 E319.4797
G1 X5.14 Y6.75 E319.5349
G1 X7.36 Y5.47 E319.6078
G1 X7.36 Y2.68 E319.6871
G1 X5.14 Y1.40 E319.7600
G1 X5.14 Y-1.40 E319.8396
G1 X7.36 Y-2.68 E319.9125
G1 X7.36 Y-5.47 E319.9919
G1 X5.14 Y-6.75 E320.0647
G1 X5.14 Y-8.69 E320.1199
G1 X4.86 Y-8.69 E320.1278
G1 X4.86 Y-6.75 E320.1830
G1 X2.64 Y-5.47 E320.2559
G1 X2.64 Y-2.68 E320.3352
G1 X4.86 Y-1.40 E320.4081
G1 X4.86 Y1.40 E320.4877
G1 X2.64 Y2.68 E320.5606
G1 X2.64 Y5.47 E320.6399
G1 X4.86 Y6.75 E320.7128
G1 X4.86 Y8.69 E320.7680
G1 X0.14 Y8.69 E320.9022
G1 X0.14 Y6.75 E320.9573
G1 X2.36 Y5.47 E321.0302
G1 X2.36 Y2.68 E321.1096
G1 X0.14 Y1.40 E321.1824
G1 X0.14 Y-1.40 E321.2621
G1 X2.36 Y-2.68 E321.3349
G1 X2.36 Y-5.47 E321.4143
G1 X0.14 Y-6.75 E321.4872
G1 X0.14 Y-8.69 E321.5423
G1 X-0.14 Y-8.69 E321.5503
G1 X-0.14 Y-6.75 E321.6054
G1 X-2.36 Y-5.47 E321.6783
G1 X-2.36 Y-2.68 E321.7577
G1 X-0.14 Y-1.40 E321.8305
G1 X-0.14 Y1.40 E321.9102
G1 X-2.36 Y2.68 E321.9830
G1 X-2.36 Y5.47 E322.0624
G1 X-0.14 Y6.75 E322.1353
G1 X-0.14 Y8.69 E322.1904
G1 X-4.86 Y8.69 E322.3246
G1 X-4.86 Y6.75 E322.3798
G1 X-2.64 Y5.47 E322.4527
G1 X-2.64 Y2.68 E322.5320
G1 X-4.86 Y1.40 E322.6049
G1 X-4.86 Y-1.40 E322.6845
G1 X-2.64 Y-2.68 E322.7574
G1 X-2.64 Y-5.47 E322.8367
G1 X-4.86 Y-6.75 E322.9096
G1 X-4.86 Y-8.69 E322.9648
G1 X-5.14 Y-8.69 E322.9727
G1 X-5.14 Y-6.75 E323.0279
G1 X-7.36 Y-5.47 E323.1007
G1 X-7.36 Y-2.68 E323.1801
G1 X-5.14 Y-1.40 E323.2530
G1 X-5.14 Y1.40 E323.3326
G1 X-7.36 Y2.68 E323.4055
G1 X-7.36 Y5.47 E323.4848
G1 X-5.14 Y6.75 E323.5577
G1 X-5.14 Y8.69 E323.6129
G1 X-8.69 Y8.69 E323.7138
G1 X-8.69 Y6.08 E323.7880
G1 X-7.64 Y5.47 E323.8225
G1 X-7.64 Y2.68 E323.9019
G1 X-8.69 Y2.07 E323.9364
G1 X-8.69 Y-2.07 E324.0541
G1 X-7.64 Y-2.68 E324.0887
G1 X-7.64 Y-5.47 E324.1680
G1 X-8.69 Y-6.08 E324.2025
;layer:0.18
G1 E323.9025 F1800
G1 X9.03 Y-9.03 F4800
G1 Z16.450 F420
G1 E324.2025 F1800
;structure:shell-inner
G1 X9.03 Y-9.03 F4800
G1 X9.03 Y0.97 E324.4869 F1680
G1 X9.03 Y9.03 E324.7161 F1764
G1 X7.09 Y9.03 E324.7713
G1 X-2.91 Y9.03 E325.0557 F1848
G1 X-9.03 Y9.03 E325.2297 F1932
G1 X-9.03 Y5.15 E325.3400
G1 X-9.03 Y-4.85 E325.6244 F2016
G1 X-9.03 Y-9.03 E325.7433 F2100
G1 X9.03 Y-9.03 E326.2569
G1 E325.9569 F1800
G1 X9.43 Y-9.43 F4800
G1 E326.2569 F1800
G1 X9.43 Y-9.43 F4800
G1 X9.43 Y9.43 E326.7932 F2100
G1 X-9.43 Y9.43 E327.3296
G1 X-9.43 Y-9.43 E327.8659
G1 X9.43 Y-9.43 E328.4023
G1 E328.1023 F1800
G1 X9.83 Y-9.83 F4800
G1 E328.4023 F1800
;structure:shell-outer
G1 X9.83 Y-9.83 F4800
M204 S500
G1 X9.83 Y9.83 E328.9613 F1500
G1 X-9.83 Y9.83 E329.5204
G1 X-9.83 Y-9.83 E330.0795
G1 X9.83 Y-9.83 E330.6386
G1 E330.3386 F1800
M204 S1000
G1 X8.69 Y-6.08 F4800
G1 E330.6386 F1800
;structure:infill-sparse
G1 X8.69 Y-6.08 F4800
G1 X7.64 Y-5.47 E330.6732 F3000
G1 X7.64 Y-2.68 E330.7525
G1 X8.69 Y-2.07 E330.7870
G1 X8.69 Y2.07 E330.9048
G1 X7.64 Y2.68 E330.9393
G1 X7.64 Y5.47 E331.0186
G1 X8.69 Y6.08 E331.0532
G1 X8.69 Y8.69 E331.1274
G1 X5.14 Y8.69 E331.2283
G1 X5.14 Y6.75 E331.2835
G1 X7.36 Y5.47 E331.3564
G1 X7.36 Y2.68 E331.4357
G1 X5.14 Y1.40 E331.5086
G1 X5.14 Y-1.40 E331.5882
G1 X7.36 Y-2.68 E331.6611
G1 X7.36 Y-5.47 E331.7404
G1 X5.14 Y-6.75 E331.8133
G1 X5.14 Y-8.69 E331.8684
G1 X4.86 Y-8.69 E331.8764
G1 X4.86 Y-6.75 E331.9315
G1 X2.64 Y-5.47 E332.0044
G1 X2.64 Y-2.68 E332.0838
G1 X4.86 Y-1.40 E332.1566
G1 X4.86 Y1.40 E332.2363
G1 X2.64 Y2.68 E332.3091
G1 X2.64 Y5.47 E332.3885
G1 X4.86 Y6.75 E332.4614
G1 X4.86 Y8.69 E332.5165
G1 X0.14 Y8.69 E332.6508
G1 X0.14 Y6.75 E332.7059
G1 X2.36 Y5.47 E332.7788
G1 X2.36 Y2.68 E332.8581
G1 X0.14 Y1.40 E332.9310
G1 X0.14 Y-1.40 E333.0106
G1 X2.36 Y-2.68 E333.0835
G1 X2.36 Y-5.47 E333.1628
G1 X0.14 Y-6.75 E333.2357
G1 X0.14 Y-8.69 E333.2909
G1 X-0.14 Y-8.69 E333.2989
G1 X-0.14 Y-6.75 E333.3540
G1 X-2.36 Y-5.47 E333.4269
G1 X-2.36 Y-2.68 E333.5062
G1 X-0.14 Y-1.40 E333.5791
G1 X-0.14 Y1.40 E333.6587
G1 X-2.36 Y2.68 E333.7316
G1 X-2.36 Y5.47 E333.8109
G1 X-0.14 Y6.75 E333.8838
G1 X-0.14 Y8.69 E333.9390
G1 X-4.86 Y8.69 E334.0732
G1 X-4.86 Y6.75 E334.1284
G1 X-2.64 Y5.47 E334.2012
G1 X-2.64 Y2.68 E334.2805
G1 X-4.86 Y1.40 E334.3534
G1 X-4.86 Y-1.40 E334.4331
G1 X-2.64 Y-2.68 E334.5060
G1 X-2.64 Y-5.47 E334.5853
G1 X-4.86 Y-6.75 E334.6581
G1 X-4.86 Y-8.69 E334.7133
G1 X-5.14 Y-8.69 E334.7213
G1 X-5.14 Y-6.75 E334.7764
G1 X-7.36 Y-5.47 E334.8493
G1 X-7.36 Y-2.68 E334.9286
G1 X-5.14 Y-1.40 E335.0015
G1 X-5.14 Y1.40 E335.0811
G1 X-7.36 Y2.68 E335.1540
G1 X-7.36 Y5.47 E335.2334
G1 X-5.14 Y6.75 E335.3062
G1 X-5.14 Y8.69 E335.3614
G1 X-8.69 Y8.69 E335.4623
G1 X-8.69 Y6.08 E335.5366
G1 X-7.64 Y5.47 E335.5711
G1 X-7.64 Y2.68 E335.6505
G1 X-8.69 Y2.07 E335.6850
G1 X-8.69 Y-2.07 E335.8027
G1 X-7.64 Y-2.68 E335.8372
G1 X-7.64 Y-5.47 E335.9166
G1 X-8.69 Y-6.08 E335.9511
;layer:0.18
G1 E335.6511 F1800
G1 X9.03 Y-9.03 F4800
G1 Z16.630 F420
G1 E335.9511 F1800
;structure:shell-inner
G1 X9.03 Y-9.03 F4800
G1 X9.03 Y0.97 E336.2355 F1680
G1 X9.03 Y9.03 E336.4647 F1764
G1 X7.09 Y9.03 E336.5198
G1 X-2.91 Y9.03 E336.8042 F1848
G1 X-9.03 Y9.03 E336.9782 F1932
G1 X-9.03 Y5.15 E337.0886
G1 X-9.03 Y-4.85 E337.3730 F2016
G1 X-9.03 Y-9.03 E337.4919 F2100
G1 X9.03 Y-9.03 E338.0054
G1 E337.7054 F1800
G1 X9.43 Y-9.43 F4800
G1 E338.0054 F1800
G1 X9.43 Y-9.43 F4800
G1 X9.43 Y9.43 E338.5418 F2100
G1 X-9.43 Y9.43 E339.0781
G1 X-9.43 Y-9.43 E339.6145
G1 X9.43 Y-9.43 E340.1508
G1 E339.8508 F1800
G1 X9.83 Y-9.83 F4800
G1 E340.1508 F1800
;structure:shell-outer
G1 X9.83 Y-9.83 F4800
M204 S500
G1 X9.83 Y9.83 E340.7099 F1500
G1 X-9.83 Y9.83 E341.2690
G1 X-9.83 Y-9.83 E341.8281
G1 X9.83 Y-9.83 E342.3872
G1 E342.0872 F1800
M204 S1000
G1 X8.69 Y-6.08 F4800
G1 E342.3872 F1800
;structure:infill-sparse
G1 X8.69 Y-6.08 F4800
G1 X7.64 Y-5.47 E342.4217 F3000
G1 X7.64 Y-2.68 E342.5011
G1 X8.69 Y-2.07 E342.5356
G1 X8.69 Y2.07 E342.6533
G1 X7.64 Y2.68 E342.6878
G1 X7.64 Y5.47 E342.7672
G1 X8.69 Y6.08 E342.8017
G1 X8.69 Y8.69 E342.8759
G1 X5.14 Y8.69 E342.9769
G1 X5.14 Y6.75 E343.0320
G1 X7.36 Y5.47 E343.1049
G1 X7.36 Y2.68 E343.1843
G1 X5.14 Y1.40 E343.2571
G1 X5.14 Y-1.40 E343.3368
G1 X7.36 Y-2.68 E343.4096
G1 X7.36 Y-5.47 E343.4890
G1 X5.14 Y-6.75 E343.5618
G1 X5.14 Y-8.69 E343.6170
G1 X4.86 Y-8.69 E343.6250
G1 X4.86 Y-6.75 E343.6801
G1 X2.64 Y-5.47 E343.7530
G1 X2.64 Y-2.68 E343.8323
G1 X4.86 Y-1.40 E343.9052
G1 X4.86 Y1.40 E343.9848
G1 X2.64 Y2.68 E344.0577
G1 X2.64 Y5.47 E344.1371
G1 X4.86 Y6.75 E344.2099
G1 X4.86 Y8.69 E344.2651
G1 X0.14 Y8.69 E344.3993
G1 X0.14 Y6.75 E344.4545
G1 X2.36 Y5.47 E344.5273
G1 X2.36 Y2.68 E344.6067
G1 X0.14 Y1.40 E344.6796
G1 X0.14 Y-1.40 E344.7592
G1 X2.36 Y-2.68 E344.8321
G1 X2.36 Y-5.47 E344.9114
G1 X0.14 Y-6.75 E344.9843
G1 X0.14 Y-8.69 E345.0394
G1 X-0.14 Y-8.69 E345.0474
G1 X-0.14 Y-6.75 E345.1026
G1 X-2.36 Y-5.47 E345.1754
G1 X-2.36 Y-2.68 E345.2548
G1 X-0.14 Y-1.40 E345.3277
G1 X-0.14 Y1.40 E345.4073
G1 X-2.36 Y2.68 E345.4802
G1 X-2.36 Y5.47 E345.5595
G1 X-0.14 Y6.75 E345.6324
G1 X-0.14 Y8.69 E345.6875
G1 X-4.86 Y8.69 E345.8217
G1 X-4.86 Y6.75 E345.8769
G1 X-2.64 Y5.47 E345.9498
G1 X-2.64 Y2.68 E346.0291
G1 X-4.86 Y1.40 E346.1020
G1 X-4.86 Y-1.40 E346.1816
G1 X-2.64 Y-2.68 E346.2545
G1 X-2.64 Y-5.47 E346.3338
G1 X-4.86 Y-6.75 E346.4067
G1 X-4.86 Y-8.69 E346.4619
G1 X-5.14 Y-8.69 E346.4698
G1 X-5.14 Y-6.75 E346.5250
G1 X-7.36 Y-5.47 E346.5979
G1 X-7.36 Y-2.68 E346.6772
G1 X-5.14 Y-1.40 E346.7501
G1 X-5.14 Y1.40 E346.8297
G1 X-7.36 Y2.68 E346.9026
G1 X-7.36 Y5.47 E346.9819
G1 X-5.14 Y6.75 E347.0548
G1 X-5.14 Y8.69 E347.1100
G1 X-8.69 Y8.69 E347.2109
G1 X-8.69 Y6.08 E347.2851
G1 X-7.64 Y5.47 E347.3196
G1 X-7.64 Y2.68 E347.3990
G1 X-8.69 Y2.07 E347.4335
G1 X-8.69 Y-2.07 E347.5512
G1 X-7.64 Y-2.68 E347.5858
G1 X-7.64 Y-5.47 E347.6651
G1 X-8.69 Y-6.08 E347.6996
;layer:0.18
G1 E347.3997 F1800
G1 X9.03 Y-9.03 F4800
G1 Z16.810 F420
G1 E347.6996 F1800
;structure:shell-inner
G1 X9.03 Y-9.03 F4800
G1 X9.03 Y0.97 E347.9840 F1680
G1 X9.03 Y9.03 E348.2133 F1764
G1 X7.09 Y9.03 E348.2684
G1 X-2.91 Y9.03 E348.5528 F1848
G1 X-9.03 Y9.03 E348.7268 F1932
G1 X-9.03 Y5.15 E348.8372
G1 X-9.03 Y-4.85 E349.1215 F2016
G1 X-9.03 Y-9.03 E349.2404 F2100
G1 X9.03 Y-9.03 E349.7540
G1 E349.4540 F1800
G1 X9.43 Y-9.43 F4800
G1 E349.7540 F1800
G1 X9.43 Y-9.43 F4800
G1 X9.43 Y9.43 E350.2903 F2100
G1 X-9.43 Y9.43 E350.8267
G1 X-9.43 Y-9.43 E351.3630
G1 X9.43 Y-9.43 E351.8994
G1 E351.5994 F1800
G1 X9.83 Y-9.83 F4800
G1 E351.8994 F1800
;structure:shell-outer
G1 X9.83 Y-9.83 F4800
M204 S500
G1 X9.83 Y9.83 E352.4585 F1500
G1 X-9.83 Y9.83 E353.0175
G1 X-9.83 Y-9.83 E353.5767
G1 X9.83 Y-9.83 E354.1357
G1 E353.8358 F1800
M204 S1000
G1 X8.69 Y-6.08 F4800
G1 E354.1357 F1800
;structure:infill-sparse
G1 X8.69 Y-6.08 F4800
G1 X7.64 Y-5.47 E354.1703 F3000
G1 X7.64 Y-2.68 E354.2496
G1 X8.69 Y-2.07 E354.2841
G1 X8.69 Y2.07 E354.4019
G1 X7.64 Y2.68 E354.4364
G1 X7.64 Y5.47 E354.5157
G1 X8.69 Y6.08 E354.5503
G1 X8.69 Y8.69 E354.6245
G1 X5.14 Y8.69 E354.7254
G1 X5.14 Y6.75 E354.7806
G1 X7.36 Y5.47 E354.8535
G1 X7.36 Y2.68 E354.9328
G1 X5.14 Y1.40 E355.0057
G1 X5.14 Y-1.40 E355.0853
G1 X7.36 Y-2.68 E355.1582
G1 X7.36 Y-5.47 E355.2375
G1 X5.14 Y-6.75 E355.3104
G1 X5.14 Y-8.69 E355.3656
G1 X4.86 Y-8.69 E355.3735
G1 X4.86 Y-6.75 E355.4287
G1 X2.64 Y-5.47 E355.5016
G1 X2.64 Y-2.68 E355.5809
G1 X4.86 Y-1.40 E355.6538
G1 X4.86 Y1.40 E355.7334
G1 X2.64 Y2.68 E355.8063
G1 X2.64 Y5.47 E355.8856
G1 X4.86 Y6.75 E355.9585
G1 X4.86 Y8.69 E356.0136
G1 X0.14 Y8.69 E356.1479
G1 X0.14 Y6.75 E356.2030
G1 X2.36 Y5.47 E356.2759
G1 X2.36 Y2.68 E356.3553
G1 X0.14 Y1.40 E356.4281
G1 X0.14 Y-1.40 E356.5078
G1 X2.36 Y-2.68 E356.5806
G1 X2.36 Y-5.47 E356.6600
G1 X0.14 Y-6.75 E356.7328
G1 X0.14 Y-8.69 E356.7880
G1 X-0.14 Y-8.69 E356.7960
G1 X-0.14 Y-6.75 E356.8511
G1 X-2.36 Y-5.47 E356.9240
G1 X-2.36 Y-2.68 E357.0034
G1 X-0.14 Y-1.40 E357.0762
G1 X-0.14 Y1.40 E357.1559
G1 X-2.36 Y2.68 E357.2287
G1 X-2.36 Y5.47 E357.3081
G1 X-0.14 Y6.75 E357.3810
G1 X-0.14 Y8.69 E357.4361
G1 X-4.86 Y8.69 E357.5703
G1 X-4.86 Y6.75 E357.6255
G1 X-2.64 Y5.47 E357.6983
G1 X-2.64 Y2.68 E357.7777
G1 X-4.86 Y1.40 E357.8506
G1 X-4.86 Y-1.40 E357.9302
G1 X-2.64 Y-2.68 E358.0031
G1 X-2.64 Y-5.47 E358.0824
G1 X-4.86 Y-6.75 E358.1553
G1 X-4.86 Y-8.69 E358.2104
G1 X-5.14 Y-8.69 E358.2184
G1 X-5.14 Y-6.75 E358.2736
G1 X-7.36 Y-5.47 E358.3464
G1 X-7.36 Y-2.68 E358.4258
G1 X-5.14 Y-1.40 E358.4987
G1 X-5.14 Y1.40 E358.5783
G1 X-7.36 Y2.68 E358.6512
G1 X-7.36 Y5.47 E358.7305
G1 X-5.14 Y6.75 E358.8034
G1 X-5.14 Y8.69 E358.8585
G1 X-8.69 Y8.69 E358.9595
G1 X-8.69 Y6.08 E359.0337
G1 X-7.64 Y5.47 E359.0682
G1 X-7.64 Y2.68 E359.1476
G1 X-8.69 Y2.07 E359.1821
G1 X-8.69 Y-2.07 E359.2998
G1 X-7.64 Y-2.68 E359.3344
G1 X-7.64 Y-5.47 E359.4137
G1 X-8.69 Y-6.08 E359.4482
;layer:0.18
G1 E359.1482 F1800
G1 X9.03 Y-9.03 F4800
G1 Z16.990 F420
G1 E359.4482 F1800
;structure:shell-inner
G1 X9.03 Y-9.03 F4800
G1 X9.03 Y0.97 E359.7326 F1680
G1 X9.03 Y9.03 E359.9618 F1764
G1 X7.09 Y9.03 E360.0170
G1 X-2.91 Y9.03 E360.3013 F1848
G1 X-9.03 Y9.03 E360.4754 F1932
G1 X-9.03 Y5.15 E360.5857
G1 X-9.03 Y-4.85 E360.8701 F2016
G1 X-9.03 Y-9.03 E360.9890 F2100
G1 X9.03 Y-9.03 E361.5026
G1 E361.2026 F1800
G1 X9.43 Y-9.43 F4800
G1 E361.5026 F1800
G1 X9.43 Y-9.43 F4800
G1 X9.43 Y9.43 E362.0389 F2100
G1 X-9.43 Y9.43 E362.5753
G1 X-9.43 Y-9.43 E363.1116
G1 X9.43 Y-9.43 E363.6479
G1 E363.3479 F1800
G1 X9.83 Y-9.83 F4800
G1 E363.6479 F1800
;structure:shell-outer
G1 X9.83 Y-9.83 F4800
M204 S500
G1 X9.83 Y9.83 E364.2070 F1500
G1 X-9.83 Y9.83 E364.7661
G1 X-9.83 Y-9.83 E365.3252
G1 X9.83 Y-9.83 E365.8843
G1 E365.5843 F1800
M204 S1000
G1 X8.69 Y-6.08 F4800
G1 E365.8843 F1800
;structure:infill-sparse
G1 X8.69 Y-6.08 F4800
G1 X7.64 Y-5.47 E365.9189 F3000
G1 X7.64 Y-2.68 E365.9982
G1 X8.69 Y-2.07 E366.0327
G1 X8.69 Y2.07 E366.1505
G1 X7.64 Y2.68 E366.1850
G1 X7.64 Y5.47 E366.2643
G1 X8.69 Y6.08 E366.2989
G1 X8.69 Y8.69 E366.3731
G1 X5.14 Y8.69 E366.4740
G1 X5.14 Y6.75 E366.5291
G1 X7.36 Y5.47 E366.6020
G1 X7.36 Y2.68 E366.6814
G1 X5.14 Y1.40 E366.7542
G1 X5.14 Y-1.40 E366.8339
G1 X7.36 Y-2.68 E366.9067
G1 X7.36 Y-5.47 E366.9861
G1 X5.14 Y-6.75 E367.0590
G1 X5.14 Y-8.69 E367.1141
G1 X4.86 Y-8.69 E367.1221
G1 X4.86 Y-6.75 E367.1772
G1 X2.64 Y-5.47 E367.2501
G1 X2.64 Y-2.68 E367.3295
G1 X4.86 Y-1.40 E367.4023
G1 X4.86 Y1.40 E367.4820
G1 X2.64 Y2.68 E367.5548
G1 X2.64 Y5.47 E367.6342
G1 X4.86 Y6.75 E367.7071
G1 X4.86 Y8.69 E367.7622
G1 X0.14 Y8.69 E367.8964
G1 X0.14 Y6.75 E367.9516
G1 X2.36 Y5.47 E368.0245
G1 X2.36 Y2.68 E368.1038
G1 X0.14 Y1.40 E368.1767
G1 X0.14 Y-1.40 E368.2563
G1 X2.36 Y-2.68 E368.3292
G1 X2.36 Y-5.47 E368.4085
G1 X0.14 Y-6.75 E368.4814
G1 X0.14 Y-8.69 E368.5366
G1 X-0.14 Y-8.69 E368.5445
G1 X-0.14 Y-6.75 E368.5997
G1 X-2.36 Y-5.47 E368.6726
G1 X-2.36 Y-2.68 E368.7519
G1 X-0.14 Y-1.40 E368.8248
G1 X-0.14 Y1.40 E368.9044
G1 X-2.36 Y2.68 E368.9773
G1 X-2.36 Y5.47 E369.0566
G1 X-0.14 Y6.75 E369.1295
G1 X-0.14 Y8.69 E369.1847
G1 X-4.86 Y8.69 E369.3189
G1 X-4.86 Y6.75 E369.3740
G1 X-2.64 Y5.47 E369.4469
G1 X-2.64 Y2.68 E369.5262
G1 X-4.86 Y1.40 E369.5991
G1 X-4.86 Y-1.40 E369.6787
G1 X-2.64 Y-2.68 E369.7516
G1 X-2.64 Y-5.47 E369.8310
G1 X-4.86 Y-6.75 E369.9038
G1 X-4.86 Y-8.69 E369.9590
G1 X-5.14 Y-8.69 E369.9670
G1 X-5.14 Y-6.75 E370.0221
G1 X-7.36 Y-5.47 E370.0950
G1 X-7.36 Y-2.68 E370.1743
G1 X-5.14 Y-1.40 E370.2472
G1 X-5.14 Y1.40 E370.3268
G1 X-7.36 Y2.68 E370.3997
G1 X-7.36 Y5.47 E370.4791
G1 X-5.14 Y6.75 E370.5519
G1 X-5.14 Y8.69 E370.6071
G1 X-8.69 Y8.69 E370.7080
G1 X-8.69 Y6.08 E370.7823
G1 X-7.64 Y5.47 E370.8168
G1 X-7.64 Y2.68 E370.8961
G1 X-8.69 Y2.07 E370.9307
G1 X-8.69 Y-2.07 E371.0484
G1 X-7.64 Y-2.68 E371.0829
G1 X-7.64 Y-5.47 E371.1623
G1 X-8.69 Y-6.08 E371.1968
;layer:0.18
G1 E370.8968 F1800
G1 X9.03 Y-9.03 F4800
G1 Z17.170 F420
G1 E371.1968 F1800
;structure:shell-inner
G1 X9.03 Y-9.03 F4800
G1 X9.03 Y0.97 E371.4812 F1680
G1 X9.03 Y9.03 E371.7104 F1764
G1 X7.09 Y9.03 E371.7655
G1 X-2.91 Y9.03 E372.0499 F1848
G1 X-9.03 Y9.03 E372.2239 F1932
G1 X-9.03 Y5.15 E372.3343
G1 X-9.03 Y-4.85 E372.6187 F2016
G1 X-9.03 Y-9.03 E372.7375 F2100
G1 X9.03 Y-9.03 E373.2511
G1 E372.9511 F1800
G1 X9.43 Y-9.43 F4800
G1 E373.2511 F1800
G1 X9.43 Y-9.43 F4800
G1 X9.43 Y9.43 E373.7875 F2100
G1 X-9.43 Y9.43 E374.3238
G1 X-9.43 Y-9.43 E374.8602
G1 X9.43 Y-9.43 E375.3965
G1 E375.0965 F1800
G1 X9.83 Y-9.83 F4800
G1 E375.3965 F1800
;structure:shell-outer
G1 X9.83 Y-9.83 F4800
M204 S500
G1 X9.83 Y9.83 E375.9556 F1500
G1 X-9.83 Y9.83 E376.5147
G1 X-9.83 Y-9.83 E377.0738
G1 X9.83 Y-9.83 E377.6329
G1 E377.3329 F1800
M204 S1000
G1 X8.69 Y-6.08 F4800
G1 E377.6329 F1800
;structure:infill-sparse
G1 X8.69 Y-6.08 F4800
G1 X7.64 Y-5.47 E377.6674 F3000
G1 X7.64 Y-2.68 E377.7468
G1 X8.69 Y-2.07 E377.7813
G1 X8.69 Y2.07 E377.8990
G1 X7.64 Y2.68 E377.9335
G1 X7.64 Y5.47 E378.0129
G1 X8.69 Y6.08 E378.0474
G1 X8.69 Y8.69 E378.1216
G1 X5.14 Y8.69 E378.2226
G1 X5.14 Y6.75 E378.2777
G1 X7.36 Y5.47 E378.3506
G1 X7.36 Y2.68 E378.4299
G1 X5.14 Y1.40 E378.5028
G1 X5.14 Y-1.40 E378.5824
G1 X7.36 Y-2.68 E378.6553
G1 X7.36 Y-5.47 E378.7346
G1 X5.14 Y-6.75 E378.8075
G1 X5.14 Y-8.69 E378.8627
G1 X4.86 Y-8.69 E378.8707
G1 X4.86 Y-6.75 E378.9258
G1 X2.64 Y-5.47 E378.9987
G1 X2.64 Y-2.68 E379.0780
G1 X4.86 Y-1.40 E379.1509
G1 X4.86 Y1.40 E379.2305
G1 X2.64 Y2.68 E379.3034
G1 X2.64 Y5.47 E379.3828
G1 X4.86 Y6.75 E379.4556
G1 X4.86 Y8.69 E379.5108
G1 X0.14 Y8.69 E379.6450
G1 X0.14 Y6.75 E379.7002
G1 X2.36 Y5.47 E379.7730
G1 X2.36 Y2.68 E379.8524
G1 X0.14 Y1.40 E379.9253
G1 X0.14 Y-1.40 E380.0049
G1 X2.36 Y-2.68 E380.0778
G1 X2.36 Y-5.47 E380.1571
G1 X0.14 Y-6.75 E380.2300
G1 X0.14 Y-8.69 E380.2851
G1 X-0.14 Y-8.69 E380.2931
G1 X-0.14 Y-6.75 E380.3482
G1 X-2.36 Y-5.47 E380.4211
G1 X-2.36 Y-2.68 E380.5005
G1 X-0.14 Y-1.40 E380.5733
G1 X-0.14 Y1.40 E380.6530
G1 X-2.36 Y2.68 E380.7258
G1 X-2.36 Y5.47 E380.8052
G1 X-0.14 Y6.75 E380.8781
G1 X-0.14 Y8.69 E380.9332
G1 X-4.86 Y8.69 E381.0674
G1 X-4.86 Y6.75 E381.1226
G1 X-2.64 Y5.47 E381.1955
G1 X-2.64 Y2.68 E381.2748
G1 X-4.86 Y1.40 E381.3477
G1 X-4.86 Y-1.40 E381.4273
G1 X-2.64 Y-2.68 E381.5002
G1 X-2.64 Y-5.47 E381.5795
G1 X-4.86 Y-6.75 E381.6524
G1 X-4.86 Y-8.69 E381.7076
G1 X-5.14 Y-8.69 E381.7155
G1 X-5.14 Y-6.75 E381.7707
G1 X-7.36 Y-5.47 E381.8436
G1 X-7.36 Y-2.68 E381.9229
G1 X-5.14 Y-1.40 E381.9958
G1 X-5.14 Y1.40 E382.0754
G1 X-7.36 Y2.68 E382.1483
G1 X-7.36 Y5.47 E382.2276
G1 X-5.14 Y6.75 E382.3005
G1 X-5.14 Y8.69 E382.3557
G1 X-8.69 Y8.69 E382.4566
G1 X-8.69 Y6.08 E382.5308
G1 X-7.64 Y5.47 E382.5653
G1 X-7.64 Y2.68 E382.6447
G1 X-8.69 Y2.07 E382.6792
G1 X-8.69 Y-2.07 E382.7969
G1 X-7.64 Y-2.68 E382.8315
G1 X-7.64 Y-5.47 E382.9108
G1 X-8.69 Y-6.08 E382.9453
;layer:0.18
G1 E382.6454 F1800
G1 X9.03 Y-9.03 F4800
G1 Z17.350 F420
G1 E382.9453 F1800
;structure:shell-inner
G1 X9.03 Y-9.03 F4800
G1 X9.03 Y0.97 E383.2297 F1680
G1 X9.03 Y9.03 E383.4589 F1764
G1 X7.09 Y9.03 E383.5141
G1 X-2.91 Y9.03 E383.7985 F1848
G1 X-9.03 Y9.03 E383.9725 F1932
G1 X-9.03 Y5.15 E384.0829
G1 X-9.03 Y-4.85 E384.3672 F2016
G1 X-9.03 Y-9.03 E384.4861 F2100
G1 X9.03 Y-9.03 E384.9997
G1 E384.6997 F1800
G1 X9.43 Y-9.43 F4800
G1 E384.9997 F1800
G1 X9.43 Y-9.43 F4800
G1 X9.43 Y9.43 E385.5360 F2100
G1 X-9.43 Y9.43 E386.0724
G1 X-9.43 Y-9.43 E386.6087
G1 X9.43 Y-9.43 E387.1451
G1 E386.8451 F1800
G1 X9.83 Y-9.83 F4800
G1 E387.1451 F1800
;structure:shell-outer
G1 X9.83 Y-9.83 F4800
M204 S500
G1 X9.83 Y9.83 E387.7042 F1500
G1 X-9.83 Y9.83 E388.2632
G1 X-9.83 Y-9.83 E388.8224
G1 X9.83 Y-9.83 E389.3814
G1 E389.0815 F1800
M204 S1000
G1 X8.69 Y-6.08 F4800
G1 E389.3814 F1800
;structure:infill-sparse
G1 X8.69 Y-6.08 F4800
G1 X7.64 Y-5.47 E389.4160 F3000
G1 X7.64 Y-2.68 E389.4953
G1 X8.69 Y-2.07 E389.5298
G1 X8.69 Y2.07 E389.6476
G1 X7.64 Y2.68 E389.6821
G1 X7.64 Y5.47 E389.7614
G1 X8.69 Y6.08 E389.7960
G1 X8.69 Y8.69 E389.8702
G1 X5.14 Y8.69 E389.9711
G1 X5.14 Y6.75 E390.0263
G1 X7.36 Y5.47 E390.0992
G1 X7.36 Y2.68 E390.1785
G1 X5.14 Y1.40 E390.2514
G1 X5.14 Y-1.40 E390.3310
G1 X7.36 Y-2.68 E390.4039
G1 X7.36 Y-5.47 E390.4832
G1 X5.14 Y-6.75 E390.5561
G1 X5.14 Y-8.69 E390.6112
G1 X4.86 Y-8.69 E390.6192
G1 X4.86 Y-6.75 E390.6744
G1 X2.64 Y-5.47 E390.7473
G1 X2.64 Y-2.68 E390.8266
G1 X4.86 Y-1.40 E390.8995
G1 X4.86 Y1.40 E390.9791
G1 X2.64 Y2.68 E391.0520
G1 X2.64 Y5.47 E391.1313
G1 X4.86 Y6.75 E391.2042
G1 X4.86 Y8.69 E391.2593
G1 X0.14 Y8.69 E391.3936
G1 X0.14 Y6.75 E391.4487
G1 X2.36 Y5.47 E391.5216
G1 X2.36 Y2.68 E391.6010
G1 X0.14 Y1.40 E391.6738
G1 X0.14 Y-1.40 E391.7534
G1 X2.36 Y-2.68 E391.8263
G1 X2.36 Y-5.47 E391.9057
G1 X0.14 Y-6.75 E391.9785
G1 X0.14 Y-8.69 E392.0337
G1 X-0.14 Y-8.69 E392.0417
G1 X-0.14 Y-6.75 E392.0968
G1 X-2.36 Y-5.47 E392.1697
G1 X-2.36 Y-2.68 E392.2490
G1 X-0.14 Y-1.40 E392.3219
G1 X-0.14 Y1.40 E392.4015
G1 X-2.36 Y2.68 E392.4744
G1 X-2.36 Y5.47 E392.5537
G1 X-0.14 Y6.75 E392.6266
G1 X-0.14 Y8.69 E392.6818
G1 X-4.86 Y8.69 E392.8160
G1 X-4.86 Y6.75 E392.8712
G1 X-2.64 Y5.47 E392.9440
G1 X-2.64 Y2.68 E393.0234
G1 X-4.86 Y1.40 E393.0963
G1 X-4.86 Y-1.40 E393.1759
G1 X-2.64 Y-2.68 E393.2487
G1 X-2.64 Y-5.47 E393.3281
G1 X-4.86 Y-6.75 E393.4010
G1 X-4.86 Y-8.69 E393.4561
G1 X-5.14 Y-8.69 E393.4641
G1 X-5.14 Y-6.75 E393.5193
G1 X-7.36 Y-5.47 E393.5921
G1 X-7.36 Y-2.68 E393.6715
G1 X-5.14 Y-1.40 E393.7444
G1 X-5.14 Y1.40 E393.8240
G1 X-7.36 Y2.68 E393.8969
G1 X-7.36 Y5.47 E393.9762
G1 X-5.14 Y6.75 E394.0491
G1 X-5.14 Y8.69 E394.1042
G1 X-8.69 Y8.69 E394.2052
G1 X-8.69 Y6.08 E394.2794
G1 X-7.64 Y5.47 E394.3139
G1 X-7.64 Y2.68 E394.3932
G1 X-8.69 Y2.07 E394.4278
G1 X-8.69 Y-2.07 E394.5455
G1 X-7.64 Y-2.68 E394.5800
G1 X-7.64 Y-5.47 E394.6594
G1 X-8.69 Y-6.08 E394.6939
;layer:0.18
G1 E394.3939 F1800
G1 X9.03 Y-9.03 F4800
G1 Z17.530 F420
G1 E394.6939 F1800
;structure:shell-inner
G1 X9.03 Y-9.03 F4800
G1 X9.03 Y0.97 E394.9783 F1680
G1 X9.03 Y9.03 E395.2075 F1764
G1 X7.09 Y9.03 E395.2627
G1 X-2.91 Y9.03 E395.5470 F1848
G1 X-9.03 Y9.03 E395.7211 F1932
G1 X-9.03 Y5.15 E395.8314
G1 X-9.03 Y-4.85 E396.1158 F2016
G1 X-9.03 Y-9.03 E396.2346 F2100
G1 X9.03 Y-9.03 E396.7483
G1 E396.4482 F1800
G1 X9.43 Y-9.43 F4800
G1 E396.7483 F1800
G1 X9.43 Y-9.43 F4800
G1 X9.43 Y9.43 E397.2846 F2100
G1 X-9.43 Y9.43 E397.8209
G1 X-9.43 Y-9.43 E398.3573
G1 X9.43 Y-9.43 E398.8936
G1 E398.5936 F1800
G1 X9.83 Y-9.83 F4800
G1 E398.8936 F1800
;structure:shell-outer
G1 X9.83 Y-9.83 F4800
M204 S500
G1 X9.83 Y9.83 E399.4527 F1500
G1 X-9.83 Y9.83 E400.0118
G1 X-9.83 Y-9.83 E400.5709
G1 X9.83 Y-9.83 E401.1300
G1 E400.8300 F1800
M204 S1000
G1 X8.69 Y-6.08 F4800
G1 E401.1300 F1800
;structure:infill-sparse
G1 X8.69 Y-6.08 F4800
G1 X7.64 Y-5.47 E401.1645 F3000
G1 X7.64 Y-2.68 E401.2439
G1 X8.69 Y-2.07 E401.2784
G1 X8.69 Y2.07 E401.3961
G1 X7.64 Y2.68 E401.4307
G1 X7.64 Y5.47 E401.5100
G1 X8.69 Y6.08 E401.5445
G1 X8.69 Y8.69 E401.6187
G1 X5.14 Y8.69 E401.7197
G1 X5.14 Y6.75 E401.7748
G1 X7.36 Y5.47 E401.8477
G1 X7.36 Y2.68 E401.9271
G1 X5.14 Y1.40 E401.9999
G1 X5.14 Y-1.40 E402.0796
G1 X7.36 Y-2.68 E402.1524
G1 X7.36 Y-5.47 E402.2318
G1 X5.14 Y-6.75 E402.3047
G1 X5.14 Y-8.69 E402.3598
G1 X4.86 Y-8.69 E402.3678
G1 X4.86 Y-6.75 E402.4229
G1 X2.64 Y-5.47 E402.4958
G1 X2.64 Y-2.68 E402.5752
G1 X4.86 Y-1.40 E402.6480
G1 X4.86 Y1.40 E402.7277
G1 X2.64 Y2.68 E402.8005
G1 X2.64 Y5.47 E402.8799
G1 X4.86 Y6.75 E402.9528
G1 X4.86 Y8.69 E403.0079
G1 X0.14 Y8.69 E403.1421
G1 X0.14 Y6.75 E403.1973
G1 X2.36 Y5.47 E403.2701
G1 X2.36 Y2.68 E403.3495
G1 X0.14 Y1.40 E403.4224
G1 X0.14 Y-1.40 E403.5020
G1 X2.36 Y-2.68 E403.5749
G1 X2.36 Y-5.47 E403.6542
G1 X0.14 Y-6.75 E403.7271
G1 X0.14 Y-8.69 E403.7823
G1 X-0.14 Y-8.69 E403.7902
G1 X-0.14 Y-6.75 E403.8454
G1 X-2.36 Y-5.47 E403.9182
G1 X-2.36 Y-2.68 E403.9976
G1 X-0.14 Y-1.40 E404.0705
G1 X-0.14 Y1.40 E404.1501
G1 X-2.36 Y2.68 E404.2230
G1 X-2.36 Y5.47 E404.3023
G1 X-0.14 Y6.75 E404.3752
G1 X-0.14 Y8.69 E404.4304
G1 X-4.86 Y8.69 E404.5646
G1 X-4.86 Y6.75 E404.6197
G1 X-2.64 Y5.47 E404.6926
G1 X-2.64 Y2.68 E404.7719
G1 X-4.86 Y1.40 E404.8448
G1 X-4.86 Y-1.40 E404.9244
G1 X-2.64 Y-2.68 E404.9973
G1 X-2.64 Y-5.47 E405.0767
G1 X-4.86 Y-6.75 E405.1495
G1 X-4.86 Y-8.69 E405.2047
G1 X-5.14 Y-8.69 E405.2126
G1 X-5.14 Y-6.75 E405.2678
G1 X-7.36 Y-5.47 E405.3407
G1 X-7.36 Y-2.68 E405.4200
G1 X-5.14 Y-1.40 E405.4929
G1 X-5.14 Y1.40 E405.5725
G1 X-7.36 Y2.68 E405.6454
G1 X-7.36 Y5.47 E405.7248
G1 X-5.14 Y6.75 E405.7976
G1 X-5.14 Y8.69 E405.8528
G1 X-8.69 Y8.69 E405.9537
G1 X-8.69 Y6.08 E406.0279
G1 X-7.64 Y5.47 E406.0625
G1 X-7.64 Y2.68 E406.1418
G1 X-8.69 Y2.07 E406.1763
G1 X-8.69 Y-2.07 E406.2941
G1 X-7.64 Y-2.68 E406.3286
G1 X-7.64 Y-5.47 E406.4079
G1 X-8.69 Y-6.08 E406.4425
;layer:0.18
G1 E406.1425 F1800
G1 X9.03 Y-9.03 F4800
G1 Z17.710 F420
G1 E406.4425 F1800
;structure:shell-inner
G1 X9.03 Y-9.03 F4800
G1 X9.03 Y0.97 E406.7268 F1680
G1 X9.03 Y9.03 E406.9561 F1764
G1 X7.09 Y9.03 E407.0112
G1 X-2.91 Y9.03 E407.2956 F1848
G1 X-9.03 Y9.03 E407.4696 F1932
G1 X-9.03 Y5.15 E407.5800
G1 X-9.03 Y-4.85 E407.8643 F2016
G1 X-9.03 Y-9.03 E407.9832 F2100
G1 X9.03 Y-9.03 E408.4968
G1 E408.1968 F1800
G1 X9.43 Y-9.43 F4800
G1 E408.4968 F1800
G1 X9.43 Y-9.43 F4800
G1 X9.43 Y9.43 E409.0331 F2100
G1 X-9.43 Y9.43 E409.5695
G1 X-9.43 Y-9.43 E410.1058
G1 X9.43 Y-9.43 E410.6422
G1 E410.3422 F1800
G1 X9.83 Y-9.83 F4800
G1 E410.6422 F1800
;structure:shell-outer
G1 X9.83 Y-9.83 F4800
M204 S500
G1 X9.83 Y9.83 E411.2013 F1500
G1 X-9.83 Y9.83 E411.7604
G1 X-9.83 Y-9.83 E412.3195
G1 X9.83 Y-9.83 E412.8786
G1 E412.5786 F1800
M204 S1000
G1 X8.69 Y-6.08 F4800
G1 E412.8786 F1800
;structure:infill-sparse
G1 X8.69 Y-6.08 F4800
G1 X7.64 Y-5.47 E412.9131 F3000
G1 X7.64 Y-2.68 E412.9924
G1 X8.69 Y-2.07 E413.0270
G1 X8.69 Y2.07 E413.1447
G1 X7.64 Y2.68 E413.1792
G1 X7.64 Y5.47 E413.2586
G1 X8.69 Y6.08 E413.2931
G1 X8.69 Y8.69 E413.3673
G1 X5.14 Y8.69 E413.4683
G1 X5.14 Y6.75 E413.5234
G1 X7.36 Y5.47 E413.5963
G1 X7.36 Y2.68 E413.6756
G1 X5.14 Y1.40 E413.7485
G1 X5.14 Y-1.40 E413.8281
G1 X7.36 Y-2.68 E413.9010
G1 X7.36 Y-5.47 E413.9803
G1 X5.14 Y-6.75 E414.0532
G1 X5.14 Y-8.69 E414.1084
G1 X4.86 Y-8.69 E414.1163
G1 X4.86 Y-6.75 E414.1715
G1 X2.64 Y-5.47 E414.2444
G1 X2.64 Y-2.68 E414.3237
G1 X4.86 Y-1.40 E414.3966
G1 X4.86 Y1.40 E414.4762
G1 X2.64 Y2.68 E414.5491
G1 X2.64 Y5.47 E414.6284
G1 X4.86 Y6.75 E414.7013
G1 X4.86 Y8.69 E414.7565
G1 X0.14 Y8.69 E414.8907
G1 X0.14 Y6.75 E414.9458
G1 X2.36 Y5.47 E415.0187
G1 X2.36 Y2.68 E415.0981
G1 X0.14 Y1.40 E415.1709
G1 X0.14 Y-1.40 E415.2505
G1 X2.36 Y-2.68 E415.3234
G1 X2.36 Y-5.47 E415.4028
G1 X0.14 Y-6.75 E415.4756
G1 X0.14 Y-8.69 E415.5308
G1 X-0.14 Y-8.69 E415.5388
G1 X-0.14 Y-6.75 E415.5939
G1 X-2.36 Y-5.47 E415.6668
G1 X-2.36 Y-2.68 E415.7462
G1 X-0.14 Y-1.40 E415.8190
G1 X-0.14 Y1.40 E415.8987
G1 X-2.36 Y2.68 E415.9715
G1 X-2.36 Y5.47 E416.0509
G1 X-0.14 Y6.75 E416.1237
G1 X-0.14 Y8.69 E416.1789
G1 X-4.86 Y8.69 E416.3131
G1 X-4.86 Y6.75 E416.3683
G1 X-2.64 Y5.47 E416.4412
G1 X-2.64 Y2.68 E416.5205
G1 X-4.86 Y1.40 E416.5934
G1 X-4.86 Y-1.40 E416.6730
G1 X-2.64 Y-2.68 E416.7459
G1 X-2.64 Y-5.47 E416.8252
G1 X-4.86 Y-6.75 E416.8981
G1 X-4.86 Y-8.69 E416.9532
G1 X-5.14 Y-8.69 E416.9612
G1 X-5.14 Y-6.75 E417.0164
G1 X-7.36 Y-5.47 E417.0893
G1 X-7.36 Y-2.68 E417.1686
G1 X-5.14 Y-1.40 E417.2415
G1 X-5.14 Y1.40 E417.3211
G1 X-7.36 Y2.68 E417.3940
G1 X-7.36 Y5.47 E417.4733
G1 X-5.14 Y6.75 E417.5462
G1 X-5.14 Y8.69 E417.6013
G1 X-8.69 Y8.69 E417.7023
G1 X-8.69 Y6.08 E417.7765
G1 X-7.64 Y5.47 E417.8110
G1 X-7.64 Y2.68 E417.8904
G1 X-8.69 Y2.07 E417.9249
G1 X-8.69 Y-2.07 E418.0426
G1 X-7.64 Y-2.68 E418.0771
G1 X-7.64 Y-5.47 E418.1565
G1 X-8.69 Y-6.08 E418.1910
;layer:0.18
G1 E417.8910 F1800
G1 X9.03 Y-9.03 F4800
G1 Z17.890 F420
G1 E418.1910 F1800
;structure:shell-inner
G1 X9.03 Y-9.03 F4800
G1 X9.03 Y0.97 E418.4754 F1680
G1 X9.03 Y9.03 E418.7046 F1764
G1 X7.09 Y9.03 E418.7598
G1 X-2.91 Y9.03 E419.0442 F1848
G1 X-9.03 Y9.03 E419.2182 F1932
G1 X-9.03 Y5.15 E419.3285
G1 X-9.03 Y-4.85 E419.6129 F2016
G1 X-9.03 Y-9.03 E419.7318 F2100
G1 X9.03 Y-9.03 E420.2454
G1 E419.9454 F1800
G1 X9.43 Y-9.43 F4800
G1 E420.2454 F1800
G1 X9.43 Y-9.43 F4800
G1 X9.43 Y9.43 E420.7817 F2100
G1 X-9.43 Y9.43 E421.3181
G1 X-9.43 Y-9.43 E421.8544
G1 X9.43 Y-9.43 E422.3907
G1 E422.0908 F1800
G1 X9.83 Y-9.83 F4800
G1 E422.3907 F1800
;structure:shell-outer
G1 X9.83 Y-9.83 F4800
M204 S500
G1 X9.83 Y9.83 E422.9498 F1500
G1 X-9.83 Y9.83 E423.5089
G1 X-9.83 Y-9.83 E424.0680
G1 X9.83 Y-9.83 E424.6271
G1 E424.3271 F1800
M204 S1000
G1 X8.69 Y-6.08 F4800
G1 E424.6271 F1800
;structure:infill-sparse
G1 X8.69 Y-6.08 F4800
G1 X7.64 Y-5.47 E424.6617 F3000
G1 X7.64 Y-2.68 E424.7410
G1 X8.69 Y-2.07 E424.7755
G1 X8.69 Y2.07 E424.8932
G1 X7.64 Y2.68 E424.9278
G1 X7.64 Y5.47 E425.0071
G1 X8.69 Y6.08 E425.0417
G1 X8.69 Y8.69 E425.1159
G1 X5.14 Y8.69 E425.2168
G1 X5.14 Y6.75 E425.2720
G1 X7.36 Y5.47 E425.3448
G1 X7.36 Y2.68 E425.4242
G1 X5.14 Y1.40 E425.4971
G1 X5.14 Y-1.40 E425.5767
G1 X7.36 Y-2.68 E425.6496
G1 X7.36 Y-5.47 E425.7289
G1 X5.14 Y-6.75 E425.8018
G1 X5.14 Y-8.69 E425.8569
G1 X4.86 Y-8.69 E425.8649
G1 X4.86 Y-6.75 E425.9201
G1 X2.64 Y-5.47 E425.9930
G1 X2.64 Y-2.68 E426.0723
G1 X4.86 Y-1.40 E426.1451
G1 X4.86 Y1.40 E426.2248
G1 X2.64 Y2.68 E426.2977
G1 X2.64 Y5.47 E426.3770
G1 X4.86 Y6.75 E426.4499
G1 X4.86 Y8.69 E426.5050
G1 X0.14 Y8.69 E426.6393
G1 X0.14 Y6.75 E426.6944
G1 X2.36 Y5.47 E426.7673
G1 X2.36 Y2.68 E426.8466
G1 X0.14 Y1.40 E426.9195
G1 X0.14 Y-1.40 E426.9991
G1 X2.36 Y-2.68 E427.0720
G1 X2.36 Y-5.47 E427.1513
G1 X0.14 Y-6.75 E427.2242
G1 X0.14 Y-8.69 E427.2794
G1 X-0.14 Y-8.69 E427.2874
G1 X-0.14 Y-6.75 E427.3425
G1 X-2.36 Y-5.47 E427.4154
G1 X-2.36 Y-2.68 E427.4947
G1 X-0.14 Y-1.40 E427.5676
G1 X-0.14 Y1.40 E427.6472
G1 X-2.36 Y2.68 E427.7201
G1 X-2.36 Y5.47 E427.7994
G1 X-0.14 Y6.75 E427.8723
G1 X-0.14 Y8.69 E427.9275
G1 X-4.86 Y8.69 E428.0617
G1 X-4.86 Y6.75 E428.1169
G1 X-2.64 Y5.47 E428.1897
G1 X-2.64 Y2.68 E428.2691
G1 X-4.86 Y1.40 E428.3419
G1 X-4.86 Y-1.40 E428.4216
G1 X-2.64 Y-2.68 E428.4944
G1 X-2.64 Y-5.47 E428.5738
G1 X-4.86 Y-6.75 E428.6467
G1 X-4.86 Y-8.69 E428.7018
G1 X-5.14 Y-8.69 E428.7098
G1 X-5.14 Y-6.75 E428.7649
G1 X-7.36 Y-5.47 E428.8378
G1 X-7.36 Y-2.68 E428.9171
G1 X-5.14 Y-1.40 E428.9900
G1 X-5.14 Y1.40 E429.0696
G1 X-7.36 Y2.68 E429.1425
G1 X-7.36 Y5.47 E429.2219
G1 X-5.14 Y6.75 E429.2947
G1 X-5.14 Y8.69 E429.3499
G1 X-8.69 Y8.69 E429.4508
G1 X-8.69 Y6.08 E429.5251
G1 X-7.64 Y5.47 E429.5596
G1 X-7.64 Y2.68 E429.6389
G1 X-8.69 Y2.07 E429.6735
G1 X-8.69 Y-2.07 E429.7912
G1 X-7.64 Y-2.68 E429.8257
G1 X-7.64 Y-5.47 E429.9051
G1 X-8.69 Y-6.08 E429.9396
;layer:0.18
G1 E429.6396 F1800
G1 X9.03 Y-9.03 F4800
G1 Z18.070 F420
G1 E429.9396 F1800
;structure:shell-inner
G1 X9.03 Y-9.03 F4800
G1 X9.03 Y0.97 E430.2240 F1680
G1 X9.03 Y9.03 E430.4532 F1764
G1 X7.09 Y9.03 E430.5083
G1 X-2.91 Y9.03 E430.7927 F1848
G1 X-9.03 Y9.03 E430.9667 F1932
G1 X-9.03 Y5.15 E431.0771
G1 X-9.03 Y-4.85 E431.3615 F2016
G1 X-9.03 Y-9.03 E431.4803 F2100
G1 X9.03 Y-9.03 E431.9939
G1 E431.6939 F1800
G1 X9.43 Y-9.43 F4800
G1 E431.9939 F1800
G1 X9.43 Y-9.43 F4800
G1 X9.43 Y9.43 E432.5303 F2100
G1 X-9.43 Y9.43 E433.0666
G1 X-9.43 Y-9.43 E433.6030
G1 X9.43 Y-9.43 E434.1393
G1 E433.8393 F1800
G1 X9.83 Y-9.83 F4800
G1 E434.1393 F1800
;structure:shell-outer
G1 X9.83 Y-9.83 F4800
M204 S500
G1 X9.83 Y9.83 E434.6984 F1500
G1 X-9.83 Y9.83 E435.2575
G1 X-9.83 Y-9.83 E435.8166
G1 X9.83 Y-9.83 E436.3757
G1 E436.0757 F1800
M204 S1000
G1 X8.69 Y-6.08 F4800
G1 E436.3757 F1800
;structure:infill-sparse
G1 X8.69 Y-6.08 F4800
G1 X7.64 Y-5.47 E436.4102 F3000
G1 X7.64 Y-2.68 E436.4896
G1 X8.69 Y-2.07 E436.5241
G1 X8.69 Y2.07 E436.6418
G1 X7.64 Y2.68 E436.6763
G1 X7.64 Y5.47 E436.7557
G1 X8.69 Y6.08 E436.7902
G1 X8.69 Y8.69 E436.8644
G1 X5.14 Y8.69 E436.9654
G1 X5.14 Y6.75 E437.0205
G1 X7.36 Y5.47 E437.0934
G1 X7.36 Y2.68 E437.1728
G1 X5.14 Y1.40 E437.2456
G1 X5.14 Y-1.40 E437.3253
G1 X7.36 Y-2.68 E437.3981
G1 X7.36 Y-5.47 E437.4775
G1 X5.14 Y-6.75 E437.5504
G1 X5.14 Y-8.69 E437.6055
G1 X4.86 Y-8.69 E437.6135
G1 X4.86 Y-6.75 E437.6686
G1 X2.64 Y-5.47 E437.7415
G1 X2.64 Y-2.68 E437.8208
G1 X4.86 Y-1.40 E437.8937
G1 X4.86 Y1.40 E437.9734
G1 X2.64 Y2.68 E438.0462
G1 X2.64 Y5.47 E438.1255
G1 X4.86 Y6.75 E438.1984
G1 X4.86 Y8.69 E438.2536
G1 X0.14 Y8.69 E438.3878
G1 X0.14 Y6.75 E438.4430
G1 X2.36 Y5.47 E438.5158
G1 X2.36 Y2.68 E438.5952
G1 X0.14 Y1.40 E438.6681
G1 X0.14 Y-1.40 E438.7477
G1 X2.36 Y-2.68 E438.8206
G1 X2.36 Y-5.47 E438.8999
G1 X0.14 Y-6.75 E438.9728
G1 X0.14 Y-8.69 E439.0279
G1 X-0.14 Y-8.69 E439.0359
G1 X-0.14 Y-6.75 E439.0911
G1 X-2.36 Y-5.47 E439.1639
G1 X-2.36 Y-2.68 E439.2433
G1 X-0.14 Y-1.40 E439.3162
G1 X-0.14 Y1.40 E439.3958
G1 X-2.36 Y2.68 E439.4687
G1 X-2.36 Y5.47 E439.5480
G1 X-0.14 Y6.75 E439.6209
G1 X-0.14 Y8.69 E439.6760
G1 X-4.86 Y8.69 E439.8102
G1 X-4.86 Y6.75 E439.8654
G1 X-2.64 Y5.47 E439.9383
G1 X-2.64 Y2.68 E440.0176
G1 X-4.86 Y1.40 E440.0905
G1 X-4.86 Y-1.40 E440.1701
G1 X-2.64 Y-2.68 E440.2430
G1 X-2.64 Y-5.47 E440.3224
G1 X-4.86 Y-6.75 E440.3952
G1 X-4.86 Y-8.69 E440.4504
G1 X-5.14 Y-8.69 E440.4583
G1 X-5.14 Y-6.75 E440.5135
G1 X-7.36 Y-5.47 E440.5864
G1 X-7.36 Y-2.68 E440.6657
G1 X-5.14 Y-1.40 E440.7386
G1 X-5.14 Y1.40 E440.8182
G1 X-7.36 Y2.68 E440.8911
G1 X-7.36 Y5.47 E440.9704
G1 X-5.14 Y6.75 E441.0433
G1 X-5.14 Y8.69 E441.0985
G1 X-8.69 Y8.69 E441.1994
G1 X-8.69 Y6.08 E441.2736
G1 X-7.64 Y5.47 E441.3082
G1 X-7.64 Y2.68 E441.3875
G1 X-8.69 Y2.07 E441.4220
G1 X-8.69 Y-2.07 E441.5398
G1 X-7.64 Y-2.68 E441.5743
G1 X-7.64 Y-5.47 E441.6536
G1 X-8.69 Y-6.08 E441.6882
;layer:0.18
G1 E441.3882 F1800
G1 X9.03 Y-9.03 F4800
G1 Z18.250 F420
G1 E441.6882 F1800
;structure:shell-inner
G1 X9.03 Y-9.03 F4800
G1 X9.03 Y0.97 E441.9725 F1680
G1 X9.03 Y9.03 E442.2018 F1764
G1 X7.09 Y9.03 E442.2569
G1 X-2.91 Y9.03 E442.5413 F1848
G1 X-9.03 Y9.03 E442.7153 F1932
G1 X-9.03 Y5.15 E442.8257
G1 X-9.03 Y-4.85 E443.1100 F2016
G1 X-9.03 Y-9.03 E443.2289 F2100
G1 X9.03 Y-9.03 E443.7425
G1 E443.4425 F1800
G1 X9.43 Y-9.43 F4800
G1 E443.7425 F1800
G1 X9.43 Y-9.43 F4800
G1 X9.43 Y9.43 E444.2788 F2100
G1 X-9.43 Y9.43 E444.8152
G1 X-9.43 Y-9.43 E445.3515
G1 X9.43 Y-9.43 E445.8879
G1 E445.5879 F1800
G1 X9.83 Y-9.83 F4800
G1 E445.8879 F1800
;structure:shell-outer
G1 X9.83 Y-9.83 F4800
M204 S500
G1 X9.83 Y9.83 E446.4470 F1500
G1 X-9.83 Y9.83 E447.0061
G1 X-9.83 Y-9.83 E447.5652
G1 X9.83 Y-9.83 E448.1242
G1 E447.8242 F1800
M204 S1000
G1 X8.69 Y-6.08 F4800
G1 E448.1242 F1800
;structure:infill-sparse
G1 X8.69 Y-6.08 F4800
G1 X7.64 Y-5.47 E448.1588 F3000
G1 X7.64 Y-2.68 E448.2381
G1 X8.69 Y-2.07 E448.2726
G1 X8.69 Y2.07 E448.3904
G1 X7.64 Y2.68 E448.4249
G1 X7.64 Y5.47 E448.5042
G1 X8.69 Y6.08 E448.5388
G1 X8.69 Y8.69 E448.6130
G1 X5.14 Y8.69 E448.7139
G1 X5.14 Y6.75 E448.7691
G1 X7.36 Y5.47 E448.8420
G1 X7.36 Y2.68 E448.9213
G1 X5.14 Y1.40 E448.9942
G1 X5.14 Y-1.40 E449.0738
G1 X7.36 Y-2.68 E449.1467
G1 X7.36 Y-5.47 E449.2260
G1 X5.14 Y-6.75 E449.2989
G1 X5.14 Y-8.69 E449.3541
G1 X4.86 Y-8.69 E449.3620
G1 X4.86 Y-6.75 E449.4172
G1 X2.64 Y-5.47 E449.4901
G1 X2.64 Y-2.68 E449.5694
G1 X4.86 Y-1.40 E449.6423
G1 X4.86 Y1.40 E449.7219
G1 X2.64 Y2.68 E449.7948
G1 X2.64 Y5.47 E449.8741
G1 X4.86 Y6.75 E449.9470
G1 X4.86 Y8.69 E450.0022
G1 X0.14 Y8.69 E450.1364
G1 X0.14 Y6.75 E450.1915
G1 X2.36 Y5.47 E450.2644
G1 X2.36 Y2.68 E450.3438
G1 X0.14 Y1.40 E450.4166
G1 X0.14 Y-1.40 E450.4962
G1 X2.36 Y-2.68 E450.5691
G1 X2.36 Y-5.47 E450.6485
G1 X0.14 Y-6.75 E450.7213
G1 X0.14 Y-8.69 E450.7765
G1 X-0.14 Y-8.69 E450.7845
G1 X-0.14 Y-6.75 E450.8396
G1 X-2.36 Y-5.47 E450.9125
G1 X-2.36 Y-2.68 E450.9919
G1 X-0.14 Y-1.40 E451.0647
G1 X-0.14 Y1.40 E451.1443
G1 X-2.36 Y2.68 E451.2172
G1 X-2.36 Y5.47 E451.2966
G1 X-0.14 Y6.75 E451.3694
G1 X-0.14 Y8.69 E451.4246
G1 X-4.86 Y8.69 E451.5588
G1 X-4.86 Y6.75 E451.6140
G1 X-2.64 Y5.47 E451.6868
G1 X-2.64 Y2.68 E451.7662
G1 X-4.86 Y1.40 E451.8391
G1 X-4.86 Y-1.40 E451.9187
G1 X-2.64 Y-2.68 E451.9916
G1 X-2.64 Y-5.47 E452.0709
G1 X-4.86 Y-6.75 E452.1438
G1 X-4.86 Y-8.69 E452.1989
G1 X-5.14 Y-8.69 E452.2069
G1 X-5.14 Y-6.75 E452.2621
G1 X-7.36 Y-5.47 E452.3349
G1 X-7.36 Y-2.68 E452.4143
G1 X-5.14 Y-1.40 E452.4872
G1 X-5.14 Y1.40 E452.5668
G1 X-7.36 Y2.68 E452.6396
G1 X-7.36 Y5.47 E452.7190
G1 X-5.14 Y6.75 E452.7919
G1 X-5.14 Y8.69 E452.8470
G1 X-8.69 Y8.69 E452.9480
G1 X-8.69 Y6.08 E453.0222
G1 X-7.64 Y5.47 E453.0567
G1 X-7.64 Y2.68 E453.1360
G1 X-8.69 Y2.07 E453.1706
G1 X-8.69 Y-2.07 E453.2883
G1 X-7.64 Y-2.68 E453.3228
G1 X-7.64 Y-5.47 E453.4022
G1 X-8.69 Y-6.08 E453.4367
;layer:0.18
G1 E453.1367 F1800
G1 X9.03 Y-9.03 F4800
G1 Z18.430 F420
G1 E453.4367 F1800
;structure:shell-inner
G1 X9.03 Y-9.03 F4800
G1 X9.03 Y0.97 E453.7211 F1680
G1 X9.03 Y9.03 E453.9503 F1764
G1 X7.09 Y9.03 E454.0055
G1 X-2.91 Y9.03 E454.2899 F1848
G1 X-9.03 Y9.03 E454.4639 F1932
G1 X-9.03 Y5.15 E454.5742
G1 X-9.03 Y-4.85 E454.8586 F2016
G1 X-9.03 Y-9.03 E454.9775 F2100
G1 X9.03 Y-9.03 E455.4911
G1 E455.1911 F1800
G1 X9.43 Y-9.43 F4800
G1 E455.4911 F1800
G1 X9.43 Y-9.43 F4800
G1 X9.43 Y9.43 E456.0274 F2100
G1 X-9.43 Y9.43 E456.5638
G1 X-9.43 Y-9.43 E457.1001
G1 X9.43 Y-9.43 E457.6364
G1 E457.3364 F1800
G1 X9.83 Y-9.83 F4800
G1 E457.6364 F1800
;structure:shell-outer
G1 X9.83 Y-9.83 F4800
M204 S500
G1 X9.83 Y9.83 E458.1955 F1500
G1 X-9.83 Y9.83 E458.7546
G1 X-9.83 Y-9.83 E459.3137
G1 X9.83 Y-9.83 E459.8728
G1 E459.5728 F1800
M204 S1000
G1 X8.69 Y-6.08 F4800
G1 E459.8728 F1800
;structure:infill-sparse
G1 X8.69 Y-6.08 F4800
G1 X7.64 Y-5.47 E459.9073 F3000
G1 X7.64 Y-2.68 E459.9867
G1 X8.69 Y-2.07 E460.0212
G1 X8.69 Y2.07 E460.1389
G1 X7.64 Y2.68 E460.1735
G1 X7.64 Y5.47 E460.2528
G1 X8.69 Y6.08 E460.2874
G1 X8.69 Y8.69 E460.3616
G1 X5.14 Y8.69 E460.4625
G1 X5.14 Y6.75 E460.5177
G1 X7.36 Y5.47 E460.5905
G1 X7.36 Y2.68 E460.6699
G1 X5.14 Y1.40 E460.7427
G1 X5.14 Y-1.40 E460.8224
G1 X7.36 Y-2.68 E460.8953
G1 X7.36 Y-5.47 E460.9746
G1 X5.14 Y-6.75 E461.0475
G1 X5.14 Y-8.69 E461.1026
G1 X4.86 Y-8.69 E461.1106
G1 X4.86 Y-6.75 E461.1657
G1 X2.64 Y-5.47 E461.2386
G1 X2.64 Y-2.68 E461.3180
G1 X4.86 Y-1.40 E461.3908
G1 X4.86 Y1.40 E461.4705
G1 X2.64 Y2.68 E461.5433
G1 X2.64 Y5.47 E461.6227
G1 X4.86 Y6.75 E461.6956
G1 X4.86 Y8.69 E461.7507
G1 X0.14 Y8.69 E461.8849
G1 X0.14 Y6.75 E461.9401
G1 X2.36 Y5.47 E462.0130
G1 X2.36 Y2.68 E462.0923
G1 X0.14 Y1.40 E462.1652
G1 X0.14 Y-1.40 E462.2448
G1 X2.36 Y-2.68 E462.3177
G1 X2.36 Y-5.47 E462.3970
G1 X0.14 Y-6.75 E462.4699
G1 X0.14 Y-8.69 E462.5251
G1 X-0.14 Y-8.69 E462.5330
G1 X-0.14 Y-6.75 E462.5882
G1 X-2.36 Y-5.47 E462.6611
G1 X-2.36 Y-2.68 E462.7404
G1 X-0.14 Y-1.40 E462.8133
G1 X-0.14 Y1.40 E462.8929
G1 X-2.36 Y2.68 E462.9658
G1 X-2.36 Y5.47 E463.0451
G1 X-0.14 Y6.75 E463.1180
G1 X-0.14 Y8.69 E463.1732
G1 X-4.86 Y8.69 E463.3074
G1 X-4.86 Y6.75 E463.3625
G1 X-2.64 Y5.47 E463.4354
G1 X-2.64 Y2.68 E463.5147
G1 X-4.86 Y1.40 E463.5876
G1 X-4.86 Y-1.40 E463.6672
G1 X-2.64 Y-2.68 E463.7401
G1 X-2.64 Y-5.47 E463.8195
G1 X-4.86 Y-6.75 E463.8923
G1 X-4.86 Y-8.69 E463.9475
G1 X-5.14 Y-8.69 E463.9555
G1 X-5.14 Y-6.75 E464.0106
G1 X-7.36 Y-5.47 E464.0835
G1 X-7.36 Y-2.68 E464.1628
G1 X-5.14 Y-1.40 E464.2357
G1 X-5.14 Y1.40 E464.3153
G1 X-7.36 Y2.68 E464.3882
G1 X-7.36 Y5.47 E464.4676
G1 X-5.14 Y6.75 E464.5404
G1 X-5.14 Y8.69 E464.5956
G1 X-8.69 Y8.69 E464.6965
G1 X-8.69 Y6.08 E464.7708
G1 X-7.64 Y5.47 E464.8053
G1 X-7.64 Y2.68 E464.8846
G1 X-8.69 Y2.07 E464.9192
G1 X-8.69 Y-2.07 E465.0369
G1 X-7.64 Y-2.68 E465.0714
G1 X-7.64 Y-5.47 E465.1508
G1 X-8.69 Y-6.08 E465.1853
;layer:0.18
G1 E464.8853 F1800
G1 X9.03 Y-9.03 F4800
G1 Z18.610 F420
G1 E465.1853 F1800
;structure:shell-inner
G1 X9.03 Y-9.03 F4800
G1 X9.03 Y0.97 E465.4697 F1680
G1 X9.03 Y9.03 E465.6989 F1764
G1 X7.09 Y9.03 E465.7540
G1 X-2.91 Y9.03 E466.0384 F1848
G1 X-9.03 Y9.03 E466.2124 F1932
G1 X-9.03 Y5.15 E466.3228
G1 X-9.03 Y-4.85 E466.6071 F2016
G1 X-9.03 Y-9.03 E466.7260 F2100
G1 X9.03 Y-9.03 E467.2396
G1 E466.9396 F1800
G1 X9.43 Y-9.43 F4800
G1 E467.2396 F1800
G1 X9.43 Y-9.43 F4800
G1 X9.43 Y9.43 E467.7760 F2100
G1 X-9.43 Y9.43 E468.3123
G1 X-9.43 Y-9.43 E468.8487
G1 X9.43 Y-9.43 E469.3850
G1 E469.0850 F1800
G1 X9.83 Y-9.83 F4800
G1 E469.3850 F1800
;structure:shell-outer
G1 X9.83 Y-9.83 F4800
M204 S500
G1 X9.83 Y9.83 E469.9441 F1500
G1 X-9.83 Y9.83 E470.5032
G1 X-9.83 Y-9.83 E471.0623
G1 X9.83 Y-9.83 E471.6214
G1 E471.3214 F1800
M204 S1000
G1 X8.69 Y-6.08 F4800
G1 E471.6214 F1800
;structure:infill-sparse
G1 X8.69 Y-6.08 F4800
G1 X7.64 Y-5.47 E471.6559 F3000
G1 X7.64 Y-2.68 E471.7353
G1 X8.69 Y-2.07 E471.7698
G1 X8.69 Y2.07 E471.8875
G1 X7.64 Y2.68 E471.9220
G1 X7.64 Y5.47 E472.0014
G1 X8.69 Y6.08 E472.0359
G1 X8.69 Y8.69 E472.1101
G1 X5.14 Y8.69 E472.2111
G1 X5.14 Y6.75 E472.2662
G1 X7.36 Y5.47 E472.3391
G1 X7.36 Y2.68 E472.4184
G1 X5.14 Y1.40 E472.4913
G1 X5.14 Y-1.40 E472.5709
G1 X7.36 Y-2.68 E472.6438
G1 X7.36 Y-5.47 E472.7231
G1 X5.14 Y-6.75 E472.7960
G1 X5.14 Y-8.69 E472.8512
G1 X4.86 Y-8.69 E472.8592
G1 X4.86 Y-6.75 E472.9143
G1 X2.64 Y-5.47 E472.9872
G1 X2.64 Y-2.68 E473.0665
G1 X4.86 Y-1.40 E473.1394
G1 X4.86 Y1.40 E473.2190
G1 X2.64 Y2.68 E473.2919
G1 X2.64 Y5.47 E473.3712
G1 X4.86 Y6.75 E473.4441
G1 X4.86 Y8.69 E473.4993
G1 X0.14 Y8.69 E473.6335
G1 X0.14 Y6.75 E473.6887
G1 X2.36 Y5.47 E473.7615
G1 X2.36 Y2.68 E473.8409
G1 X0.14 Y1.40 E473.9138
G1 X0.14 Y-1.40 E473.9934
G1 X2.36 Y-2.68 E474.0663
G1 X2.36 Y-5.47 E474.1456
G1 X0.14 Y-6.75 E474.2185
G1 X0.14 Y-8.69 E474.2736
G1 X-0.14 Y-8.69 E474.2816
G1 X-0.14 Y-6.75 E474.3368
G1 X-2.36 Y-5.47 E474.4096
G1 X-2.36 Y-2.68 E474.4890
G1 X-0.14 Y-1.40 E474.5618
G1 X-0.14 Y1.40 E474.6415
G1 X-2.36 Y2.68 E474.7144
G1 X-2.36 Y5.47 E474.7937
G1 X-0.14 Y6.75 E474.8666
G1 X-0.14 Y8.69 E474.9217
G1 X-4.86 Y8.69 E475.0559
G1 X-4.86 Y6.75 E475.1111
G1 X-2.64 Y5.47 E475.1840
G1 X-2.64 Y2.68 E475.2633
G1 X-4.86 Y1.40 E475.3362
G1 X-4.86 Y-1.40 E475.4158
G1 X-2.64 Y-2.68 E475.4887
G1 X-2.64 Y-5.47 E475.5680
G1 X-4.86 Y-6.75 E475.6409
G1 X-4.86 Y-8.69 E475.6961
G1 X-5.14 Y-8.69 E475.7040
G1 X-5.14 Y-6.75 E475.7592
G1 X-7.36 Y-5.47 E475.8321
G1 X-7.36 Y-2.68 E475.9114
G1 X-5.14 Y-1.40 E475.9843
G1 X-5.14 Y1.40 E476.0639
G1 X-7.36 Y2.68 E476.1368
G1 X-7.36 Y5.47 E476.2161
G1 X-5.14 Y6.75 E476.2890
G1 X-5.14 Y8.69 E476.3441
G1 X-8.69 Y8.69 E476.4451
G1 X-8.69 Y6.08 E476.5193
G1 X-7.64 Y5.47 E476.5538
G1 X-7.64 Y2.68 E476.6332
G1 X-8.69 Y2.07 E476.6677
G1 X-8.69 Y-2.07 E476.7854
G1 X-7.64 Y-2.68 E476.8200
G1 X-7.64 Y-5.47 E476.8993
G1 X-8.69 Y-6.08 E476.9338
;layer:0.18
G1 E476.6339 F1800
G1 X9.03 Y-9.03 F4800
G1 Z18.790 F420
G1 E476.9338 F1800
;structure:shell-inner
G1 X9.03 Y-9.03 F4800
G1 X9.03 Y0.97 E477.2182 F1680
G1 X9.03 Y9.03 E477.4474 F1764
G1 X7.09 Y9.03 E477.5026
G1 X-2.91 Y9.03 E477.7870 F1848
G1 X-9.03 Y9.03 E477.9610 F1932
G1 X-9.03 Y5.15 E478.0714
G1 X-9.03 Y-4.85 E478.3557 F2016
G1 X-9.03 Y-9.03 E478.4746 F2100
G1 X9.03 Y-9.03 E478.9882
G1 E478.6882 F1800
G1 X9.43 Y-9.43 F4800
G1 E478.9882 F1800
G1 X9.43 Y-9.43 F4800
G1 X9.43 Y9.43 E479.5245 F2100
G1 X-9.43 Y9.43 E480.0609
G1 X-9.43 Y-9.43 E480.5972
G1 X9.43 Y-9.43 E481.1336
G1 E480.8336 F1800
G1 X9.83 Y-9.83 F4800
G1 E481.1336 F1800
;structure:shell-outer
G1 X9.83 Y-9.83 F4800
M204 S500
G1 X9.83 Y9.83 E481.6927 F1500
G1 X-9.83 Y9.83 E482.2517
G1 X-9.83 Y-9.83 E482.8109
G1 X9.83 Y-9.83 E483.3699
G1 E483.0699 F1800
M204 S1000
G1 X8.69 Y-6.08 F4800
G1 E483.3699 F1800
;structure:infill-sparse
G1 X8.69 Y-6.08 F4800
G1 X7.64 Y-5.47 E483.4045 F3000
G1 X7.64 Y-2.68 E483.4838
G1 X8.69 Y-2.07 E483.5183
G1 X8.69 Y2.07 E483.6360
G1 X7.64 Y2.68 E483.6706
G1 X7.64 Y5.47 E483.7499
G1 X8.69 Y6.08 E483.7845
G1 X8.69 Y8.69 E483.8587
G1 X5.14 Y8.69 E483.9596
G1 X5.14 Y6.75 E484.0148
G1 X7.36 Y5.47 E484.0876
G1 X7.36 Y2.68 E484.1670
G1 X5.14 Y1.40 E484.2399
G1 X5.14 Y-1.40 E484.3195
G1 X7.36 Y-2.68 E484.3924
G1 X7.36 Y-5.47 E484.4717
G1 X5.14 Y-6.75 E484.5446
G1 X5.14 Y-8.69 E484.5998
G1 X4.86 Y-8.69 E484.6077
G1 X4.86 Y-6.75 E484.6629
G1 X2.64 Y-5.47 E484.7357
G1 X2.64 Y-2.68 E484.8151
G1 X4.86 Y-1.40 E484.8880
G1 X4.86 Y1.40 E484.9676
G1 X2.64 Y2.68 E485.0405
G1 X2.64 Y5.47 E485.1198
G1 X4.86 Y6.75 E485.1927
G1 X4.86 Y8.69 E485.2478
G1 X0.14 Y8.69 E485.3820
G1 X0.14 Y6.75 E485.4372
G1 X2.36 Y5.47 E485.5101
G1 X2.36 Y2.68 E485.5894
G1 X0.14 Y1.40 E485.6623
G1 X0.14 Y-1.40 E485.7419
G1 X2.36 Y-2.68 E485.8148
G1 X2.36 Y-5.47 E485.8942
G1 X0.14 Y-6.75 E485.9670
G1 X0.14 Y-8.69 E486.0222
G1 X-0.14 Y-8.69 E486.0302
G1 X-0.14 Y-6.75 E486.0853
G1 X-2.36 Y-5.47 E486.1582
G1 X-2.36 Y-2.68 E486.2375
G1 X-0.14 Y-1.40 E486.3104
G1 X-0.14 Y1.40 E486.3900
G1 X-2.36 Y2.68 E486.4629
G1 X-2.36 Y5.47 E486.5422
G1 X-0.14 Y6.75 E486.6151
G1 X-0.14 Y8.69 E486.6703
G1 X-4.86 Y8.69 E486.8045
G1 X-4.86 Y6.75 E486.8596
G1 X-2.64 Y5.47 E486.9325
G1 X-2.64 Y2.68 E487.0119
G1 X-4.86 Y1.40 E487.0847
G1 X-4.86 Y-1.40 E487.1644
G1 X-2.64 Y-2.68 E487.2372
G1 X-2.64 Y-5.47 E487.3166
G1 X-4.86 Y-6.75 E487.3895
G1 X-4.86 Y-8.69 E487.4446
G1 X-5.14 Y-8.69 E487.4526
G1 X-5.14 Y-6.75 E487.5078
G1 X-7.36 Y-5.47 E487.5806
G1 X-7.36 Y-2.68 E487.6600
G1 X-5.14 Y-1.40 E487.7328
G1 X-5.14 Y1.40 E487.8125
G1 X-7.36 Y2.68 E487.8853
G1 X-7.36 Y5.47 E487.9647
G1 X-5.14 Y6.75 E488.0376
G1 X-5.14 Y8.69 E488.0927
G1 X-8.69 Y8.69 E488.1937
G1 X-8.69 Y6.08 E488.2679
G1 X-7.64 Y5.47 E488.3024
G1 X-7.64 Y2.68 E488.3817
G1 X-8.69 Y2.07 E488.4163
G1 X-8.69 Y-2.07 E488.5340
G1 X-7.64 Y-2.68 E488.5685
G1 X-7.64 Y-5.47 E488.6479
G1 X-8.69 Y-6.08 E488.6824
;layer:0.18
G1 E488.3824 F1800
G1 X9.03 Y-9.03 F4800
G1 Z18.970 F420
G1 E488.6824 F1800
;structure:shell-inner
G1 X9.03 Y-9.03 F4800
G1 X9.03 Y0.97 E488.9668 F1680
G1 X9.03 Y9.03 E489.1960 F1764
G1 X7.09 Y9.03 E489.2512
G1 X-2.91 Y9.03 E489.5355 F1848
G1 X-9.03 Y9.03 E489.7096 F1932
G1 X-9.03 Y5.15 E489.8199
G1 X-9.03 Y-4.85 E490.1043 F2016
G1 X-9.03 Y-9.03 E490.2231 F2100
G1 X9.03 Y-9.03 E490.7368
G1 E490.4367 F1800
G1 X9.43 Y-9.43 F4800
G1 E490.7368 F1800
G1 X9.43 Y-9.43 F4800
G1 X9.43 Y9.43 E491.2731 F2100
G1 X-9.43 Y9.43 E491.8094
G1 X-9.43 Y-9.43 E492.3458
G1 X9.43 Y-9.43 E492.8821
G1 E492.5821 F1800
G1 X9.83 Y-9.83 F4800
G1 E492.8821 F1800
;structure:shell-outer
G1 X9.83 Y-9.83 F4800
M204 S500
G1 X9.83 Y9.83 E493.4412 F1500
G1 X-9.83 Y9.83 E494.0003
G1 X-9.83 Y-9.83 E494.5594
G1 X9.83 Y-9.83 E495.1185
G1 E494.8185 F1800
M204 S1000
G1 X8.69 Y-6.08 F4800
G1 E495.1185 F1800
;structure:infill-sparse
G1 X8.69 Y-6.08 F4800
G1 X7.64 Y-5.47 E495.1530 F3000
G1 X7.64 Y-2.68 E495.2324
G1 X8.69 Y-2.07 E495.2669
G1 X8.69 Y2.07 E495.3846
G1 X7.64 Y2.68 E495.4192
G1 X7.64 Y5.47 E495.4985
G1 X8.69 Y6.08 E495.5330
G1 X8.69 Y8.69 E495.6072
G1 X5.14 Y8.69 E495.7082
G1 X5.14 Y6.75 E495.7633
G1 X7.36 Y5.47 E495.8362
G1 X7.36 Y2.68 E495.9156
G1 X5.14 Y1.40 E495.9884
G1 X5.14 Y-1.40 E496.0681
G1 X7.36 Y-2.68 E496.1409
G1 X7.36 Y-5.47 E496.2203
G1 X5.14 Y-6.75 E496.2932
G1 X5.14 Y-8.69 E496.3483
G1 X4.86 Y-8.69 E496.3563
G1 X4.86 Y-6.75 E496.4114
G1 X2.64 Y-5.47 E496.4843
G1 X2.64 Y-2.68 E496.5637
G1 X4.86 Y-1.40 E496.6365
G1 X4.86 Y1.40 E496.7162
G1 X2.64 Y2.68 E496.7890
G1 X2.64 Y5.47 E496.8684
G1 X4.86 Y6.75 E496.9413
G1 X4.86 Y8.69 E496.9964
G1 X0.14 Y8.69 E497.1306
G1 X0.14 Y6.75 E497.1858
G1 X2.36 Y5.47 E497.2587
G1 X2.36 Y2.68 E497.3380
G1 X0.14 Y1.40 E497.4109
G1 X0.14 Y-1.40 E497.4905
G1 X2.36 Y-2.68 E497.5634
G1 X2.36 Y-5.47 E497.6427
G1 X0.14 Y-6.75 E497.7156
G1 X0.14 Y-8.69 E497.7708
G1 X-0.14 Y-8.69 E497.7787
G1 X-0.14 Y-6.75 E497.8339
G1 X-2.36 Y-5.47 E497.9067
G1 X-2.36 Y-2.68 E497.9861
G1 X-0.14 Y-1.40 E498.0590
G1 X-0.14 Y1.40 E498.1386
G1 X-2.36 Y2.68 E498.2115
G1 X-2.36 Y5.47 E498.2908
G1 X-0.14 Y6.75 E498.3637
G1 X-0.14 Y8.69 E498.4189
G1 X-4.86 Y8.69 E498.5531
G1 X-4.86 Y6.75 E498.6082
G1 X-2.64 Y5.47 E498.6811
G1 X-2.64 Y2.68 E498.7604
G1 X-4.86 Y1.40 E498.8333
G1 X-4.86 Y-1.40 E498.9129
G1 X-2.64 Y-2.68 E498.9858
G1 X-2.64 Y-5.47 E499.0652
G1 X-4.86 Y-6.75 E499.1380
G1 X-4.86 Y-8.69 E499.1932
G1 X-5.14 Y-8.69 E499.2011
G1 X-5.14 Y-6.75 E499.2563
G1 X-7.36 Y-5.47 E499.3292
G1 X-7.36 Y-2.68 E499.4085
G1 X-5.14 Y-1.40 E499.4814
G1 X-5.14 Y1.40 E499.5610
G1 X-7.36 Y2.68 E499.6339
G1 X-7.36 Y5.47 E499.7133
G1 X-5.14 Y6.75 E499.7861
G1 X-5.14 Y8.69 E499.8413
G1 X-8.69 Y8.69 E499.9422
G1 X-8.69 Y6.08 E500.0164
G1 X-7.64 Y5.47 E500.0510
G1 X-7.64 Y2.68 E500.1303
G1 X-8.69 Y2.07 E500.1649
G1 X-8.69 Y-2.07 E500.2826
G1 X-7.64 Y-2.68 E500.3171
G1 X-7.64 Y-5.47 E500.3964
G1 X-8.69 Y-6.08 E500.4310
;layer:0.18
G1 E500.1310 F1800
G1 X9.03 Y-9.03 F4800
G1 Z19.150 F420
G1 E500.4310 F1800
;structure:shell-inner
G1 X9.03 Y-9.03 F4800
G1 X9.03 Y0.97 E500.7153 F1680
G1 X9.03 Y9.03 E500.9445 F1764
G1 X7.09 Y9.03 E500.9997
G1 X-2.91 Y9.03 E501.2841 F1848
G1 X-9.03 Y9.03 E501.4581 F1932
G1 X-9.03 Y5.15 E501.5685
G1 X-9.03 Y-4.85 E501.8528 F2016
G1 X-9.03 Y-9.03 E501.9717 F2100
G1 X9.03 Y-9.03 E502.4853
G1 E502.1853 F1800
G1 X9.43 Y-9.43 F4800
G1 E502.4853 F1800
G1 X9.43 Y-9.43 F4800
G1 X9.43 Y9.43 E503.0217 F2100
G1 X-9.43 Y9.43 E503.5580
G1 X-9.43 Y-9.43 E504.0943
G1 X9.43 Y-9.43 E504.6307
G1 E504.3307 F1800
G1 X9.83 Y-9.83 F4800
G1 E504.6307 F1800
;structure:shell-outer
G1 X9.83 Y-9.83 F4800
M204 S500
G1 X9.83 Y9.83 E505.1898 F1500
G1 X-9.83 Y9.83 E505.7489
G1 X-9.83 Y-9.83 E506.3080
G1 X9.83 Y-9.83 E506.8671
G1 E506.5671 F1800
M204 S1000
G1 X8.69 Y-6.08 F4800
G1 E506.8671 F1800
;structure:infill-sparse
G1 X8.69 Y-6.08 F4800
G1 X7.64 Y-5.47 E506.9016 F3000
G1 X7.64 Y-2.68 E506.9809
G1 X8.69 Y-2.07 E507.0155
G1 X8.69 Y2.07 E507.1332
G1 X7.64 Y2.68 E507.1677
G1 X7.64 Y5.47 E507.2471
G1 X8.69 Y6.08 E507.2816
G1 X8.69 Y8.69 E507.3558
G1 X5.14 Y8.69 E507.4568
G1 X5.14 Y6.75 E507.5119
G1 X7.36 Y5.47 E507.5848
G1 X7.36 Y2.68 E507.6641
G1 X5.14 Y1.40 E507.7370
G1 X5.14 Y-1.40 E507.8166
G1 X7.36 Y-2.68 E507.8895
G1 X7.36 Y-5.47 E507.9688
G1 X5.14 Y-6.75 E508.0417
G1 X5.14 Y-8.69 E508.0969
G1 X4.86 Y-8.69 E508.1049
G1 X4.86 Y-6.75 E508.1600
G1 X2.64 Y-5.47 E508.2329
G1 X2.64 Y-2.68 E508.3122
G1 X4.86 Y-1.40 E508.3851
G1 X4.86 Y1.40 E508.4647
G1 X2.64 Y2.68 E508.5376
G1 X2.64 Y5.47 E508.6169
G1 X4.86 Y6.75 E508.6898
G1 X4.86 Y8.69 E508.7450
G1 X0.14 Y8.69 E508.8792
G1 X0.14 Y6.75 E508.9344
G1 X2.36 Y5.47 E509.0072
G1 X2.36 Y2.68 E509.0865
G1 X0.14 Y1.40 E509.1594
G1 X0.14 Y-1.40 E509.2391
G1 X2.36 Y-2.68 E509.3120
G1 X2.36 Y-5.47 E509.3913
G1 X0.14 Y-6.75 E509.4641
G1 X0.14 Y-8.69 E509.5193
G1 X-0.14 Y-8.69 E509.5273
G1 X-0.14 Y-6.75 E509.5824
G1 X-2.36 Y-5.47 E509.6553
G1 X-2.36 Y-2.68 E509.7346
G1 X-0.14 Y-1.40 E509.8075
G1 X-0.14 Y1.40 E509.8871
G1 X-2.36 Y2.68 E509.9600
G1 X-2.36 Y5.47 E510.0394
G1 X-0.14 Y6.75 E510.1122
G1 X-0.14 Y8.69 E510.1674
G1 X-4.86 Y8.69 E510.3016
G1 X-4.86 Y6.75 E510.3568
G1 X-2.64 Y5.47 E510.4297
G1 X-2.64 Y2.68 E510.5090
G1 X-4.86 Y1.40 E510.5819
G1 X-4.86 Y-1.40 E510.6615
G1 X-2.64 Y-2.68 E510.7344
G1 X-2.64 Y-5.47 E510.8137
G1 X-4.86 Y-6.75 E510.8866
G1 X-4.86 Y-8.69 E510.9417
G1 X-5.14 Y-8.69 E510.9497
G1 X-5.14 Y-6.75 E511.0049
G1 X-7.36 Y-5.47 E511.0778
G1 X-7.36 Y-2.68 E511.1571
G1 X-5.14 Y-1.40 E511.2300
G1 X-5.14 Y1.40 E511.3096
G1 X-7.36 Y2.68 E511.3825
G1 X-7.36 Y5.47 E511.4618
G1 X-5.14 Y6.75 E511.5347
G1 X-5.14 Y8.69 E511.5898
G1 X-8.69 Y8.69 E511.6908
G1 X-8.69 Y6.08 E511.7650
G1 X-7.64 Y5.47 E511.7995
G1 X-7.64 Y2.68 E511.8789
G1 X-8.69 Y2.07 E511.9134
G1 X-8.69 Y-2.07 E512.0311
G1 X-7.64 Y-2.68 E512.0657
G1 X-7.64 Y-5.47 E512.1450
G1 X-8.69 Y-6.08 E512.1795
;layer:0.18
G1 E511.8795 F1800
G1 X9.03 Y-9.03 F4800
G1 Z19.330 F420
G1 E512.1795 F1800
;structure:shell-inner
G1 X9.03 Y-9.03 F4800
G1 X9.03 Y0.97 E512.4639 F1680
G1 X9.03 Y9.03 E512.6931 F1764
G1 X7.09 Y9.03 E512.7483
G1 X-2.91 Y9.03 E513.0327 F1848
G1 X-9.03 Y9.03 E513.2067 F1932
G1 X-9.03 Y5.15 E513.3170
G1 X-9.03 Y-4.85 E513.6014 F2016
G1 X-9.03 Y-9.03 E513.7203 F2100
G1 X9.03 Y-9.03 E514.2339
G1 E513.9339 F1800
G1 X9.43 Y-9.43 F4800
G1 E514.2339 F1800
G1 X9.43 Y-9.43 F4800
G1 X9.43 Y9.43 E514.7702 F2100
G1 X-9.43 Y9.43 E515.3066
G1 X-9.43 Y-9.43 E515.8429
G1 X9.43 Y-9.43 E516.3793
G1 E516.0792 F1800
G1 X9.83 Y-9.83 F4800
G1 E516.3793 F1800
;structure:shell-outer
G1 X9.83 Y-9.83 F4800
M204 S500
G1 X9.83 Y9.83 E516.9384 F1500
G1 X-9.83 Y9.83 E517.4974
G1 X-9.83 Y-9.83 E518.0565
G1 X9.83 Y-9.83 E518.6156
G1 E518.3156 F1800
M204 S1000
G1 X8.69 Y-6.08 F4800
G1 E518.6156 F1800
;structure:infill-sparse
G1 X8.69 Y-6.08 F4800
G1 X7.64 Y-5.47 E518.6501 F3000
G1 X7.64 Y-2.68 E518.7295
G1 X8.69 Y-2.07 E518.7640
G1 X8.69 Y2.07 E518.8818
G1 X7.64 Y2.68 E518.9163
G1 X7.64 Y5.47 E518.9956
G1 X8.69 Y6.08 E519.0302
G1 X8.69 Y8.69 E519.1044
G1 X5.14 Y8.69 E519.2053
G1 X5.14 Y6.75 E519.2605
G1 X7.36 Y5.47 E519.3334
G1 X7.36 Y2.68 E519.4127
G1 X5.14 Y1.40 E519.4855
G1 X5.14 Y-1.40 E519.5652
G1 X7.36 Y-2.68 E519.6381
G1 X7.36 Y-5.47 E519.7174
G1 X5.14 Y-6.75 E519.7903
G1 X5.14 Y-8.69 E519.8455
G1 X4.86 Y-8.69 E519.8534
G1 X4.86 Y-6.75 E519.9086
G1 X2.64 Y-5.47 E519.9814
G1 X2.64 Y-2.68 E520.0608
G1 X4.86 Y-1.40 E520.1337
G1 X4.86 Y1.40 E520.2133
G1 X2.64 Y2.68 E520.2861
G1 X2.64 Y5.47 E520.3655
G1 X4.86 Y6.75 E520.4384
G1 X4.86 Y8.69 E520.4935
G1 X0.14 Y8.69 E520.6277
G1 X0.14 Y6.75 E520.6829
G1 X2.36 Y5.47 E520.7558
G1 X2.36 Y2.68 E520.8351
G1 X0.14 Y1.40 E520.9080
G1 X0.14 Y-1.40 E520.9876
G1 X2.36 Y-2.68 E521.0605
G1 X2.36 Y-5.47 E521.1398
G1 X0.14 Y-6.75 E521.2127
G1 X0.14 Y-8.69 E521.2679
G1 X-0.14 Y-8.69 E521.2758
G1 X-0.14 Y-6.75 E521.3310
G1 X-2.36 Y-5.47 E521.4039
G1 X-2.36 Y-2.68 E521.4832
G1 X-0.14 Y-1.40 E521.5561
G1 X-0.14 Y1.40 E521.6357
G1 X-2.36 Y2.68 E521.7086
G1 X-2.36 Y5.47 E521.7880
G1 X-0.14 Y6.75 E521.8608
G1 X-0.14 Y8.69 E521.9160
G1 X-4.86 Y8.69 E522.0502
G1 X-4.86 Y6.75 E522.1053
G1 X-2.64 Y5.47 E522.1782
G1 X-2.64 Y2.68 E522.2576
G1 X-4.86 Y1.40 E522.3304
G1 X-4.86 Y-1.40 E522.4100
G1 X-2.64 Y-2.68 E522.4829
G1 X-2.64 Y-5.47 E522.5623
G1 X-4.86 Y-6.75 E522.6351
G1 X-4.86 Y-8.69 E522.6903
G1 X-5.14 Y-8.69 E522.6983
G1 X-5.14 Y-6.75 E522.7534
G1 X-7.36 Y-5.47 E522.8263
G1 X-7.36 Y-2.68 E522.9056
G1 X-5.14 Y-1.40 E522.9785
G1 X-5.14 Y1.40 E523.0582
G1 X-7.36 Y2.68 E523.1310
G1 X-7.36 Y5.47 E523.2104
G1 X-5.14 Y6.75 E523.2833
G1 X-5.14 Y8.69 E523.3384
G1 X-8.69 Y8.69 E523.4393
G1 X-8.69 Y6.08 E523.5135
G1 X-7.64 Y5.47 E523.5481
G1 X-7.64 Y2.68 E523.6274
G1 X-8.69 Y2.07 E523.6620
G1 X-8.69 Y-2.07 E523.7797
G1 X-7.64 Y-2.68 E523.8142
G1 X-7.64 Y-5.47 E523.8936
G1 X-8.69 Y-6.08 E523.9281
;layer:0.18
G1 E523.6281 F1800
G1 X9.03 Y-9.03 F4800
G1 Z19.510 F420
G1 E523.9281 F1800
;structure:shell-inner
G1 X9.03 Y-9.03 F4800
G1 X9.03 Y0.97 E524.2125 F1680
G1 X9.03 Y9.03 E524.4417 F1764
G1 X7.09 Y9.03 E524.4969
G1 X-2.91 Y9.03 E524.7813 F1848
G1 X-9.03 Y9.03 E524.9553 F1932
G1 X-9.03 Y5.15 E525.0656
G1 X-9.03 Y-4.85 E525.3500 F2016
G1 X-9.03 Y-9.03 E525.4689 F2100
G1 X9.03 Y-9.03 E525.9824
G1 E525.6824 F1800
G1 X9.43 Y-9.43 F4800
G1 E525.9824 F1800
G1 X9.43 Y-9.43 F4800
G1 X9.43 Y9.43 E526.5187 F2100
G1 X-9.43 Y9.43 E527.0551
G1 X-9.43 Y-9.43 E527.5914
G1 X9.43 Y-9.43 E528.1277
G1 E527.8277 F1800
G1 X9.83 Y-9.83 F4800
G1 E528.1277 F1800
;structure:shell-outer
G1 X9.83 Y-9.83 F4800
M204 S500
G1 X9.83 Y9.83 E528.6868 F1500
G1 X-9.83 Y9.83 E529.2458
G1 X-9.83 Y-9.83 E529.8049
G1 X9.83 Y-9.83 E530.3640
G1 E530.0640 F1800
M204 S1000
G1 X8.69 Y-6.08 F4800
G1 E530.3640 F1800
;structure:infill-sparse
G1 X8.69 Y-6.08 F4800
G1 X7.64 Y-5.47 E530.3985 F3000
G1 X7.64 Y-2.68 E530.4778
G1 X8.69 Y-2.07 E530.5124
G1 X8.69 Y2.07 E530.6301
G1 X7.64 Y2.68 E530.6647
G1 X7.64 Y5.47 E530.7440
G1 X8.69 Y6.08 E530.7786
G1 X8.69 Y8.69 E530.8528
G1 X5.14 Y8.69 E530.9537
G1 X5.14 Y6.75 E531.0089
G1 X7.36 Y5.47 E531.0818
G1 X7.36 Y2.68 E531.1611
G1 X5.14 Y1.40 E531.2340
G1 X5.14 Y-1.40 E531.3136
G1 X7.36 Y-2.68 E531.3865
G1 X7.36 Y-5.47 E531.4658
G1 X5.14 Y-6.75 E531.5387
G1 X5.14 Y-8.69 E531.5939
G1 X4.86 Y-8.69 E531.6018
G1 X4.86 Y-6.75 E531.6570
G1 X2.64 Y-5.47 E531.7299
G1 X2.64 Y-2.68 E531.8092
G1 X4.86 Y-1.40 E531.8821
G1 X4.86 Y1.40 E531.9617
G1 X2.64 Y2.68 E532.0345
G1 X2.64 Y5.47 E532.1139
G1 X4.86 Y6.75 E532.1868
G1 X4.86 Y8.69 E532.2419
G1 X0.14 Y8.69 E532.3762
G1 X0.14 Y6.75 E532.4314
G1 X2.36 Y5.47 E532.5043
G1 X2.36 Y2.68 E532.5836
G1 X0.14 Y1.40 E532.6564
G1 X0.14 Y-1.40 E532.7361
G1 X2.36 Y-2.68 E532.8090
G1 X2.36 Y-5.47 E532.8882
G1 X0.14 Y-6.75 E532.9611
G1 X0.14 Y-8.69 E533.0163
G1 X-0.14 Y-8.69 E533.0242
G1 X-0.14 Y-6.75 E533.0795
G1 X-2.36 Y-5.47 E533.1523
G1 X-2.36 Y-2.68 E533.2316
G1 X-0.14 Y-1.40 E533.3045
G1 X-0.14 Y1.40 E533.3842
G1 X-2.36 Y2.68 E533.4570
G1 X-2.36 Y5.47 E533.5363
G1 X-0.14 Y6.75 E533.6092
G1 X-0.14 Y8.69 E533.6644
G1 X-4.86 Y8.69 E533.7986
G1 X-4.86 Y6.75 E533.8538
G1 X-2.64 Y5.47 E533.9267
G1 X-2.64 Y2.68 E534.0060
G1 X-4.86 Y1.40 E534.0789
G1 X-4.86 Y-1.40 E534.1585
G1 X-2.64 Y-2.68 E534.2314
G1 X-2.64 Y-5.47 E534.3107
G1 X-4.86 Y-6.75 E534.3835
G1 X-4.86 Y-8.69 E534.4387
G1 X-5.14 Y-8.69 E534.4467
G1 X-5.14 Y-6.75 E534.5019
G1 X-7.36 Y-5.47 E534.5748
G1 X-7.36 Y-2.68 E534.6541
G1 X-5.14 Y-1.40 E534.7269
G1 X-5.14 Y1.40 E534.8066
G1 X-7.36 Y2.68 E534.8795
G1 X-7.36 Y5.47 E534.9587
G1 X-5.14 Y6.75 E535.0316
G1 X-5.14 Y8.69 E535.0868
G1 X-8.69 Y8.69 E535.1877
G1 X-8.69 Y6.08 E535.2620
G1 X-7.64 Y5.47 E535.2966
G1 X-7.64 Y2.68 E535.3759
G1 X-8.69 Y2.07 E535.4105
G1 X-8.69 Y-2.07 E535.5282
G1 X-7.64 Y-2.68 E535.5627
G1 X-7.64 Y-5.47 E535.6421
G1 X-8.69 Y-6.08 E535.6766
;layer:0.18
G1 E535.3766 F1800
G1 X9.03 Y-9.03 F4800
G1 Z19.690 F420
G1 E535.6766 F1800
;structure:shell-inner
G1 X9.03 Y-9.03 F4800
G1 X9.03 Y0.97 E535.9610 F1680
G1 X9.03 Y9.03 E536.1902 F1764
G1 X7.09 Y9.03 E536.2454
G1 X-2.91 Y9.03 E536.5297 F1848
G1 X-9.03 Y9.03 E536.7038 F1932
G1 X-9.03 Y5.15 E536.8141
G1 X-9.03 Y-4.85 E537.0985 F2016
G1 X-9.03 Y-9.03 E537.2173 F2100
G1 X9.03 Y-9.03 E537.7310
G1 E537.4309 F1800
G1 X9.43 Y-9.43 F4800
G1 E537.7310 F1800
G1 X9.43 Y-9.43 F4800
G1 X9.43 Y9.43 E538.2673 F2100
G1 X-9.43 Y9.43 E538.8036
G1 X-9.43 Y-9.43 E539.3399
G1 X9.43 Y-9.43 E539.8762
G1 E539.5762 F1800
G1 X9.83 Y-9.83 F4800
G1 E539.8762 F1800
;structure:shell-outer
G1 X9.83 Y-9.83 F4800
M204 S500
G1 X9.83 Y9.83 E540.4352 F1500
G1 X-9.83 Y9.83 E540.9943
G1 X-9.83 Y-9.83 E541.5533
G1 X9.83 Y-9.83 E542.1124
G1 E541.8124 F1800
M204 S1000
G1 X8.69 Y-6.08 F4800
G1 E542.1124 F1800
;structure:infill-sparse
G1 X8.69 Y-6.08 F4800
G1 X7.64 Y-5.47 E542.1470 F3000
G1 X7.64 Y-2.68 E542.2263
G1 X8.69 Y-2.07 E542.2609
G1 X8.69 Y2.07 E542.3786
G1 X7.64 Y2.68 E542.4132
G1 X7.64 Y5.47 E542.4925
G1 X8.69 Y6.08 E542.5270
G1 X8.69 Y8.69 E542.6013
G1 X5.14 Y8.69 E542.7023
G1 X5.14 Y6.75 E542.7574
G1 X7.36 Y5.47 E542.8303
G1 X7.36 Y2.68 E542.9096
G1 X5.14 Y1.40 E542.9825
G1 X5.14 Y-1.40 E543.0621
G1 X7.36 Y-2.68 E543.1350
G1 X7.36 Y-5.47 E543.2143
G1 X5.14 Y-6.75 E543.2872
G1 X5.14 Y-8.69 E543.3423
G1 X4.86 Y-8.69 E543.3503
G1 X4.86 Y-6.75 E543.4055
G1 X2.64 Y-5.47 E543.4784
G1 X2.64 Y-2.68 E543.5577
G1 X4.86 Y-1.40 E543.6306
G1 X4.86 Y1.40 E543.7102
G1 X2.64 Y2.68 E543.7831
G1 X2.64 Y5.47 E543.8624
G1 X4.86 Y6.75 E543.9352
G1 X4.86 Y8.69 E543.9904
G1 X0.14 Y8.69 E544.1247
G1 X0.14 Y6.75 E544.1799
G1 X2.36 Y5.47 E544.2527
G1 X2.36 Y2.68 E544.3321
G1 X0.14 Y1.40 E544.4049
G1 X0.14 Y-1.40 E544.4846
G1 X2.36 Y-2.68 E544.5574
G1 X2.36 Y-5.47 E544.6368
G1 X0.14 Y-6.75 E544.7096
G1 X0.14 Y-8.69 E544.7648
G1 X-0.14 Y-8.69 E544.7728
G1 X-0.14 Y-6.75 E544.8279
G1 X-2.36 Y-5.47 E544.9008
G1 X-2.36 Y-2.68 E544.9801
G1 X-0.14 Y-1.40 E545.0530
G1 X-0.14 Y1.40 E545.1326
G1 X-2.36 Y2.68 E545.2055
G1 X-2.36 Y5.47 E545.2848
G1 X-0.14 Y6.75 E545.3577
G1 X-0.14 Y8.69 E545.4129
G1 X-4.86 Y8.69 E545.5471
G1 X-4.86 Y6.75 E545.6023
G1 X-2.64 Y5.47 E545.6752
G1 X-2.64 Y2.68 E545.7545
G1 X-4.86 Y1.40 E545.8274
G1 X-4.86 Y-1.40 E545.9070
G1 X-2.64 Y-2.68 E545.9799
G1 X-2.64 Y-5.47 E546.0592
G1 X-4.86 Y-6.75 E546.1321
G1 X-4.86 Y-8.69 E546.1873
G1 X-5.14 Y-8.69 E546.1952
G1 X-5.14 Y-6.75 E546.2504
G1 X-7.36 Y-5.47 E546.3232
G1 X-7.36 Y-2.68 E546.4026
G1 X-5.14 Y-1.40 E546.4755
G1 X-5.14 Y1.40 E546.5551
G1 X-7.36 Y2.68 E546.6279
G1 X-7.36 Y5.47 E546.7073
G1 X-5.14 Y6.75 E546.7802
G1 X-5.14 Y8.69 E546.8353
G1 X-8.69 Y8.69 E546.9363
G1 X-8.69 Y6.08 E547.0105
G1 X-7.64 Y5.47 E547.0450
G1 X-7.64 Y2.68 E547.1244
G1 X-8.69 Y2.07 E547.1589
G1 X-8.69 Y-2.07 E547.2767
G1 X-7.64 Y-2.68 E547.3113
G1 X-7.64 Y-5.47 E547.3906
G1 X-8.69 Y-6.08 E547.4251
;layer:0.18
G1 E547.1251 F1800
G1 X9.03 Y-9.03 F4800
G1 Z19.870 F420
G1 E547.4251 F1800
;structure:shell-inner
G1 X9.03 Y-9.03 F4800
G1 X9.03 Y0.97 E547.7095 F1680
G1 X9.03 Y9.03 E547.9387 F1764
G1 X7.09 Y9.03 E547.9939
G1 X-2.91 Y9.03 E548.2783 F1848
G1 X-9.03 Y9.03 E548.4523 F1932
G1 X-9.03 Y5.15 E548.5626
G1 X-9.03 Y-4.85 E548.8470 F2016
G1 X-9.03 Y-9.03 E548.9659 F2100
G1 X9.03 Y-9.03 E549.4794
G1 E549.1794 F1800
G1 X9.43 Y-9.43 F4800
G1 E549.4794 F1800
G1 X9.43 Y-9.43 F4800
G1 X9.43 Y9.43 E550.0157 F2100
G1 X-9.43 Y9.43 E550.5521
G1 X-9.43 Y-9.43 E551.0884
G1 X9.43 Y-9.43 E551.6247
G1 E551.3247 F1800
G1 X9.83 Y-9.83 F4800
G1 E551.6247 F1800
;structure:shell-outer
G1 X9.83 Y-9.83 F4800
M204 S500
G1 X9.83 Y9.83 E552.1838 F1500
G1 X-9.83 Y9.83 E552.7428
G1 X-9.83 Y-9.83 E553.3019
G1 X9.83 Y-9.83 E553.8610
G1 E553.5609 F1800
M204 S1000
G1 X8.69 Y-6.08 F4800
G1 E553.8610 F1800
;structure:infill-sparse
G1 X8.69 Y-6.08 F4800
G1 X7.64 Y-5.47 E553.8955 F3000
G1 X7.64 Y-2.68 E553.9748
G1 X8.69 Y-2.07 E554.0094
G1 X8.69 Y2.07 E554.1271
G1 X7.64 Y2.68 E554.1617
G1 X7.64 Y5.47 E554.2410
G1 X8.69 Y6.08 E554.2756
G1 X8.69 Y8.69 E554.3498
G1 X5.14 Y8.69 E554.4507
G1 X5.14 Y6.75 E554.5059
G1 X7.36 Y5.47 E554.5788
G1 X7.36 Y2.68 E554.6581
G1 X5.14 Y1.40 E554.7310
G1 X5.14 Y-1.40 E554.8106
G1 X7.36 Y-2.68 E554.8835
G1 X7.36 Y-5.47 E554.9628
G1 X5.14 Y-6.75 E555.0357
G1 X5.14 Y-8.69 E555.0909
G1 X4.86 Y-8.69 E555.0988
G1 X4.86 Y-6.75 E555.1540
G1 X2.64 Y-5.47 E555.2269
G1 X2.64 Y-2.68 E555.3062
G1 X4.86 Y-1.40 E555.3791
G1 X4.86 Y1.40 E555.4587
G1 X2.64 Y2.68 E555.5316
G1 X2.64 Y5.47 E555.6109
G1 X4.86 Y6.75 E555.6838
G1 X4.86 Y8.69 E555.7390
G1 X0.14 Y8.69 E555.8732
G1 X0.14 Y6.75 E555.9283
G1 X2.36 Y5.47 E556.0012
G1 X2.36 Y2.68 E556.0806
G1 X0.14 Y1.40 E556.1534
G1 X0.14 Y-1.40 E556.2330
G1 X2.36 Y-2.68 E556.3059
G1 X2.36 Y-5.47 E556.3853
G1 X0.14 Y-6.75 E556.4581
G1 X0.14 Y-8.69 E556.5133
G1 X-0.14 Y-8.69 E556.5212
G1 X-0.14 Y-6.75 E556.5764
G1 X-2.36 Y-5.47 E556.6493
G1 X-2.36 Y-2.68 E556.7286
G1 X-0.14 Y-1.40 E556.8015
G1 X-0.14 Y1.40 E556.8811
G1 X-2.36 Y2.68 E556.9540
G1 X-2.36 Y5.47 E557.0333
G1 X-0.14 Y6.75 E557.1062
G1 X-0.14 Y8.69 E557.1614
G1 X-4.86 Y8.69 E557.2957
G1 X-4.86 Y6.75 E557.3508
G1 X-2.64 Y5.47 E557.4237
G1 X-2.64 Y2.68 E557.5030
G1 X-4.86 Y1.40 E557.5759
G1 X-4.86 Y-1.40 E557.6555
G1 X-2.64 Y-2.68 E557.7284
G1 X-2.64 Y-5.47 E557.8077
G1 X-4.86 Y-6.75 E557.8806
G1 X-4.86 Y-8.69 E557.9357
G1 X-5.14 Y-8.69 E557.9437
G1 X-5.14 Y-6.75 E557.9989
G1 X-7.36 Y-5.47 E558.0718
G1 X-7.36 Y-2.68 E558.1511
G1 X-5.14 Y-1.40 E558.2239
G1 X-5.14 Y1.40 E558.3036
G1 X-7.36 Y2.68 E558.3765
G1 X-7.36 Y5.47 E558.4557
G1 X-5.14 Y6.75 E558.5286
G1 X-5.14 Y8.69 E558.5838
G1 X-8.69 Y8.69 E558.6848
G1 X-8.69 Y6.08 E558.7590
G1 X-7.64 Y5.47 E558.7936
G1 X-7.64 Y2.68 E558.8729
G1 X-8.69 Y2.07 E558.9074
G1 X-8.69 Y-2.07 E559.0252
G1 X-7.64 Y-2.68 E559.0598
G1 X-7.64 Y-5.47 E559.1390
G1 X-8.69 Y-6.08 E559.1736
;layer:0.18
G1 E558.8736 F1800
G1 X9.03 Y-9.03 F4800
G1 Z20.050 F420
G1 E559.1736 F1800
;structure:shell-inner
G1 X9.03 Y-9.03 F4800
G1 X9.03 Y0.97 E559.4580 F1680
G1 X9.03 Y9.03 E559.6872 F1764
G1 X7.09 Y9.03 E559.7424
G1 X-2.91 Y9.03 E560.0267 F1848
G1 X-9.03 Y9.03 E560.2008 F1932
G1 X-9.03 Y5.15 E560.3111
G1 X-9.03 Y-4.85 E560.5955 F2016
G1 X-9.03 Y-9.03 E560.7144 F2100
G1 X9.03 Y-9.03 E561.2280
G1 E560.9279 F1800
G1 X9.43 Y-9.43 F4800
G1 E561.2280 F1800
G1 X9.43 Y-9.43 F4800
G1 X9.43 Y9.43 E561.7642 F2100
G1 X-9.43 Y9.43 E562.3005
G1 X-9.43 Y-9.43 E562.8369
G1 X9.43 Y-9.43 E563.3732
G1 E563.0732 F1800
G1 X9.83 Y-9.83 F4800
G1 E563.3732 F1800
;structure:shell-outer
G1 X9.83 Y-9.83 F4800
M204 S500
G1 X9.83 Y9.83 E563.9323 F1500
G1 X-9.83 Y9.83 E564.4913
G1 X-9.83 Y-9.83 E565.0504
G1 X9.83 Y-9.83 E565.6094
G1 E565.3094 F1800
M204 S1000
G1 X8.69 Y-6.08 F4800
G1 E565.6094 F1800
;structure:infill-sparse
G1 X8.69 Y-6.08 F4800
G1 X7.64 Y-5.47 E565.6440 F3000
G1 X7.64 Y-2.68 E565.7233
G1 X8.69 Y-2.07 E565.7579
G1 X8.69 Y2.07 E565.8756
G1 X7.64 Y2.68 E565.9102
G1 X7.64 Y5.47 E565.9895
G1 X8.69 Y6.08 E566.0240
G1 X8.69 Y8.69 E566.0983
G1 X5.14 Y8.69 E566.1993
G1 X5.14 Y6.75 E566.2545
G1 X7.36 Y5.47 E566.3273
G1 X7.36 Y2.68 E566.4066
G1 X5.14 Y1.40 E566.4795
G1 X5.14 Y-1.40 E566.5591
G1 X7.36 Y-2.68 E566.6320
G1 X7.36 Y-5.47 E566.7113
G1 X5.14 Y-6.75 E566.7842
G1 X5.14 Y-8.69 E566.8394
G1 X4.86 Y-8.69 E566.8473
G1 X4.86 Y-6.75 E566.9025
G1 X2.64 Y-5.47 E566.9754
G1 X2.64 Y-2.68 E567.0547
G1 X4.86 Y-1.40 E567.1276
G1 X4.86 Y1.40 E567.2072
G1 X2.64 Y2.68 E567.2801
G1 X2.64 Y5.47 E567.3594
G1 X4.86 Y6.75 E567.4323
G1 X4.86 Y8.69 E567.4874
G1 X0.14 Y8.69 E567.6217
G1 X0.14 Y6.75 E567.6769
G1 X2.36 Y5.47 E567.7498
G1 X2.36 Y2.68 E567.8290
G1 X0.14 Y1.40 E567.9019
G1 X0.14 Y-1.40 E567.9816
G1 X2.36 Y-2.68 E568.0544
G1 X2.36 Y-5.47 E568.1337
G1 X0.14 Y-6.75 E568.2066
G1 X0.14 Y-8.69 E568.2618
G1 X-0.14 Y-8.69 E568.2698
G1 X-0.14 Y-6.75 E568.3250
G1 X-2.36 Y-5.47 E568.3978
G1 X-2.36 Y-2.68 E568.4771
G1 X-0.14 Y-1.40 E568.5500
G1 X-0.14 Y1.40 E568.6296
G1 X-2.36 Y2.68 E568.7025
G1 X-2.36 Y5.47 E568.7818
G1 X-0.14 Y6.75 E568.8547
G1 X-0.14 Y8.69 E568.9099
G1 X-4.86 Y8.69 E569.0441
G1 X-4.86 Y6.75 E569.0993
G1 X-2.64 Y5.47 E569.1722
G1 X-2.64 Y2.68 E569.2515
G1 X-4.86 Y1.40 E569.3244
G1 X-4.86 Y-1.40 E569.4040
G1 X-2.64 Y-2.68 E569.4769
G1 X-2.64 Y-5.47 E569.5562
G1 X-4.86 Y-6.75 E569.6291
G1 X-4.86 Y-8.69 E569.6843
G1 X-5.14 Y-8.69 E569.6922
G1 X-5.14 Y-6.75 E569.7474
G1 X-7.36 Y-5.47 E569.8203
G1 X-7.36 Y-2.68 E569.8995
G1 X-5.14 Y-1.40 E569.9724
G1 X-5.14 Y1.40 E570.0521
G1 X-7.36 Y2.68 E570.1249
G1 X-7.36 Y5.47 E570.2042
G1 X-5.14 Y6.75 E570.2771
G1 X-5.14 Y8.69 E570.3323
G1 X-8.69 Y8.69 E570.4332
G1 X-8.69 Y6.08 E570.5075
G1 X-7.64 Y5.47 E570.5421
G1 X-7.64 Y2.68 E570.6214
G1 X-8.69 Y2.07 E570.6559
G1 X-8.69 Y-2.07 E570.7737
G1 X-7.64 Y-2.68 E570.8082
G1 X-7.64 Y-5.47 E570.8876
G1 X-8.69 Y-6.08 E570.9221
;layer:0.18
G1 E570.6221 F1800
G1 X9.03 Y-9.03 F4800
G1 Z20.230 F420
G1 E570.9221 F1800
;structure:shell-inner
G1 X9.03 Y-9.03 F4800
G1 X9.03 Y0.97 E571.2065 F1680
G1 X9.03 Y9.03 E571.4357 F1764
G1 X7.09 Y9.03 E571.4908
G1 X-2.91 Y9.03 E571.7753 F1848
G1 X-9.03 Y9.03 E571.9493 F1932
G1 X-9.03 Y5.15 E572.0596
G1 X-9.03 Y-4.85 E572.3440 F2016
G1 X-9.03 Y-9.03 E572.4629 F2100
G1 X9.03 Y-9.03 E572.9764
G1 E572.6765 F1800
G1 X9.43 Y-9.43 F4800
G1 E572.9764 F1800
G1 X9.43 Y-9.43 F4800
G1 X9.43 Y9.43 E573.5128 F2100
G1 X-9.43 Y9.43 E574.0491
G1 X-9.43 Y-9.43 E574.5854
G1 X9.43 Y-9.43 E575.1217
G1 E574.8217 F1800
G1 X9.83 Y-9.83 F4800
G1 E575.1217 F1800
;structure:shell-outer
G1 X9.83 Y-9.83 F4800
M204 S500
G1 X9.83 Y9.83 E575.6807 F1500
G1 X-9.83 Y9.83 E576.2398
G1 X-9.83 Y-9.83 E576.7989
G1 X9.83 Y-9.83 E577.3579
G1 E577.0579 F1800
M204 S1000
G1 X8.69 Y-6.08 F4800
G1 E577.3579 F1800
;structure:infill-sparse
G1 X8.69 Y-6.08 F4800
G1 X7.64 Y-5.47 E577.3925 F3000
G1 X7.64 Y-2.68 E577.4718
G1 X8.69 Y-2.07 E577.5063
G1 X8.69 Y2.07 E577.6241
G1 X7.64 Y2.68 E577.6587
G1 X7.64 Y5.47 E577.7380
G1 X8.69 Y6.08 E577.7726
G1 X8.69 Y8.69 E577.8468
G1 X5.14 Y8.69 E577.9478
G1 X5.14 Y6.75 E578.0029
G1 X7.36 Y5.47 E578.0758
G1 X7.36 Y2.68 E578.1552
G1 X5.14 Y1.40 E578.2280
G1 X5.14 Y-1.40 E578.3076
G1 X7.36 Y-2.68 E578.3805
G1 X7.36 Y-5.47 E578.4598
G1 X5.14 Y-6.75 E578.5327
G1 X5.14 Y-8.69 E578.5879
G1 X4.86 Y-8.69 E578.5958
G1 X4.86 Y-6.75 E578.6510
G1 X2.64 Y-5.47 E578.7239
G1 X2.64 Y-2.68 E578.8032
G1 X4.86 Y-1.40 E578.8760
G1 X4.86 Y1.40 E578.9557
G1 X2.64 Y2.68 E579.0286
G1 X2.64 Y5.47 E579.1078
G1 X4.86 Y6.75 E579.1807
G1 X4.86 Y8.69 E579.2360
G1 X0.14 Y8.69 E579.3702
G1 X0.14 Y6.75 E579.4254
G1 X2.36 Y5.47 E579.4982
G1 X2.36 Y2.68 E579.5776
G1 X0.14 Y1.40 E579.6505
G1 X0.14 Y-1.40 E579.7300
G1 X2.36 Y-2.68 E579.8029
G1 X2.36 Y-5.47 E579.8823
G1 X0.14 Y-6.75 E579.9551
G1 X0.14 Y-8.69 E580.0103
G1 X-0.14 Y-8.69 E580.0182
G1 X-0.14 Y-6.75 E580.0734
G1 X-2.36 Y-5.47 E580.1463
G1 X-2.36 Y-2.68 E580.2256
G1 X-0.14 Y-1.40 E580.2985
G1 X-0.14 Y1.40 E580.3781
G1 X-2.36 Y2.68 E580.4510
G1 X-2.36 Y5.47 E580.5303
G1 X-0.14 Y6.75 E580.6032
G1 X-0.14 Y8.69 E580.6584
G1 X-4.86 Y8.69 E580.7926
G1 X-4.86 Y6.75 E580.8478
G1 X-2.64 Y5.47 E580.9207
G1 X-2.64 Y2.68 E581.0000
G1 X-4.86 Y1.40 E581.0729
G1 X-4.86 Y-1.40 E581.1525
G1 X-2.64 Y-2.68 E581.2254
G1 X-2.64 Y-5.47 E581.3047
G1 X-4.86 Y-6.75 E581.3776
G1 X-4.86 Y-8.69 E581.4327
G1 X-5.14 Y-8.69 E581.4407
G1 X-5.14 Y-6.75 E581.4958
G1 X-7.36 Y-5.47 E581.5687
G1 X-7.36 Y-2.68 E581.6481
G1 X-5.14 Y-1.40 E581.7209
G1 X-5.14 Y1.40 E581.8005
G1 X-7.36 Y2.68 E581.8734
G1 X-7.36 Y5.47 E581.9528
G1 X-5.14 Y6.75 E582.0256
G1 X-5.14 Y8.69 E582.0808
G1 X-8.69 Y8.69 E582.1818
G1 X-8.69 Y6.08 E582.2560
G1 X-7.64 Y5.47 E582.2906
G1 X-7.64 Y2.68 E582.3699
G1 X-8.69 Y2.07 E582.4044
G1 X-8.69 Y-2.07 E582.5222
G1 X-7.64 Y-2.68 E582.5568
G1 X-7.64 Y-5.47 E582.6360
G1 X-8.69 Y-6.08 E582.6707
;layer:0.18
G1 E582.3706 F1800
G1 X9.03 Y-9.03 F4800
G1 Z20.410 F420
G1 E582.6707 F1800
;structure:shell-inner
G1 X9.03 Y-9.03 F4800
G1 X9.03 Y0.97 E582.9550 F1680
G1 X9.03 Y9.03 E583.1842 F1764
G1 X7.09 Y9.03 E583.2394
G1 X-2.91 Y9.03 E583.5237 F1848
G1 X-9.03 Y9.03 E583.6978 F1932
G1 X-9.03 Y5.15 E583.8081
G1 X-9.03 Y-4.85 E584.0925 F2016
G1 X-9.03 Y-9.03 E584.2114 F2100
G1 X9.03 Y-9.03 E584.7249
G1 E584.4249 F1800
G1 X9.43 Y-9.43 F4800
G1 E584.7249 F1800
G1 X9.43 Y-9.43 F4800
G1 X9.43 Y9.43 E585.2612 F2100
G1 X-9.43 Y9.43 E585.7975
G1 X-9.43 Y-9.43 E586.3339
G1 X9.43 Y-9.43 E586.8702
G1 E586.5702 F1800
G1 X9.83 Y-9.83 F4800
G1 E586.8702 F1800
;structure:shell-outer
G1 X9.83 Y-9.83 F4800
M204 S500
G1 X9.83 Y9.83 E587.4293 F1500
G1 X-9.83 Y9.83 E587.9883
G1 X-9.83 Y-9.83 E588.5474
G1 X9.83 Y-9.83 E589.1064
G1 E588.8065 F1800
M204 S1000
G1 X8.29 Y-5.85 F4800
G1 E589.1064 F1800
;structure:infill-sparse
G1 X8.29 Y-5.85 F4800
G1 X7.64 Y-5.47 E589.1279 F3000
G1 X7.64 Y-2.68 E589.2072
G1 X8.29 Y-2.30 E589.2286
G1 X8.29 Y2.30 E589.3594
G1 X7.64 Y2.68 E589.3809
G1 X7.64 Y5.47 E589.4602
G1 X8.29 Y5.85 E589.4816
G1 X8.29 Y8.29 E589.5510
G1 X5.14 Y8.29 E589.6406
G1 X5.14 Y6.75 E589.6844
G1 X7.36 Y5.47 E589.7573
G1 X7.36 Y2.68 E589.8365
G1 X5.14 Y1.40 E589.9094
G1 X5.14 Y-1.40 E589.9891
G1 X7.36 Y-2.68 E590.0620
G1 X7.36 Y-5.47 E590.1412
G1 X5.14 Y-6.75 E590.2141
G1 X5.14 Y-8.29 E590.2579
G1 X4.86 Y-8.29 E590.2659
G1 X4.86 Y-6.75 E590.3097
G1 X2.64 Y-5.47 E590.3826
G1 X2.64 Y-2.68 E590.4619
G1 X4.86 Y-1.40 E590.5347
G1 X4.86 Y1.40 E590.6144
G1 X2.64 Y2.68 E590.6873
G1 X2.64 Y5.47 E590.7665
G1 X4.86 Y6.75 E590.8394
G1 X4.86 Y8.29 E590.8832
G1 X0.14 Y8.29 E591.0175
G1 X0.14 Y6.75 E591.0613
G1 X2.36 Y5.47 E591.1342
G1 X2.36 Y2.68 E591.2135
G1 X0.14 Y1.40 E591.2864
G1 X0.14 Y-1.40 E591.3660
G1 X2.36 Y-2.68 E591.4389
G1 X2.36 Y-5.47 E591.5182
G1 X0.14 Y-6.75 E591.5911
G1 X0.14 Y-8.29 E591.6349
G1 X-0.14 Y-8.29 E591.6428
G1 X-0.14 Y-6.75 E591.6866
G1 X-2.36 Y-5.47 E591.7595
G1 X-2.36 Y-2.68 E591.8388
G1 X-0.14 Y-1.40 E591.9117
G1 X-0.14 Y1.40 E591.9913
G1 X-2.36 Y2.68 E592.0642
G1 X-2.36 Y5.47 E592.1435
G1 X-0.14 Y6.75 E592.2164
G1 X-0.14 Y8.29 E592.2602
G1 X-4.86 Y8.29 E592.3944
G1 X-4.86 Y6.75 E592.4382
G1 X-2.64 Y5.47 E592.5111
G1 X-2.64 Y2.68 E592.5905
G1 X-4.86 Y1.40 E592.6633
G1 X-4.86 Y-1.40 E592.7429
G1 X-2.64 Y-2.68 E592.8158
G1 X-2.64 Y-5.47 E592.8951
G1 X-4.86 Y-6.75 E592.9680
G1 X-4.86 Y-8.29 E593.0118
G1 X-5.14 Y-8.29 E593.0198
G1 X-5.14 Y-6.75 E593.0635
G1 X-7.36 Y-5.47 E593.1364
G1 X-7.36 Y-2.68 E593.2158
G1 X-5.14 Y-1.40 E593.2886
G1 X-5.14 Y1.40 E593.3682
G1 X-7.36 Y2.68 E593.4411
G1 X-7.36 Y5.47 E593.5204
G1 X-5.14 Y6.75 E593.5933
G1 X-5.14 Y8.29 E593.6371
G1 X-8.29 Y8.29 E593.7267
G1 X-8.29 Y5.85 E593.7961
G1 X-7.64 Y5.47 E593.8175
G1 X-7.64 Y2.68 E593.8968
G1 X-8.29 Y2.30 E593.9183
G1 X-8.29 Y-2.30 E594.0491
G1 X-7.64 Y-2.68 E594.0705
G1 X-7.64 Y-5.47 E594.1498
G1 X-8.29 Y-5.85 E594.1713
G1 E593.8713 F1800
G1 X8.69 Y8.69 F4800
G1 E594.1713 F1800
;structure:infill-solid
G1 X8.69 Y8.69 F4800
M204 S500
G1 X8.69 Y-8.69 E594.6655 F1800
G1 X-8.69 Y-8.69 E595.1597
G1 X-8.69 Y8.69 E595.6540
G1 X8.69 Y8.69 E596.1483
;layer:0.18
G1 E595.8483
M204 S1000
G1 X9.03 Y-9.03 F4800
G1 Z20.590 F420
G1 E596.1483 F1800
;structure:shell-inner
G1 X9.03 Y-9.03 F4800
G1 X9.03 Y0.97 E596.4326 F1680
G1 X9.03 Y9.03 E596.6618 F1764
G1 X7.09 Y9.03 E596.7170
G1 X-2.91 Y9.03 E597.0014 F1848
G1 X-9.03 Y9.03 E597.1754 F1932
G1 X-9.03 Y5.15 E597.2858
G1 X-9.03 Y-4.85 E597.5701 F2016
G1 X-9.03 Y-9.03 E597.6890 F2100
G1 X9.03 Y-9.03 E598.2026
G1 E597.9026 F1800
G1 X9.43 Y-9.43 F4800
G1 E598.2026 F1800
G1 X9.43 Y-9.43 F4800
G1 X9.43 Y9.43 E598.7389 F2100
G1 X-9.43 Y9.43 E599.2752
G1 X-9.43 Y-9.43 E599.8115
G1 X9.43 Y-9.43 E600.3478
G1 E600.0478 F1800
G1 X9.83 Y-9.83 F4800
G1 E600.3478 F1800
;structure:shell-outer
G1 X9.83 Y-9.83 F4800
M204 S500
G1 X9.83 Y9.83 E600.9069 F1500
G1 X-9.83 Y9.83 E601.4659
G1 X-9.83 Y-9.83 E602.0250
G1 X9.83 Y-9.83 E602.5840
G1 E602.2841 F1800
M204 S1000
G1 X-8.30 Y-8.69 F4800
G1 E602.5840 F1800
;structure:infill-solid
G1 X-8.30 Y-8.69 F4800
M204 S500
G1 X-8.69 Y-8.30 E602.5997 F1800
G1 X-8.69 Y-7.73 E602.6160
G1 X-7.73 Y-8.69 E602.6545
G1 X-7.16 Y-8.69 E602.6708
G1 X-8.69 Y-7.16 E602.7323
G1 X-8.69 Y-6.59 E602.7485
G1 X-6.59 Y-8.69 E602.8329
G1 X-6.01 Y-8.69 E602.8494
G1 X-8.69 Y-6.01 E602.9572
G1 X-8.69 Y-5.44 E602.9734
G1 X-5.44 Y-8.69 E603.1041
G1 X-4.87 Y-8.69 E603.1202
G1 X-8.69 Y-4.87 E603.2739
G1 X-8.69 Y-4.29 E603.2904
G1 X-4.29 Y-8.69 E603.4673
G1 X-3.72 Y-8.69 E603.4835
G1 X-8.69 Y-3.72 E603.6833
G1 X-8.69 Y-3.15 E603.6996
G1 X-3.15 Y-8.69 E603.9224
G1 X-2.58 Y-8.69 E603.9385
G1 X-8.69 Y-2.58 E604.1843
G1 X-8.69 Y-2.00 E604.2008
G1 X-2.00 Y-8.69 E604.4698
G1 X-1.43 Y-8.69 E604.4861
G1 X-8.69 Y-1.43 E604.7781
G1 X-8.69 Y-0.86 E604.7943
G1 X-0.86 Y-8.69 E605.1091
G1 X-0.28 Y-8.69 E605.1256
G1 X-8.69 Y-0.28 E605.4639
G1 X-8.69 Y0.29 E605.4800
G1 X0.29 Y-8.69 E605.8412
G1 X0.86 Y-8.69 E605.8574
G1 X-8.69 Y0.86 E606.2415
G1 X-8.69 Y1.43 E606.2576
G1 X1.43 Y-8.69 E606.6646
G1 X2.01 Y-8.69 E606.6812
G1 X-8.69 Y2.01 E607.1115
G1 X-8.69 Y2.58 E607.1276
G1 X2.58 Y-8.69 E607.5809
G1 X3.15 Y-8.69 E607.5970
G1 X-8.69 Y3.15 E608.0732
G1 X-8.69 Y3.72 E608.0894
G1 X3.72 Y-8.69 E608.5885
G1 X4.30 Y-8.69 E608.6050
G1 X-8.69 Y4.30 E609.1274
G1 X-8.69 Y4.87 E609.1436
G1 X4.87 Y-8.69 E609.6890
G1 X5.44 Y-8.69 E609.7051
G1 X-8.69 Y5.44 E610.2734
G1 X-8.69 Y6.01 E610.2896
G1 X6.01 Y-8.69 E610.8807
G1 X6.59 Y-8.69 E610.8973
G1 X-8.69 Y6.59 E611.5118
G1 X-8.69 Y7.16 E611.5280
G1 X7.16 Y-8.69 E612.1654
G1 X7.73 Y-8.69 E612.1816
G1 X-8.69 Y7.73 E612.8419
G1 X-8.69 Y8.31 E612.8585
G1 X8.31 Y-8.69 E613.5421
G1 X8.69 Y-8.69 E613.5529
G1 X8.69 Y-8.50 E613.5583
G1 X-8.50 Y8.69 E614.2496
G1 X-7.93 Y8.69 E614.2658
G1 X8.69 Y-7.93 E614.9342
G1 X8.69 Y-7.35 E614.9507
G1 X-7.35 Y8.69 E615.5958
G1 X-6.78 Y8.69 E615.6119
G1 X8.69 Y-6.78 E616.2341
G1 X8.69 Y-6.21 E616.2502
G1 X-6.21 Y8.69 E616.8495
G1 X-5.64 Y8.69 E616.8657
G1 X8.69 Y-5.64 E617.4420
G1 X8.69 Y-5.06 E617.4585
G1 X-5.06 Y8.69 E618.0115
G1 X-4.49 Y8.69 E618.0277
G1 X8.69 Y-4.49 E618.5577
G1 X8.69 Y-3.92 E618.5739
G1 X-3.92 Y8.69 E619.0811
G1 X-3.34 Y8.69 E619.0975
G1 X8.69 Y-3.34 E619.5814
G1 X8.69 Y-2.77 E619.5975
G1 X-2.77 Y8.69 E620.0584
G1 X-2.20 Y8.69 E620.0746
G1 X8.69 Y-2.20 E620.5126
G1 X8.69 Y-1.63 E620.5287
G1 X-1.63 Y8.69 E620.9438
G1 X-1.05 Y8.69 E620.9603
G1 X8.69 Y-1.05 E621.3520
G1 X8.69 Y-0.48 E621.3682
G1 X-0.48 Y8.69 E621.7370
G1 X0.09 Y8.69 E621.7532
G1 X8.69 Y0.09 E622.0991
G1 X8.69 Y0.66 E622.1152
G1 X0.66 Y8.69 E622.4382
G1 X1.24 Y8.69 E622.4547
G1 X8.69 Y1.24 E622.7543
G1 X8.69 Y1.81 E622.7705
G1 X1.81 Y8.69 E623.0472
G1 X2.38 Y8.69 E623.0634
G1 X8.69 Y2.38 E623.3171
G1 X8.69 Y2.95 E623.3333
G1 X2.95 Y8.69 E623.5641
G1 X3.53 Y8.69 E623.5806
G1 X8.69 Y3.53 E623.7881
G1 X8.69 Y4.10 E623.8043
G1 X4.10 Y8.69 E623.9890
G1 X4.67 Y8.69 E624.0051
G1 X8.69 Y4.67 E624.1668
G1 X8.69 Y5.25 E624.1833
G1 X5.25 Y8.69 E624.3217
G1 X5.82 Y8.69 E624.3379
G1 X8.69 Y5.82 E624.4533
G1 X8.69 Y6.39 E624.4695
G1 X6.39 Y8.69 E624.5620
G1 X6.97 Y8.69 E624.5785
G1 X8.69 Y6.97 E624.6477
G1 X8.69 Y7.54 E624.6639
G1 X7.54 Y8.69 E624.7101
G1 X8.11 Y8.69 E624.7263
G1 X8.69 Y8.11 E624.7496
G1 X8.68 Y8.69 E624.7661
;layer:0.18
G1 E624.4661
M204 S1000
G1 X9.03 Y-9.03 F4800
G1 Z20.770 F420
G1 E624.7661 F1800
;structure:shell-inner
G1 X9.03 Y-9.03 F4800
G1 X9.03 Y0.97 E625.0505 F1680
G1 X9.03 Y9.03 E625.2797 F1764
G1 X7.09 Y9.03 E625.3349
G1 X-2.91 Y9.03 E625.6193 F1848
G1 X-9.03 Y9.03 E625.7933 F1932
G1 X-9.03 Y5.15 E625.9036
G1 X-9.03 Y-4.85 E626.1880 F2016
G1 X-9.03 Y-9.03 E626.3069 F2100
G1 X9.03 Y-9.03 E626.8204
G1 E626.5204 F1800
G1 X9.43 Y-9.43 F4800
G1 E626.8204 F1800
G1 X9.43 Y-9.43 F4800
G1 X9.43 Y9.43 E627.3568 F2100
G1 X-9.43 Y9.43 E627.8931
G1 X-9.43 Y-9.43 E628.4294
G1 X9.43 Y-9.43 E628.9657
G1 E628.6657 F1800
G1 X9.83 Y-9.83 F4800
G1 E628.9657 F1800
;structure:shell-outer
G1 X9.83 Y-9.83 F4800
M204 S500
G1 X9.83 Y9.83 E629.5248 F1500
G1 X-9.83 Y9.83 E630.0838
G1 X-9.83 Y-9.83 E630.6429
G1 X9.83 Y-9.83 E631.2020
G1 E630.9019 F1800
M204 S1000
G1 X8.69 Y-8.31 F4800
G1 E631.2020 F1800
;structure:infill-solid
G1 X8.69 Y-8.31 F4800
M204 S500
G1 X8.31 Y-8.69 E631.2172 F1800
G1 X7.73 Y-8.69 E631.2338
G1 X8.69 Y-7.73 E631.2724
G1 X8.69 Y-7.16 E631.2886
G1 X7.16 Y-8.69 E631.3501
G1 X6.59 Y-8.69 E631.3663
G1 X8.69 Y-6.59 E631.4507
G1 X8.69 Y-6.01 E631.4672
G1 X6.01 Y-8.69 E631.5750
G1 X5.44 Y-8.69 E631.5912
G1 X8.69 Y-5.44 E631.7219
G1 X8.69 Y-4.87 E631.7380
G1 X4.87 Y-8.69 E631.8917
G1 X4.30 Y-8.69 E631.9079
G1 X8.69 Y-4.30 E632.0844
G1 X8.69 Y-3.72 E632.1010
G1 X3.72 Y-8.69 E632.3008
G1 X3.15 Y-8.69 E632.3170
G1 X8.69 Y-3.15 E632.5398
G1 X8.69 Y-2.58 E632.5560
G1 X2.58 Y-8.69 E632.8018
G1 X2.01 Y-8.69 E632.8179
G1 X8.69 Y-2.01 E633.0865
G1 X8.69 Y-1.43 E633.1031
G1 X1.43 Y-8.69 E633.3951
G1 X0.86 Y-8.69 E633.4113
G1 X8.69 Y-0.86 E633.7261
G1 X8.69 Y-0.29 E633.7423
G1 X0.29 Y-8.69 E634.0801
G1 X-0.28 Y-8.69 E634.0963
G1 X8.69 Y0.28 E634.4571
G1 X8.69 Y0.86 E634.4736
G1 X-0.86 Y-8.69 E634.8576
G1 X-1.43 Y-8.69 E634.8738
G1 X8.69 Y1.43 E635.2808
G1 X8.69 Y2.00 E635.2970
G1 X-2.00 Y-8.69 E635.7269
G1 X-2.58 Y-8.69 E635.7434
G1 X8.69 Y2.58 E636.1967
G1 X8.69 Y3.15 E636.2129
G1 X-3.15 Y-8.69 E636.6891
G1 X-3.72 Y-8.69 E636.7053
G1 X8.69 Y3.72 E637.2043
G1 X8.69 Y4.29 E637.2205
G1 X-4.29 Y-8.69 E637.7425
G1 X-4.87 Y-8.69 E637.7590
G1 X8.69 Y4.87 E638.3043
G1 X8.69 Y5.44 E638.3205
G1 X-5.44 Y-8.69 E638.8887
G1 X-6.01 Y-8.69 E638.9049
G1 X8.69 Y6.01 E639.4962
G1 X8.69 Y6.59 E639.5126
G1 X-6.59 Y-8.69 E640.1271
G1 X-7.16 Y-8.69 E640.1433
G1 X8.69 Y7.16 E640.7808
G1 X8.69 Y7.73 E640.7969
G1 X-7.73 Y-8.69 E641.4573
G1 X-8.30 Y-8.69 E641.4735
G1 X8.69 Y8.30 E642.1567
G1 X8.69 Y8.69 E642.1678
G1 X8.50 Y8.69 E642.1732
G1 X-8.69 Y-8.50 E642.8645
G1 X-8.69 Y-7.93 E642.8807
G1 X7.93 Y8.69 E643.5491
G1 X7.36 Y8.69 E643.5652
G1 X-8.69 Y-7.36 E644.2108
G1 X-8.69 Y-6.78 E644.2272
G1 X6.78 Y8.69 E644.8494
G1 X6.21 Y8.69 E644.8655
G1 X-8.69 Y-6.21 E645.4648
G1 X-8.69 Y-5.64 E645.4810
G1 X5.64 Y8.69 E646.0573
G1 X5.06 Y8.69 E646.0738
G1 X-8.69 Y-5.06 E646.6268
G1 X-8.69 Y-4.49 E646.6430
G1 X4.49 Y8.69 E647.1730
G1 X3.92 Y8.69 E647.1893
G1 X-8.69 Y-3.92 E647.6964
G1 X-8.69 Y-3.35 E647.7126
G1 X3.35 Y8.69 E648.1968
G1 X2.77 Y8.69 E648.2133
G1 X-8.69 Y-2.77 E648.6741
G1 X-8.69 Y-2.20 E648.6903
G1 X2.20 Y8.69 E649.1282
G1 X1.63 Y8.69 E649.1444
G1 X-8.69 Y-1.63 E649.5595
G1 X-8.69 Y-1.05 E649.5760
G1 X1.05 Y8.69 E649.9677
G1 X0.48 Y8.69 E649.9839
G1 X-8.69 Y-0.48 E650.3527
G1 X-8.69 Y0.09 E650.3689
G1 X-0.09 Y8.69 E650.7147
G1 X-0.66 Y8.69 E650.7310
G1 X-8.69 Y0.66 E651.0539
G1 X-8.69 Y1.24 E651.0704
G1 X-1.24 Y8.69 E651.3700
G1 X-1.81 Y8.69 E651.3862
G1 X-8.69 Y1.81 E651.6629
G1 X-8.69 Y2.38 E651.6791
G1 X-2.38 Y8.69 E651.9328
G1 X-2.95 Y8.69 E651.9490
G1 X-8.69 Y2.95 E652.1798
G1 X-8.69 Y3.53 E652.1963
G1 X-3.53 Y8.69 E652.4038
G1 X-4.10 Y8.69 E652.4200
G1 X-8.69 Y4.10 E652.6046
G1 X-8.69 Y4.67 E652.6208
G1 X-4.67 Y8.69 E652.7825
G1 X-5.24 Y8.69 E652.7987
G1 X-8.69 Y5.24 E652.9374
G1 X-8.69 Y5.82 E652.9539
G1 X-5.82 Y8.69 E653.0694
G1 X-6.39 Y8.69 E653.0856
G1 X-8.69 Y6.39 E653.1780
G1 X-8.69 Y6.96 E653.1943
G1 X-6.96 Y8.69 E653.2638
G1 X-7.54 Y8.69 E653.2803
G1 X-8.69 Y7.54 E653.3265
G1 X-8.69 Y8.11 E653.3428
G1 X-8.11 Y8.69 E653.3661
G1 X-8.69 Y8.68 E653.3826
;layer:0.18
G1 E653.0826
M204 S1000
G1 X9.03 Y-9.03 F4800
G1 Z20.950 F420
G1 E653.3826 F1800
;structure:shell-inner
G1 X9.03 Y-9.03 F4800
G1 X9.03 Y0.97 E653.6669 F1680
G1 X9.03 Y9.03 E653.8961 F1764
G1 X7.09 Y9.03 E653.9513
G1 X-2.91 Y9.03 E654.2357 F1848
G1 X-9.03 Y9.03 E654.4097 F1932
G1 X-9.03 Y5.15 E654.5201
G1 X-9.03 Y-4.85 E654.8044 F2016
G1 X-9.03 Y-9.03 E654.9233 F2100
G1 X9.03 Y-9.03 E655.4369
G1 E655.1369 F1800
G1 X9.43 Y-9.43 F4800
G1 E655.4369 F1800
G1 X9.43 Y-9.43 F4800
G1 X9.43 Y9.43 E655.9732 F2100
G1 X-9.43 Y9.43 E656.5095
G1 X-9.43 Y-9.43 E657.0458
G1 X9.43 Y-9.43 E657.5822
G1 E657.2821 F1800
G1 X9.83 Y-9.83 F4800
G1 E657.5822 F1800
;structure:shell-outer
G1 X9.83 Y-9.83 F4800
M204 S500
G1 X9.83 Y9.83 E658.1412 F1500
G1 X-9.83 Y9.83 E658.7003
G1 X-9.83 Y-9.83 E659.2593
G1 X9.83 Y-9.83 E659.8184
G1 E659.5184 F1800
M204 S1000
G1 X-8.30 Y-8.69 F4800
G1 E659.8184 F1800
;structure:infill-solid
G1 X-8.30 Y-8.69 F4800
M204 S500
G1 X-8.69 Y-8.30 E659.8340 F1800
G1 X-8.69 Y-7.73 E659.8502
G1 X-7.73 Y-8.69 E659.8889
G1 X-7.16 Y-8.69 E659.9051
G1 X-8.69 Y-7.16 E659.9666
G1 X-8.69 Y-6.59 E659.9828
G1 X-6.59 Y-8.69 E660.0673
G1 X-6.01 Y-8.69 E660.0837
G1 X-8.69 Y-6.01 E660.1915
G1 X-8.69 Y-5.44 E660.2077
G1 X-5.44 Y-8.69 E660.3384
G1 X-4.87 Y-8.69 E660.3546
G1 X-8.69 Y-4.87 E660.5082
G1 X-8.69 Y-4.29 E660.5247
G1 X-4.29 Y-8.69 E660.7016
G1 X-3.72 Y-8.69 E660.7178
G1 X-8.69 Y-3.72 E660.9177
G1 X-8.69 Y-3.15 E660.9339
G1 X-3.15 Y-8.69 E661.1567
G1 X-2.58 Y-8.69 E661.1729
G1 X-8.69 Y-2.58 E661.4186
G1 X-8.69 Y-2.00 E661.4351
G1 X-2.00 Y-8.69 E661.7042
G1 X-1.43 Y-8.69 E661.7204
G1 X-8.69 Y-1.43 E662.0124
G1 X-8.69 Y-0.86 E662.0286
G1 X-0.86 Y-8.69 E662.3434
G1 X-0.28 Y-8.69 E662.3599
G1 X-8.69 Y-0.28 E662.6982
G1 X-8.69 Y0.29 E662.7144
G1 X0.29 Y-8.69 E663.0755
G1 X0.86 Y-8.69 E663.0917
G1 X-8.69 Y0.86 E663.4758
G1 X-8.69 Y1.43 E663.4919
G1 X1.43 Y-8.69 E663.8989
G1 X2.01 Y-8.69 E663.9155
G1 X-8.69 Y2.01 E664.3458
G1 X-8.69 Y2.58 E664.3619
G1 X2.58 Y-8.69 E664.8152
G1 X3.15 Y-8.69 E664.8314
G1 X-8.69 Y3.15 E665.3076
G1 X-8.69 Y3.72 E665.3237
G1 X3.72 Y-8.69 E665.8228
G1 X4.30 Y-8.69 E665.8393
G1 X-8.69 Y4.30 E666.3618
G1 X-8.69 Y4.87 E666.3779
G1 X4.87 Y-8.69 E666.9233
G1 X5.44 Y-8.69 E666.9395
G1 X-8.69 Y5.44 E667.5077
G1 X-8.69 Y6.01 E667.5239
G1 X6.01 Y-8.69 E668.1151
G1 X6.59 Y-8.69 E668.1316
G1 X-8.69 Y6.59 E668.7460
G1 X-8.69 Y7.16 E668.7623
G1 X7.16 Y-8.69 E669.3997
G1 X7.73 Y-8.69 E669.4159
G1 X-8.69 Y7.73 E670.0762
G1 X-8.69 Y8.31 E670.0928
G1 X8.31 Y-8.69 E670.7764
G1 X8.69 Y-8.69 E670.7872
G1 X8.69 Y-8.50 E670.7926
G1 X-8.50 Y8.69 E671.4839
G1 X-7.93 Y8.69 E671.5001
G1 X8.69 Y-7.93 E672.1685
G1 X8.69 Y-7.35 E672.1850
G1 X-7.35 Y8.69 E672.8301
G1 X-6.78 Y8.69 E672.8463
G1 X8.69 Y-6.78 E673.4684
G1 X8.69 Y-6.21 E673.4846
G1 X-6.21 Y8.69 E674.0838
G1 X-5.64 Y8.69 E674.1000
G1 X8.69 Y-5.64 E674.6763
G1 X8.69 Y-5.06 E674.6928
G1 X-5.06 Y8.69 E675.2458
G1 X-4.49 Y8.69 E675.2620
G1 X8.69 Y-4.49 E675.7921
G1 X8.69 Y-3.92 E675.8082
G1 X-3.92 Y8.69 E676.3154
G1 X-3.34 Y8.69 E676.3318
G1 X8.69 Y-3.34 E676.8157
G1 X8.69 Y-2.77 E676.8318
G1 X-2.77 Y8.69 E677.2927
G1 X-2.20 Y8.69 E677.3090
G1 X8.69 Y-2.20 E677.7469
G1 X8.69 Y-1.63 E677.7631
G1 X-1.63 Y8.69 E678.1781
G1 X-1.05 Y8.69 E678.1946
G1 X8.69 Y-1.05 E678.5863
G1 X8.69 Y-0.48 E678.6025
G1 X-0.48 Y8.69 E678.9713
G1 X0.09 Y8.69 E678.9875
G1 X8.69 Y0.09 E679.3334
G1 X8.69 Y0.66 E679.3495
G1 X0.66 Y8.69 E679.6725
G1 X1.24 Y8.69 E679.6890
G1 X8.69 Y1.24 E679.9886
G1 X8.69 Y1.81 E680.0048
G1 X1.81 Y8.69 E680.2815
G1 X2.38 Y8.69 E680.2977
G1 X8.69 Y2.38 E680.5515
G1 X8.69 Y2.95 E680.5676
G1 X2.95 Y8.69 E680.7985
G1 X3.53 Y8.69 E680.8149
G1 X8.69 Y3.53 E681.0225
G1 X8.69 Y4.10 E681.0386
G1 X4.10 Y8.69 E681.2233
G1 X4.67 Y8.69 E681.2394
G1 X8.69 Y4.67 E681.4011
G1 X8.69 Y5.25 E681.4176
G1 X5.25 Y8.69 E681.5560
G1 X5.82 Y8.69 E681.5722
G1 X8.69 Y5.82 E681.6876
G1 X8.69 Y6.39 E681.7038
G1 X6.39 Y8.69 E681.7963
G1 X6.97 Y8.69 E681.8128
G1 X8.69 Y6.97 E681.8820
G1 X8.69 Y7.54 E681.8982
G1 X7.54 Y8.69 E681.9445
G1 X8.11 Y8.69 E681.9606
G1 X8.69 Y8.11 E681.9839
G1 X8.68 Y8.69 E682.0004
;layer:0.17
G1 E681.7004
M204 S1000
G1 X9.03 Y-9.03 F4800
G1 Z21.120 F420
G1 E682.0004 F1800
;structure:shell-inner
G1 X9.03 Y-9.03 F4800
G1 X9.03 Y0.97 E682.2690 F1680
G1 X9.03 Y9.03 E682.4855 F1764
G1 X7.09 Y9.03 E682.5376
G1 X-2.91 Y9.03 E682.8062 F1848
G1 X-9.03 Y9.03 E682.9706 F1932
G1 X-9.03 Y5.15 E683.0748
G1 X-9.03 Y-4.85 E683.3433 F2016
G1 X-9.03 Y-9.03 E683.4556 F2100
G1 X9.03 Y-9.03 E683.9406
G1 E683.6406 F1800
G1 X9.43 Y-9.43 F4800
G1 E683.9406 F1800
G1 X9.43 Y-9.43 F4800
G1 X9.43 Y9.43 E684.4472 F2100
G1 X-9.43 Y9.43 E684.9537
G1 X-9.43 Y-9.43 E685.4603
G1 X9.43 Y-9.43 E685.9669
G1 E685.6669 F1800
G1 X9.83 Y-9.83 F4800
G1 E685.9669 F1800
;structure:shell-outer
G1 X9.83 Y-9.83 F4800
M204 S500
G1 X9.83 Y9.83 E686.4949 F1500
G1 X-9.83 Y9.83 E687.0229
G1 X-9.83 Y-9.83 E687.5509
G1 X9.83 Y-9.83 E688.0789
G1 E687.7789 F1800
M204 S1000
G1 X8.69 Y-8.31 F4800
G1 E688.0789 F1800
;structure:infill-solid
G1 X8.69 Y-8.31 F4800
M204 S500
G1 X8.31 Y-8.69 E688.0933 F1800
G1 X7.73 Y-8.69 E688.1089
G1 X8.69 Y-7.73 E688.1453
G1 X8.69 Y-7.16 E688.1606
G1 X7.16 Y-8.69 E688.2188
G1 X6.59 Y-8.69 E688.2341
G1 X8.69 Y-6.59 E688.3138
G1 X8.69 Y-6.01 E688.3293
G1 X6.01 Y-8.69 E688.4312
G1 X5.44 Y-8.69 E688.4465
G1 X8.69 Y-5.44 E688.5699
G1 X8.69 Y-4.87 E688.5853
G1 X4.87 Y-8.69 E688.7303
G1 X4.30 Y-8.69 E688.7456
G1 X8.69 Y-4.30 E688.9124
G1 X8.69 Y-3.72 E688.9279
G1 X3.72 Y-8.69 E689.1167
G1 X3.15 Y-8.69 E689.1320
G1 X8.69 Y-3.15 E689.3424
G1 X8.69 Y-2.58 E689.3577
G1 X2.58 Y-8.69 E689.5898
G1 X2.01 Y-8.69 E689.6051
G1 X8.69 Y-2.01 E689.8589
G1 X8.69 Y-1.43 E689.8745
G1 X1.43 Y-8.69 E690.1502
G1 X0.86 Y-8.69 E690.1655
G1 X8.69 Y-0.86 E690.4629
G1 X8.69 Y-0.29 E690.4782
G1 X0.29 Y-8.69 E690.7972
G1 X-0.28 Y-8.69 E690.8126
G1 X8.69 Y0.28 E691.1533
G1 X8.69 Y0.86 E691.1688
G1 X-0.86 Y-8.69 E691.5316
G1 X-1.43 Y-8.69 E691.5469
G1 X8.69 Y1.43 E691.9313
G1 X8.69 Y2.00 E691.9465
G1 X-2.00 Y-8.69 E692.3525
G1 X-2.58 Y-8.69 E692.3681
G1 X8.69 Y2.58 E692.7962
G1 X8.69 Y3.15 E692.8115
G1 X-3.15 Y-8.69 E693.2612
G1 X-3.72 Y-8.69 E693.2765
G1 X8.69 Y3.72 E693.7479
G1 X8.69 Y4.29 E693.7632
G1 X-4.29 Y-8.69 E694.2562
G1 X-4.87 Y-8.69 E694.2717
G1 X8.69 Y4.87 E694.7868
G1 X8.69 Y5.44 E694.8021
G1 X-5.44 Y-8.69 E695.3388
G1 X-6.01 Y-8.69 E695.3541
G1 X8.69 Y6.01 E695.9124
G1 X8.69 Y6.59 E695.9280
G1 X-6.59 Y-8.69 E696.5084
G1 X-7.16 Y-8.69 E696.5237
G1 X8.69 Y7.16 E697.1257
G1 X8.69 Y7.73 E697.1410
G1 X-7.73 Y-8.69 E697.7647
G1 X-8.30 Y-8.69 E697.7800
G1 X8.69 Y8.30 E698.4253
G1 X8.69 Y8.69 E698.4358
G1 X8.50 Y8.69 E698.4409
G1 X-8.69 Y-8.50 E699.0939
G1 X-8.69 Y-7.93 E699.1092
G1 X7.93 Y8.69 E699.7404
G1 X7.36 Y8.69 E699.7557
G1 X-8.69 Y-7.36 E700.3654
G1 X-8.69 Y-6.78 E700.3809
G1 X6.78 Y8.69 E700.9685
G1 X6.21 Y8.69 E700.9838
G1 X-8.69 Y-6.21 E701.5497
G1 X-8.69 Y-5.64 E701.5651
G1 X5.64 Y8.69 E702.1094
G1 X5.06 Y8.69 E702.1249
G1 X-8.69 Y-5.06 E702.6472
G1 X-8.69 Y-4.49 E702.6625
G1 X4.49 Y8.69 E703.1631
G1 X3.92 Y8.69 E703.1785
G1 X-8.69 Y-3.92 E703.6573
G1 X-8.69 Y-3.35 E703.6727
G1 X3.35 Y8.69 E704.1300
G1 X2.77 Y8.69 E704.1456
G1 X-8.69 Y-2.77 E704.5808
G1 X-8.69 Y-2.20 E704.5961
G1 X2.20 Y8.69 E705.0098
G1 X1.63 Y8.69 E705.0251
G1 X-8.69 Y-1.63 E705.4171
G1 X-8.69 Y-1.05 E705.4326
G1 X1.05 Y8.69 E705.8026
G1 X0.48 Y8.69 E705.8179
G1 X-8.69 Y-0.48 E706.1662
G1 X-8.69 Y0.09 E706.1815
G1 X-0.09 Y8.69 E706.5081
G1 X-0.66 Y8.69 E706.5234
G1 X-8.69 Y0.66 E706.8284
G1 X-8.69 Y1.24 E706.8440
G1 X-1.24 Y8.69 E707.1270
G1 X-1.81 Y8.69 E707.1423
G1 X-8.69 Y1.81 E707.4036
G1 X-8.69 Y2.38 E707.4189
G1 X-2.38 Y8.69 E707.6586
G1 X-2.95 Y8.69 E707.6739
G1 X-8.69 Y2.95 E707.8918
G1 X-8.69 Y3.53 E707.9074
G1 X-3.53 Y8.69 E708.1035
G1 X-4.10 Y8.69 E708.1188
G1 X-8.69 Y4.10 E708.2931
G1 X-8.69 Y4.67 E708.3083
G1 X-4.67 Y8.69 E708.4611
G1 X-5.24 Y8.69 E708.4764
G1 X-8.69 Y5.24 E708.6074
G1 X-8.69 Y5.82 E708.6230
G1 X-5.82 Y8.69 E708.7320
G1 X-6.39 Y8.69 E708.7473
G1 X-8.69 Y6.39 E708.8347
G1 X-8.69 Y6.96 E708.8500
G1 X-6.96 Y8.69 E708.9157
G1 X-7.54 Y8.69 E708.9313
G1 X-8.69 Y7.54 E708.9749
G1 X-8.69 Y8.11 E708.9902
G1 X-8.11 Y8.69 E709.0123
G1 X-8.69 Y8.68 E709.0278
M107 T0
M107 T1
G1 E706.5278
G1 Z21.220 F420
G1 X11.31 Y8.68 F6000
;end gcode
M104 S0 T0
M140 S0 T0
G162 Z F1800
M652
G91
M18
